no,review,text_score,text_label,sarcasm,words
1,Super nice and JBL airpods thanks seller,0.6542,GOOD,,nice +2.1; thanks +1.2
2,Sobrang lakas ng sound effects grabe legit jbl sya. Salamat shopee and seller ang ganda ng binigay nyo sakin kahit na 0 ko lng syang nakuha.Order po ulit ako para makabawi naman hehe,0.9231,GOOD,,legit +2.9; Salamat +1.2; ganda +2.5; Order +1.0; ulit +1.7
3,the earbuds works good & good for 3 hrs these earbuds connect quickly w/ my other devices . Very impressive for the low price but high quality in sounds. I loveeee it !,0.9468,GOOD,,good +1.2; good +1.2; quickly +0.8; high quality +3.5; loveeee +4.5
4,the sound is very good and clear these earbuds is quick to connect,0.7343,GOOD,,good +2.7; quick +1.5
5,solid maganda ang tunog matagal malobat,0.8779,GOOD,,solid +2.3; maganda +2.5; matagal malobat +2.3
6,Ganda ng sounds matagal din malowbat Incase na malowbat siya nachacharge niya rin sarili niya,0.6486,GOOD,,Ganda +2.5; matagal din malowbat +2.3; malowbat -1.5
7,"15 mins lang lifespan , nakaka dismiya!",-0.6239,BAD,,nakaka dismiya -2.8
8,"WAG NA KAYONG BUMILI DITO SCAMMER ITO, WALANG LAMAN ANG EAR PODS NA PINA DELIVER",-0.6705,BAD,,SCAMMER -3.5
9,Parang nag tinda lang si seller ng kakanin na plastic lang nilagyan haynaku bakit ba ina allow ng shopee yungila di naman pinupulot ang pera namin dapat e value nyo din hindi yung binta lang kayo ng binta ng mga basura 😡,-0.8121,BAD,,haynaku -1.1; basura -2.2; 😡 -2.1
10,Hmm sira yung isa hindi nag chcharge ayaw dn mag on ni hindi nagrerespond ang seller ano ba yan!!,-0.6229,BAD,,sira -2.5
11,sabog yung tunog kapag naka full volume pero okay naman kapag naka medium yung volume,0.09,GOOD,,sabog -1.1; okay +1.5
12,Ang bilis ma lobat wala pang 30 minutes nag wawarning na palowbat na🤨,-0.743,BAD,,lobat -1.8; wala -1.0; palowbat -1.5
13,mali yung item pangit ng audio ambilis malowbatt minutes lang tinagal,-0.8442,BAD,,mali -1.8; pangit -2.8; malowbatt -1.5
14,hindi gumagana ang isang pods 👎,-0.7717,BAD,,hindi gumagana -2.5; 👎 -2.2
15,"tagal magcharge, bilis malowbat, hirap magconnect",-0.8402,BAD,,tagal -1.5; bilis malowbat -2.5; hirap magconnect -2.0
16,"Fake not a true product, i paid with my own money, not worth it!",-0.8108,BAD,,Fake -3.0; worth it -2.1
17,Hindi siya ma connect sa mga device ko.,-0.5106,BAD,,connect -2.3
18,the left earbuds is not working. i tried to fix it but still no sound.,-0.7845,BAD,,not working -1.3; no sound -3.6
19,"Maganda nman sna KASO Hindi lm Ang pagkakaiba ng ""purple"" sa ""pink"" 🤪 Purple Ang order q Hindi Po pink pero salamat",0.2023,GOOD,,Maganda -1.0; order +1.5; salamat +0.3
20,pag suka ko nahulog yung isa cempre diko na kinuha kasi puro suka na grabe aberya nyo,-0.5267,BAD,,aberya -2.4
21,parang nakapast forward nagmamadali yung sounds😂 very poor,-0.509,BAD,,poor -2.3
22,The one airpod is not working. I will request a refund,-0.7269,BAD,,not working -2.6; refund -1.5
23,Matagal mag connect kilangan i unforgat,-0.296,BAD,,Matagal -1.2
24,"Only one earbud function. I charged the 2 earbuds this morning at 10am since I received the parcel. It took almost 10hrs to be charged. I tested it this evening around 7pm and it disappointed me with the item. Seller, why this?",-0.5719,BAD,,disappointed -2.7
25,bat di po na gana to maam? Pangit di na gana sakin siguro fake to,-0.8316,BAD,,Pangit -2.8; fake -3.0
26,Tanginang rider Yan kinuha Yung parcel KO pinicturan Lang SA labas Ng bahay namin tangina mo rider kahh,-0.8481,BAD,,Tanginang -3.0; tangina mo -3.2
27,yung isang earpods basag yung tunig okay sana yung lakas ng quality ng tunog kaso basag yung isa,-0.8225,BAD,,basag -1.1; okay -1.0; basag -3.5
28,---------brown+black maganda ang TILA at maganda sya suotin,0.7906,GOOD,,maganda +2.5; maganda +2.5
29,very nice oka lang madaling matuyo,0.4749,GOOD,,nice +2.1
30,"Maganda ang cloth, medyo nga lang manipis pero sulit nman sa price nya.",0.7478,GOOD,,Maganda +1.2; manipis -0.6; sulit +3.8
31,"black,white&khaki maganda",0.5423,GOOD,,maganda +2.5
32,Material 8 10 9 Manipis lang sya.pero ok Naman for the price.hehe,0.1901,GOOD,,Manipis -0.8; ok +1.5
33,Black & white Good quality,0.5106,GOOD,,Good quality +2.3
34,silky texture glossy type. allgoodss and affordable 👍. Looks great,0.872,GOOD,,affordable +1.8; 👍 +2.0; great +3.1
35,very good nice 👍 I love it. SULLLIT!!!!!!,0.9675,GOOD,,good +2.7; nice +2.1; 👍 +2.5; love +3.2; SULLLIT +3.2
36,good Material good good,0.8807,GOOD,,good +2.4; good +2.4; good +2.4
37,👍👍👍 Orange and white is good 👍👍👍Looking young 👍👍👍,0.9825,GOOD,,👍 +2.0; 👍 +2.0; 👍 +2.0; good +2.4; 👍 +2.0; 👍 +2.0; 👍 +2.0; 👍 +2.0; 👍 +2.0; 👍 +2.0
38,correct color pwede na,0.0,NEUTRAL,,
39,goods nice Sure,0.7003,GOOD,,goods +2.0; nice +1.8
40,good nice,0.7351,GOOD,,good +2.4; nice +1.8
41,quality goods,0.4588,GOOD,,goods +2.0
42,nice the color s prjdvjznxncks x bcbxks dkdc,0.4215,GOOD,,nice +1.8
43,good good,0.7783,GOOD,,good +2.4; good +2.4
44,goods na goods apakasulit Ng tela,0.8126,GOOD,,goods na goods +2.5; apakasulit +2.9
45,good polyster,0.5267,GOOD,,good +2.4
46,nice ang gnda true size and quality tx seller,0.847,GOOD,,nice +1.8; gnda +2.7; true size +1.7
47,10/10 10+/10,0.7906,GOOD,,10/10 +2.5; 10+/10 +2.5
48,Tama Ang dumating maganda,0.6705,GOOD,,Tama +1.0; maganda +2.5
49,color black at light brown Okiee Po sana Yung TILA Kaso Hindi Po naka lagay sa plastic,-0.4588,BAD,,Okiee -2.0
50,Very good seller and rider,0.5705,GOOD,,good +2.7
51,"match naman yung color na pinili ko maganda yung design niya simple lang Legit maganda yung tela, ang smooth sa balat",0.9231,GOOD,,maganda +2.5; Legit +2.5; maganda +2.5; smooth +1.8
52,ayuss sya palamig Ang TILA nya,0.4215,GOOD,,ayuss +1.8
53,nice color 9/9 Medyo manipis pla pro ok nman sa price,0.7227,GOOD,,nice +1.8; manipis -1.2; ok +1.0; 9/9 +2.5
54,10/10,0.5423,GOOD,,10/10 +2.5
55,nagustahan ko ang kanyang kulay kasi sakto ang dumating sobrang nipis pala nya pero ok na din sa presyo,0.481,GOOD,,nagustahan +1.1; sakto +0.4; nipis -0.9; ok +1.5
56,Legit at maganda Ang kalidad,0.7906,GOOD,,Legit +2.5; maganda +2.5
57,good maganda ang tela,0.7845,GOOD,,good +2.4; maganda +2.5
58,true color,0.3612,GOOD,,true color +1.5
59,Napakaganda ng tila niya,0.5994,GOOD,,Napakaganda +2.9
60,Sulit ang ibinayad ko..👍👍👍 Thank you!!,0.9335,GOOD,,Sulit +2.5; 👍 +2.0; 👍 +2.0; 👍 +2.0; Thank +1.0
61,good,0.5267,GOOD,,good +2.4
62,maganda,0.5423,GOOD,,maganda +2.5
63,nice Very good,0.7704,GOOD,,nice +1.8; good +2.9
64,Dry fit Pala Ang clothes piro maganda na din,0.5423,GOOD,,maganda +2.5
65,goods naman kaso akala ko cotton material polyester pala ampanget neto pag pinawisan,-0.6369,BAD,,goods +1.0; ampanget -4.2
66,Super nice,0.4854,GOOD,,nice +2.1
67,tama.un.color.but un.items.sabe.buy one take.one. but isa.lng dumating??,0.25,GOOD,,tama +1.0
68,"Buti nalang isa lang inorder ko,kpanget ng tela mainit",-0.7184,BAD,,kpanget -2.8; mainit -1.2
69,Ang pangit ng tela🥺🥺 Kala ko ok sya para lang syang Manipis na tela na madaling mapunit,-0.836,BAD,,pangit -2.8; ok +1.0; Manipis -1.5; madaling mapunit -2.6
70,"ok just ok Material not good for me Not worth the price,",-0.3085,BAD,,ok +1.0; ok +1.0; good -1.8; worth -1.5
71,Dli liger Kay small na abot Sako Large unta akong order,0.25,GOOD,,order +1.0
72,"Manipis, parang ordinary T-shirt lang. malayo sa advertisement nila...",-0.6908,BAD,,Manipis -1.5; malayo sa advertisement -2.2
73,tama kulay sobrang nipis,-0.2144,BAD,,tama +1.0; nipis -1.9
74,I did not received the item Delivered not received,-0.7906,BAD,,did not received -2.5; not received -2.5
75,same color manipis,-0.3612,BAD,,manipis -1.5
76,Pangit Yung tela,-0.5859,BAD,,Pangit -2.8
77,2/10,-0.5423,BAD,,2/10 -2.5
78,Quality is not what in the picture,-0.5106,BAD,,not what in the picture -2.3
79,manipis yung tila,-0.3612,BAD,,manipis -1.5
80,law ay..,0.0,NEUTRAL,,
81,Ang nipis ng tela,-0.3612,BAD,,nipis -1.5
82,nice maganda naman Maganda sana kasi yung tela manipis,-0.25,BAD,,nice +0.9; maganda +1.4; Maganda -1.0; manipis -2.2
83,Good quality 👌 maganda ang print at tela maginhawa s katawan Fast delivery! Thank you seller and rider 👍,0.9312,GOOD,,Good quality +2.3; maganda +2.5; Fast +1.8; Thank +1.0; 👍 +2.0
84,khaki ndi same ung package like sa picture medyo naka disappoint,-0.7061,BAD,,ndi same -1.8; disappoint -2.1
85,10/10,0.5423,GOOD,,10/10 +2.5
86,5/10The phone runs smoothly even during heavy gaming sessions Smooth scrolling and vibrant colors make it enjoto use Build The build feels premium and solid in hand maganda ang phone very smooth na gustu han ng anak ko,0.9134,GOOD,,Smooth +1.8; solid +2.3; maganda +2.5; smooth +2.1
87,"Solid performance; definitely can multitask and can do heavy gaming fr (tried playing where winds meet and it can!!) Product Feels premium (even yung free case haha), wanted to get the black one first pero ang ganda rin ng color blue!! definitely worth the risk and money haha sobrang kaba pa mag-order nito online kasi very pricey (pero super worth it sa specs na ng phone). a huge phone upgrade from my itel s23 to this phone (may features din siya na magmumukha siyang iphone haha). recommended din na update kaagad para ma-optimized yung system and debloat para iwas sa unnecessary ads (YT tutorials can help you with this).",0.9528,GOOD,,Solid +1.1; ganda +1.2; worth +1.0; pricey -0.9; worth it +4.7; recommended +3.8
88,"The device delivers flagship-level performance. Demanding games such as ZZZ and NTE run smoothly, maintaining stable frame rates without noticeable lag or frame drops. The screen is bright, vibrant, and highly detailed, making photos, videos, and everyday use enjoyable. Its 120Hz refresh rate provides fluid animations and responsive scrolling throughout the system. Build Construction feels sturdy and premium, comparable to much more expensive devices. The matte back panel enhances grip and aesthetics, while the display comes with a pre-installed protective film for added convenience. Security & The ultrasonic fingerprint scanner is quick and reliable, unlocking the device almost instantly. Powered by the MediaTek Dimensity 9500s, the phone achieved an impressive 2,245,440 score in AnTuTu benchmarking. Navigation, multitasking, and app switching remain consistently smooth. Additional highlights include IP69 and IP69K water and dust resistance, eSIM support, and excellent gaming capabilities. Considering its price segment, it offers outstanding value by combining strong performance, premium design, useful features, and dependable durability. This is an excellent all-around smartphone that balances power, display quality, durability, and affordability. It stands out as one of the best value-for-money options in its class.",0.9643,GOOD,,responsive +1.2; quick +1.5; smooth +1.8; excellent +3.2; excellent +3.2; best +3.2
89,"a beast in performance simply lovely, the 9500s rivals that of the 8 elite(gen4) but half the price. Product The frame is metal it feels very premium, the back is very good too. buttons feel crisps and the screen is simple flagship level with those things bezels. Simply the most bang for your buck phone/gaming phone at the moment, camera is decent nothing ground breaking, but what you're really paying for is performance and build quality this phone simply is above all competition at it's price range. My first phone ordered off shoppe and it didn't disappoint thanks to poco as well.",0.735,GOOD,,good +1.3; disappoint +2.5; thanks +0.3
90,"Very Smooth Product the Design is sleek, very good! Super Sulit, Get mine for almost 17300, highest variant. Im very happy I chose thus phone .Super worth it specialy yung battery nya. Ang kunat ng battery. Maganda ang design.",0.9737,GOOD,,Smooth +2.1; good +2.7; Sulit +2.9; happy +3.0; worth it +3.1; Maganda +2.5
91,Dimensity CPU 120hz Build superb quality Delivered fast and very well-packed. The item is correct and works perfectly. The quality is excellent for the price. Highly recommended and very sulit!,0.9391,GOOD,,fast +1.8; excellent +3.2; recommended +2.5; sulit +2.8
92,"Product Top-notch User-friendly Crystal clear Absolutely impressed with both the product and the service! The packaging was neat, strong, and carefully prepared, making sure the X7 Pro 5G Global Version arrived safely. The seller’s professionalism and attention to detail were outstanding. The phone is powerful, stylish, and performs flawlessly. Without hesitation, I would recommend this to my relatives, friends, and anyone searching for an amazing smartphone.",0.8977,GOOD,,User-friendly +2.2; recommend +2.2; amazing +3.2
93,"Outstanding quality Product Premium quality Superior nice Everything about this purchase deserves five stars! The packaging was secure, clean, and professionally done, showing the seller truly cares about customer satisfaction. The X7 Pro 5G performs smoothly with impressive speed and storage capacity. The service was exceptional from start to finish, and I’m grateful for such a positive experience. Highly recommended, and I’ll definitely tell my family and friends about it.",0.8553,GOOD,,nice +1.8; clean +1.8; recommended +2.5
94,"Stable performance Product Excellent customer service Quick delivery From the moment I placed the order until the package arrived, everything was perfect. The X7 Pro 5G (8GB+256GB) was packed with great care, and the delivery was fast. Customer support was excellent and answered every question politely. The phone exceeded all my expectations in speed and performance. I’m very satisfied and will definitely recommend this product and seller to my family and close friends.",0.9841,GOOD,,Excellent +3.2; Quick +1.5; order +1.0; perfect +3.0; great +3.1; fast +1.8; excellent +3.2; satisfied +2.5; recommend +2.2
95,"High-quality Exceptional craftsmanship Product Solid build A fantastic buying experience from beginning to end! The X7 Pro 5G (Dimensity 8400-Ultra) was delivered quickly and packaged so well that it arrived in perfect condition. The seller’s customer service was responsive, friendly, and reliable. The phone is powerful, beautiful, and easy to use. I’m extremely satisfied and will confidently recommend this product to everyone around me, especially my family and friends.",0.9804,GOOD,,Solid +2.3; buying +1.5; quickly +1.5; perfect +3.0; responsive +1.2; friendly +2.0; beautiful +2.7; satisfied +2.6; recommend +2.2
96,"100% legit 100% legit Product 100% legit Outstanding product and outstanding seller! The X7 Pro 5G Global Version was carefully packaged with great attention to detail, ensuring everything arrived safely and in perfect condition. The seller offered excellent service with clear communication and fast delivery. The phone is smooth, powerful, and an incredible value for the price. I’m beyond satisfied and will enthusiastically recommend it to my family, friends, and anyone looking for a dependable smartphone. ⭐⭐⭐⭐⭐",0.9883,GOOD,,legit +2.5; legit +2.5; legit +2.5; great +3.1; perfect +3.0; excellent +3.2; fast +1.8; smooth +1.8; satisfied +2.2; recommend +2.2
97,"Product 10/10 10/10 10/10 I rarely leave reviews, but this purchase truly deserves one. The X7 Pro 5G exceeded my expectations in every way. The packaging was incredibly secure, the shipping was fast, and the customer service was attentive and professional. The phone runs flawlessly and feels premium in every aspect. I highly recommend both the seller and this amazing smartphone to all my friends and family.",0.9783,GOOD,,fast +2.7; recommend +3.3; amazing +4.8; 10/10 +2.5; 10/10 +2.5; 10/10 +2.5
98,"Good quality tablet, cheap price, very easy to use, bought for children, works well, watching movies and listening to music is fun, recommend it, will stop by and buy another device The store also offers very good service for anyone who wants to have a good quality tablet. The price is tangible, I recommend you to buy and use it.",0.9493,GOOD,,Good quality +2.3; recommend +2.2; good +2.7; good quality +2.3; recommend +2.2
99,"Good quality tablet, cheap price, very easy to use, bought for children, works well, watching movies and listening to music is fun, recommend it, will stop by and buy another device The store also offers very good service for anyone who wants to have a good quality tablet. The price is tangible, I recommend you to buy and use it.😊😊😊",0.9769,GOOD,,Good quality +2.3; recommend +2.2; good +2.7; good quality +2.3; recommend +2.2; 😊 +2.0; 😊 +2.0; 😊 +2.0
100,1. The package is intact and high-end; 2. Exquisite workmanship and comfortable wearing; 3. Friendly interface and full color; 4. Sensitive and powerful; 5. Easy operation and clear communication.,0.7184,GOOD,,comfortable +2.0; Friendly +2.0
101,"First of all, the style is very beautiful, the appearance is very good, and it is so high-end atmosphere. The boot is fast, not sluggish at all, it runs very well, and the performance is very strong. The display screen is also large enough, the screen is clear and saturated, the screen is very good,",0.9345,GOOD,,beautiful +3.0; good +2.7; fast +1.8; good +2.7
102,The assorted colours look vibrant and match. The shorts look good and fit well. Maganda to pati design at kulay nagustuhan ng anak ko order p daw sya ibang design hopefully sana may pand 7years old din.,0.9349,GOOD,,good +2.4; fit well +2.0; Maganda +2.5; nagustuhan +2.3; order +1.0
103,"What you see is what you get, sulit ang presyu sa quality NG shorts❤️",0.7906,GOOD,,sulit +2.5; ❤ +2.5
104,10/10 Material Good assorted Thanks po kuya rider,0.8442,GOOD,,Good +2.4; Thanks +1.2; 10/10 +2.5
105,"Ang ganda ganda Material Hindi Siya manipis ang Ganda nya Nag order ako ulit Kase ang bilis naubos hehe , sana tatlong white at dalawang black hehe🥰",0.9438,GOOD,,ganda +1.2; ganda +1.2; manipis +0.6; Ganda +1.2; order +0.5; ulit +0.8; bilis +0.9; 🥰 +4.5
106,assorted colors good and fit me well Material 10/10 Thank u seller ❤️ sa magandang products niyo order ako sa susunod na order ko,0.9559,GOOD,,good +2.4; fit me well +2.2; Thank +1.0; ❤ +2.5; order +1.0; order +1.0; 10/10 +2.5
107,asstd good Material good,0.7783,GOOD,,good +2.4; good +2.4
108,good ok Nice,0.802,GOOD,,good +2.4; ok +1.0; Nice +1.8
109,assorted colors and look good fits well,0.7506,GOOD,,good +2.4; fits well +2.0
110,assorted Ganda po ubos binta ko Nagustohan Ng customer ko,0.5423,GOOD,,Ganda +2.5
111,"goods goods Maganda Ang short nagustohan nag partner ko, sakto lng sa kanya magaganda Rin Ang mga color",0.9153,GOOD,,goods +2.0; goods +2.0; Maganda +2.5; magaganda +2.3
112,assorted mganda . hindi sya masyadong manipis hindi rin makapal ty,0.4497,GOOD,,mganda +2.5; manipis -1.8; ty +1.2
113,maganda ka naubos nga kaagad ang dating po.thank you sieler,0.6705,GOOD,,maganda +2.5; thank +1.0
114,"Material 10 10 10 Perfect lahatt, makapal at mura",0.7579,GOOD,,Perfect +3.0; mura +1.5
115,Material 85% 85% 85% Ok namn nagustuhan Ng pamangkin ko,0.6486,GOOD,,Ok +1.0; nagustuhan +2.3
116,ok na ok maganda na short Salamat sa rider,0.8481,GOOD,,ok na ok +2.5; maganda +2.5; Salamat +1.2
117,ganda po bili na kayo,0.5423,GOOD,,ganda +2.5
118,good good Good,0.8807,GOOD,,good +2.4; good +2.4; Good +2.4
119,"6colors yellow,green, blue,black,red,dark green, light blue",0.0,NEUTRAL,,
120,"Watch see is wag u gets, gaganda ng design at manipis lang ung tela nya, tsaka ung size nya pang bata lang kasya.",0.2023,GOOD,,gaganda +2.3; manipis -1.5
121,"Your device is trying to connect to the internet without a promo. Reply with 1 to continue browsing at P5/500MB (valid for 1 hour), or 2 to register to Go59 and get 5GB (valid for 3 days).",0.0,NEUTRAL,,
122,nice color manipis bagay ngayong mainit ang panahon,0.4195,GOOD,,nice +1.8; manipis -1.7; bagay +1.7
123,super Ganda niya thank you seller muwa,0.7323,GOOD,,Ganda +2.9; thank +1.3
124,nuce good,0.7506,GOOD,,nuce +1.8; good +2.6
125,nice good,0.7506,GOOD,,nice +1.8; good +2.6
126,maganda na gustohan ko,0.5423,GOOD,,maganda +2.5
127,nice and great,0.7958,GOOD,,nice +1.8; great +3.3
128,okay naman ma liit sya pang bata lang,-0.128,BAD,,okay +1.0; ma liit -1.5
129,all goods,0.4588,GOOD,,goods +2.0
130,Manipis lang Pala ...pero salamat pa din,-0.0772,BAD,,Manipis -1.5; salamat +1.2
131,good's,0.4588,GOOD,,good's +2.0
132,Good item,0.5267,GOOD,,Good +2.4
133,Sakto sa anak ko. Presko kasi di siya makapal.,0.5106,GOOD,,Sakto +0.8; Presko +1.5
134,assorted too small,-0.4588,BAD,,too small -2.0
135,assorted good 👍😊 Thanks seller medyo maexsi lng an tella pero ayos naren po 💙🙏,0.882,GOOD,,good +1.2; 👍 +1.0; 😊 +1.0; Thanks +0.6; ayos +2.7; 🙏 +0.8
136,the assorted colors look vibrant and match well the shorts look good and fits well Ang Ganda ng product na to sakto lang Ang kasal Hindi rin manipis bagay sa mga binata at Hindi sya mahaba,0.9261,GOOD,,good +2.4; fits well +2.0; Ganda +2.5; manipis +1.1; bagay +1.5
137,ok naman kayalang medo maiksi Pala sya gamitin nalang Kong mainit ang panahon,-0.2323,BAD,,ok +0.5; maiksi -1.4
138,assorted good Maganda ang tela at mapreskong suotin,0.7845,GOOD,,good +2.4; Maganda +2.5
139,Ganda po Ng tela hndi kana ma lulugi sa binyad mo good quality,0.7783,GOOD,,Ganda +2.5; good quality +2.3
140,assorted colour and matches what i expected the shorts are good and fit well on me Received my order well packed salamat seller at Kay kuyang rider,0.8625,GOOD,,good +2.4; fit well +2.0; order +1.0; salamat +1.2
141,10 10 Thank u seller and sa rider Ang bilis lng dumating..subrang na gustuhan Ng anak q order ulit ako...thank u,0.8591,GOOD,,Thank +1.0; bilis +1.8; order +1.0; ulit +1.7; thank +1.0
142,the colour selection is assorted and matches what I expected the shorts look good and well fit on me Ang Ganda talaga Legit na legit ... Kasyang kasya,0.9524,GOOD,,good +2.4; well fit +2.0; Ganda +2.5; Legit na legit +3.2; Kasyang kasya +2.0
143,Thank you. :),0.6124,GOOD,,Thank +1.0; :) +2.0
144,"Product Good Fair enough Maganda sana ung quality ng item kaso, hindi fit na fit, hindi malapat yung screen ng case sa screen ng relo so ayon d na ta-touch pag naka lagay yung case! sayang lang tagal pa nmn dumating gawa ng galing pang china.",-0.9434,BAD,,Good +1.2; Maganda -1.0; fit na fit -2.2; malapat -3.5; sayang -3.0; tagal -2.2
145,1 Product 1 Very poor to large from my watch..,-0.509,BAD,,poor -2.3
146,it did not fit on my smartwatch as expected... sakto naman yung binigay na size pero maganda 😍😍😍 sayang itatapon ko lang din kaagad diko din magagamit,0.9331,GOOD,,fit -1.1; sakto +0.4; maganda +3.8; 😍 +4.5; 😍 +4.5; 😍 +4.5; sayang -3.0; magagamit -3.5
147,Fair hindi sya kasya sa Ultra T20 model.,-0.5106,BAD,,kasya -2.3
148,Kakadating lang ng nya.. ayun na test ko.. kaso d sya fit dun sa iwatch ultrat900 49mm ko.. ewan tama naman yung sukat d lang talaga fit naka angat.. sayang lang pera ko.. ayun may gasgas yung iwatch kaya d ko na pinilet d kase lapat e. Masisira lang,-0.9676,BAD,,fit -3.5; tama +1.5; fit -3.5; sayang -3.0; gasgas -3.0; lapat -3.5
149,Product good good Pero hindi sya sakto d ko nagamit,-0.4475,BAD,,good +1.2; good +1.2; sakto -0.9; nagamit -3.5
150,not value for money sayang lang di magagamit makapal sya at mukhang matibay Product Hindi sya fit sa 49mm watch ko maliit sya Disappointed Ako sayang lang sa Pera Hindi nmn magagamit,-0.9545,BAD,,sayang -2.0; magagamit -2.3; matibay +2.2; fit -2.3; maliit -1.0; Disappointed -2.7; sayang -2.0; magagamit -2.3
151,Product 0 0 0 Not as advertised. Does not fit,-0.765,BAD,,Not as advertised -2.3; fit -2.3
152,mat a gal na ng Du mat ing late na nakapag review sa in is tama talaga yung may nag review dito hindi talaga ito k as y a sa 49 MM misleading sayang pera,-0.8225,BAD,,late -1.5; tama +1.0; misleading -2.3; sayang pera -2.8
153,"di po sya ok not good item sayng pera ko, di pla sya kasya sa smart watch ko na ultra T900 49mm kaya nga ako ng order sa store na ito dhl yan ang discription doon na.tempered glass case compatible with apple watch ultra, bkit gnun ayw mgkasya.. sa smart watch ko, sna marefund pra di sayang ang pera at para mgamit ang item na inoorder ko🥺😔 un lng ang concern ko..",-0.5003,BAD,,ok -0.4; good -0.9; sayng pera -1.4; kasya -1.1; order +0.5; mgkasya -1.1; sayang +2.2
154,Hindi makasya sa relo ko. Tama nman pinili ko 49mm,-0.3182,BAD,,makasya -2.3; Tama +1.0
155,good good Product good Ok naman sya maganda at mukhang matibay kaso lang d sya fit sa watch ng anak ko d kna pinilit kasi baka masira pa yung watch.. sayang pera d naman pala kasya sobrang sikip at naka angat sa kabilang side..🤧,-0.9374,BAD,,good +1.2; good +1.2; good +1.2; Ok +0.5; maganda +1.2; matibay +1.1; fit -3.5; masira -3.8; sayang pera -4.2; kasya -3.5; sikip -2.0
156,Product not worth waste of money not available easily broken its because not fit to 49mm in which indicated before placing my order unlike others reviews i dont recommend this shop,-0.9326,BAD,,worth -1.5; waste of money -3.0; broken -2.6; fit -2.3; order +1.0; recommend -1.6
157,"INCORRECT SIZE Waste of MONEY Product BAD Seller unresponsive Sent wrong size Buti nlang dalawa lang binili planning to buy pa nman sana lahat ng kulay. Ok lang manloko basta magka pera, makabenta! A BIG NO SA STORE AT SELLER!!!",-0.9658,BAD,,INCORRECT SIZE -3.0; Waste of MONEY -3.0; BAD -3.2; unresponsive -2.0; wrong size -2.0
158,Wag kayong bumili baka ma scam kayo bago lang ito ay nabasag na wala pa ako nakaka gamit at tsaka hindi ito pantay?,-0.7757,BAD,,scam -2.5; nabasag -1.6; wala -0.7
159,Touch screen not working when installed. Useless. Hindi gumagana touch screen pag install. useless.,-0.9442,BAD,,not working -2.6; Useless -3.0; Hindi gumagana -2.5; useless -3.0
160,1/10 Product 1/10 1/10 The item doesn’t fit the watch.,-0.93,BAD,,fit -2.3; 1/10 -2.5; 1/10 -2.5; 1/10 -2.5
161,not good Product poor waisting,-0.8306,BAD,,good -1.8; poor -2.0; waisting -2.0
162,"It doesn't fit into my smartwatch [ DO NOT RECOMMEND THIS PRODUCT!!! ] counterfeit product plus when i attached it into my smartwatch i can't use touchscreen anymore because the case won't even fit, waste of money!",-0.9635,BAD,,fit -2.3; RECOMMEND -2.2; counterfeit -3.0; fit -2.3; waste of money -3.0
163,"waste of money Product good quality but it does not fit 49mm..it doesn't fit..what a waste of money! Matagal na ngang dumating, hindi pa fit, nasira nalang pagpilit ko. Tsk tsk..",-0.9837,BAD,,waste of money -1.5; good quality +1.1; fit -3.5; fit -3.5; waste of money -4.5; Matagal -1.8; fit -3.5; nasira -3.9
164,di kayo nakakatawa..sinayang nio lng pera ko at effort nio..,-0.5106,BAD,,sinayang -2.3
165,"wala Product pwede na hindi hindi magkasya sa relo ko,pareho naman ng size pero hindi parin magkasya kaya ayon nasira ang tempered glass",-0.9186,BAD,,wala -0.5; magkasya -1.1; magkasya -3.5; nasira -3.9
166,Waste of money HINDI FIT SA WATCH Ko KAKA SAD NMAN,-0.8868,BAD,,Waste of money -3.0; FIT -2.3; SAD -2.1
167,didn't fit for my smart watch Product I never used because it didn't fit for my watch wasted if money,-0.872,BAD,,fit -2.3; fit -2.3; wasted -2.3
168,D kasya sa relo Sayang pera Product Maganda Sana kaso maliit 49mm naman order,-0.6757,BAD,,kasya -1.1; Sayang pera -1.4; Maganda -1.0; maliit -1.5; order +1.5
169,Kulang ng isang case wala ung kulay pula mganda na sana kaso kulang binigay,-0.7579,BAD,,Kulang -0.8; wala -0.5; mganda -1.0; kulang -2.2
170,"unfit Product very poor Basag, yung dineliver sa akin sayang ang pera... Sad, 🥴im disappointed.. No good talaga...",-0.9684,BAD,,unfit -2.3; poor -2.3; Basag -2.6; sayang -2.0; Sad -1.4; disappointed -2.7; good -1.8
171,it didn't fit to my 49 mm smart watch good but not fit so I just wasted my money for it..,-0.8784,BAD,,fit -1.1; good +1.2; fit -3.5; wasted -3.7
172,"The product does not fit my smartwatch. I bought the right size though, 49mm.",-0.5106,BAD,,fit -2.3
173,not good good pero Hindi gumagana Product good but not working Hindi gumagana pag pipindutin mo not good,-0.9331,BAD,,good -0.9; good +1.2; Hindi gumagana -1.2; good +1.2; not working -3.9; Hindi gumagana -3.8; good -2.7
174,Product hindi kasya...ok sna kung flexible huhuhuh,-0.743,BAD,,kasya -2.3; ok -2.0
175,kasya naman sya sa Ultra watch ko 49mm pero di mo mapindot ang touch screen di sya nalapat sa screen niya,-0.872,BAD,,mapindot -3.5; nalapat -3.5
176,never again hindi sakto/fit yung tempered sa watch ko,-0.5983,BAD,,sakto -0.6; fit -2.3
177,i ordered 49mm for my smart watch and it doesn't f*ckn fit! trash plastic Dont even think of buying from this store,-0.7263,BAD,,fit -2.3; trash -3.0; buying +1.5
178,waste of money Product small size Wag na kayo bumili kung Ang relo nyo ay size 49mm dahil Hindi sya fit sayang lang pera Kase d nmn magagamit,-0.9274,BAD,,waste of money -3.0; fit -2.3; sayang -2.0; magagamit -2.3
179,WASTE MONEY DI KASYA SA SMART WATCH KO SAYANG PERA,-0.8979,BAD,,WASTE MONEY -2.8; KASYA -2.3; SAYANG PERA -2.8
180,none Product poor quality waste of money the water was traped between the tempered glass and watch!,-0.8439,BAD,,poor quality -2.8; waste of money -3.0
181,"d kasya T900 49mm tama naman inorder ko, sayang pera",-0.7269,BAD,,kasya -2.3; tama +1.0; sayang pera -2.8
182,Di kasya,-0.5106,BAD,,kasya -2.3
183,Product hindi fit wasted money,-0.0588,BAD,,fit -2.3; wasted money +2.1
184,Makadissapoint ang niabot 49mm akung watch pero dili mao ang size niabot,-0.5719,BAD,,Makadissapoint -2.7
185,Malaki po ung napadala hnd fit ok na sana kaso hnd ko Rin magamit,-0.8225,BAD,,fit -1.1; ok -1.0; magamit -3.5
186,Product not good silicon not good Halos kakahating buwan dumating tpos hindi p fit 😤😤,-0.9281,BAD,,good -1.8; good -1.8; fit -2.3; 😤 -1.9; 😤 -1.9
187,Hindi po pumasok sa 49mm nakakainis sayang ang pera,-0.8689,BAD,,pumasok -2.3; nakakainis -2.5; sayang -2.0
188,"Good quality but it doesn't fit, i dunno why but ty seller",-0.4588,BAD,,Good quality +1.1; fit -3.5; ty +0.3
189,Product not fit for my 49mm kahit anong gawin di talaga mag kasya,-0.765,BAD,,fit -2.3; kasya -2.3
190,Product Hindi Tama maliit siya.ok na sana kaso maliit talga,-0.6564,BAD,,Tama -0.4; maliit -0.5; ok -1.0; maliit -1.5
191,Mali size jusme !! Dlwa pa order ko sna chinecheck muna baqo ideliver!!! Makabenta lng e tsk,-0.453,BAD,,Mali -1.8; order +1.0
192,it did not fit on my watch plastic Hindi kasya kahit same unit 49mm d parin kasya,-0.872,BAD,,fit -2.3; kasya -2.3; kasya -2.3
193,not good Product not size its too small nothing 👎👎👎,-0.9369,BAD,,good -1.8; too small -2.0; 👎 -2.2; 👎 -2.2; 👎 -2.2
194,bad Product bad bad So bad...,-0.9349,BAD,,bad -2.5; bad -2.5; bad -2.5; bad -2.7
195,Doesn't fit and return refund is quite a hassle so i wont do it,-0.8834,BAD,,fit -2.3; return -1.5; refund -1.5; hassle -2.0
196,"Di mag kasya sa watch ko, nabasag lang yung screen nung paglagay ko 🫤",-0.765,BAD,,kasya -2.3; nabasag -2.3
197,the size of the Smartwatch was 49mm the same as what I had ordered but it doesn't fit at all. I was disappointed.,-0.8885,BAD,,fit -3.5; disappointed -4.0
198,Waste of money... Does not fit my watch too tight does not match....,-0.8834,BAD,,Waste of money -3.0; fit -2.3; too tight -2.0
199,Size do not match. I ordered size 49mm but it does not fit my 49mm watch.,-0.6652,BAD,,fit -3.5
200,Wrong color!!!!!!! Tapos di pa fit sa smartwatch ko!!!!!!!!!!!!,-0.8302,BAD,,Wrong color -2.3; fit -2.3
201,not match to the item i order anyways i prepare not to returned or refund it.. waste of time,-0.6124,BAD,,order +1.0; refund -1.5; waste -2.5
202,it didnt fit ayaw talaga kahit anong pilit ko hayyss sayang,-0.4588,BAD,,sayang -2.0
203,"Hindi kasya sa size nang relo., sana ma refund ni sseller or mapalitan nang bago",-0.6597,BAD,,kasya -1.1; refund -2.2
204,"Hindi siya fit sa 49mm na watch, nung nilagay ko siya bigla na lang nag crack napaka fragile",-0.5106,BAD,,fit -2.3
205,1/10 1/10 Product Hindi kasya sa relo kahit saktong size yung nakalagay. Ang sayang talaga nang dating tempered glass nito na natanggal na!!! Ang tagal kong naghihintay nito pero pagdating ang pangit talaga kaai di kasya. Dapat ma refund ito!!!,-0.9798,BAD,,kasya -1.1; sayang -1.0; tagal -0.8; pangit -4.2; kasya -3.5; refund -2.2; 1/10 -2.5; 1/10 -2.5
206,Wasting of money to be honest Product Incorrect Size (49mm yung watch ko at pinili ko na cover is 49mm then pero bakit hindi kasya? 👎 To be honest i am excited for my smart watch case but it is not fit kahit 49mm na case yes po kasya siya pero uneven po yung pagka kasya niya kaya po sa inorder ko na 2 ang isa po ay nasira ko kasi sa kaka push ko na sana magkasya,-0.9092,BAD,,Wasting -0.7; Incorrect Size -0.8; kasya -0.8; 👎 -1.1; fit -1.1; nasira -3.9
207,"Good quality but it does not fit my 49mm watch Product Very Good be wary on purchasing this, it may or it may not be compatible to your 49mm watch",0.4088,GOOD,,Good quality +1.1; fit -3.5; Good +4.0
208,sayang pera Product not good Maganda sana kaso di kasya sa watch ultra 2 same lang naman 49mm😒😒🙄🤫,-0.9527,BAD,,sayang pera -1.4; good -0.9; Maganda -1.0; kasya -3.5; 😒 -2.7; 😒 -2.7
209,Ano to? sagad naba re maryosep 🤦🏽‍♀️👎🏽,-0.4939,BAD,,👎 -2.2
210,It did not fit to my smart watch,-0.5106,BAD,,fit -2.3
211,Di po sya fit sa watch ko nakaangat po sya. 🥺,-0.5106,BAD,,fit -2.3
212,Subrang laki ng casesing ng watch ko,0.0,NEUTRAL,,
213,Product not fit,-0.5106,BAD,,fit -2.3
214,it didn't fit my smartwatch hystt,-0.5106,BAD,,fit -2.3
215,hindi fit pangit,-0.0588,BAD,,fit -2.3; pangit +2.1
216,0 0,0.0,NEUTRAL,,
217,mganda,0.5423,GOOD,,mganda +2.5
218,hindi sya fit sa 49mm,-0.5106,BAD,,fit -2.3
219,hindi fit sa 49mm sinungaling!,-0.5562,BAD,,fit -2.3
220,Bakit ganon di magkasya Tama Naman Ang order,-0.466,BAD,,magkasya -2.3; Tama -0.7; order +1.0
221,𝘥𝘪 𝘴𝘺𝘢 𝘬𝘢𝘴𝘺𝘢 𝘥𝘪 𝘧𝘪𝘵 𝘴𝘢𝘺𝘢𝘯𝘨 𝘭𝘢𝘯𝘨 𝘮𝘰𝘯𝘦𝘺...,0.0,NEUTRAL,,
222,Not Good,-0.4168,BAD,,Good -1.8
223,not fit,-0.5106,BAD,,fit -2.3
224,Not fir to my smart phone,0.0,NEUTRAL,,
225,hindi sya fit,-0.5106,BAD,,fit -2.3
226,"Material 8.5/10 10/10 10/10 I really liked how it has alot of capacity, i also like how it looks soo yea! I reccomend buying this!",0.9488,GOOD,,liked +2.0; buying +1.5; 8.5/10 +2.5; 10/10 +2.5; 10/10 +2.5
227,black very good Material very good Ang Ganda nang item bukod sa maganda ay sobrang sulit Ang presyo at Ang bilis pa dumating salamat seller di talaga akuh nagkamali mag order sa shop nyo,0.9764,GOOD,,good +2.7; good +2.7; Ganda +2.8; maganda +2.5; sulit +2.9; bilis +1.8; salamat +1.2; order +1.0
228,"good Material 💯 blue 💙 Grabi Ang ganda, makapal siya Di ka magsisi legit Ang store na to salamat seller at Kay kuya rider.. salamat shoppe, I will buy again, again and again...",0.899,GOOD,,good +2.4; 💯 +2.5; ganda +2.5; legit -1.9; salamat +1.2; salamat +1.2
229,nice good Material durable So far so good. Okay naman sya at maganda yung kulay at quality ng bag at medjo malaki din nman xa.thank you seller and shopee,0.9641,GOOD,,nice +1.8; good +2.6; durable +2.4; good +2.8; Okay +1.0; maganda +2.5; thank +1.0
230,good good Material very nice quality Okay naman sya madami ding paglagyan sobrang ganda ng quality 😍nagustuhan ng kapatid at pamangkin ko saktu lahat magagamit natu sa lunes😊,0.9788,GOOD,,good +2.4; good +2.4; nice quality +2.3; Okay +1.3; ganda +2.9; 😍 +3.0; nagustuhan +2.3; 😊 +2.0
231,Material 9/10 nasunod ang kulay na gusto ko maganda may 3 compartment Sana magtagal,0.8834,GOOD,,gusto ko +2.3; maganda +2.5; 9/10 +2.5
232,gray very good Sna magustuhan ng anak q..ok nmn dw SB nangnagreceive.i will edit my rate f Makita q n personal item..anyway thankyou seller sa mablis na pag ship at KY kuya rider.,0.128,GOOD,,good -1.0; ok +1.5
233,"Material Good pink Good I've already received my parcel, maganda naman yung quality niya sana magtagal. The shipment and delivery was smooth and all my items are safe and complete...",0.8537,GOOD,,Good +1.2; Good +1.2; maganda +1.2; smooth +2.7
234,"10 Material 10 10 🎄🌟Merry Christmas Seller 😊 Ang Ganda nang Bag , true Color ,makapal , Perfect Gamitin sana tumatagal 👌 Thank you din sa Shoppe Fam & Delivery 🚚 God Bless always 🙏🏼",0.9042,GOOD,,😊 +1.0; Ganda +1.2; true Color +0.8; Perfect +1.5; tumatagal +2.7; Thank +0.2; 🙏 +0.8
235,"good Material sakto lng or good maganda naman Okie naman un order na parcel q, sakto lng s presyo nia kya kahit papanu my magagamit na aq s work q na bag...",0.9231,GOOD,,good +2.4; good +2.4; maganda +2.5; Okie +1.0; order +1.0
236,Durable bag for my elementary son. Budget friendly. Laking tipid dito sa shopee lalo nat may pa voucher pa capped of 150 pesos. Salamat shopee! ♥️,0.8268,GOOD,,Durable +2.2; friendly +2.0; Salamat +1.2
237,Grey Material 10/10 10/10 Super ganda nung bag wala akong masabe.,0.8705,GOOD,,ganda +2.9; wala -1.0; 10/10 +2.5; 10/10 +2.5
238,Good Material Good Good Ang ganda ng bag what u see is what u get sakto lang true to size hindi nman masyado manipis sakto lang mukhang matibay nman nman sya worth it for the price so far so good,0.9757,GOOD,,Good +2.4; Good +2.4; Good +2.4; ganda +2.5; true to size +1.5; manipis -1.8; matibay +2.2; worth it +2.8; good +2.8
239,I recommend this for it's quality considering it's affordable price.. 5 star sakin.. over all.. thanks sa store.. recommend this store legit.. nakakatuwa kc I like having quality products.. very very excellent.. Godbless sa gumawa.. at company sana marami pa kayong magawa at maibenta..,0.9771,GOOD,,recommend +2.2; affordable +1.8; thanks +1.2; recommend +2.2; legit +2.5; nakakatuwa +2.3; I like +1.8; excellent +3.8
240,"black nice Material good quality as what I've expecting for. Very nice and affordable bag.Quality is good, the texture, appreciated too much. My daughter is happy to her bag. It's an unisex bag.the size is just a normal , not too big not too small. Thank you so much for this amazing item.",0.9832,GOOD,,nice +1.8; good quality +2.5; nice +2.1; affordable +2.2; good +2.4; happy +2.7; too big +1.5; too small +1.5; Thank +1.0; amazing +3.2
241,Material good nice very nice Already recieve my order in a good and nice condition. Very affordable for it's price and yet very presentable thank you so much for this bag . Hope it last and looking for future orders ☺️👌👌,0.9684,GOOD,,good +2.4; nice +1.8; nice +2.3; order +1.0; good +2.4; nice +1.8; affordable +2.1; thank +1.3
242,Material Good Vibrant Beautiful I received this ZWB 9912 Large backp6 men laptop Oxford black high school bag in very good condition and without any damages. The shipping and delivery is also fast. The seller is also easy to talk to and provided me with a picture before sending it to me. I really like the quality and the price of the product and I really recommend the Shop. Thanks Shopee and also to the seller. I will I will definitely order again soon in the near future for my small business.,0.9649,GOOD,,Good +2.4; Beautiful +2.7; good +2.7; fast +1.8; recommend +2.5; Thanks +1.2; order +1.0
243,Worth it for 200 pesos free shipping 😊 makapal magnda quality magnda ng design Fast shipping din in 3 days andito n agad Thanks seller,0.9571,GOOD,,Worth it +2.8; 😊 +2.0; magnda +2.5; magnda +2.5; Fast +1.8; Thanks +1.2
244,very good colour. very good appearance Material very good quality. Great..good job seller naka dating na po ang aking order ng maayos at mabilis salamat din kuyang rider..,0.9808,GOOD,,good +2.7; good +2.7; good quality +2.6; Great +3.1; good +2.4; order +1.0; maayos +2.0; mabilis +1.8; salamat +1.2
245,gray okay Material hindi sya masyadong makapal hindi din naman manipis. tama lang sa presyo. Malaki ang capacity nyA at marami ding compartment.,0.128,GOOD,,okay +1.0; manipis -1.5; tama +1.0
246,"ganda nang product, what you see is what you get🥰🥰🥰 gusto gusto ko talaga ung product, legit na legit na matibay. Ang bilis lang din dumating. Salamat kay seller. lalong lalo na kai kuya rider",0.987,GOOD,,ganda +2.5; 🥰 +3.0; 🥰 +3.0; 🥰 +3.0; gusto +1.8; gusto ko +2.3; legit na legit +3.0; matibay +2.2; bilis +1.8; Salamat +1.2
247,Ang ganda...worth it ang 200 mu...at mukhang matibay nmn sya makapal ung material👍🏻👍🏻,0.9477,GOOD,,ganda +2.5; worth it +2.8; matibay +2.2; 👍 +2.0; 👍 +2.0
248,good good Material good makapal,0.8807,GOOD,,good +2.4; good +2.4; good +2.4
249,"okay dark khaki Material okay Thank You shoppe seller and rider, safe narrating ang item ko. my order delivered fast, I only order it yesterday then I received it today.",0.8689,GOOD,,okay +1.0; okay +1.0; Thank +1.0; order +1.0; fast +1.8; order +1.0
250,"Material good good good Okay yung quality sana magtagal, at nagustuhan din ng kapatid q.",0.8898,GOOD,,good +1.2; good +1.2; good +1.2; Okay +0.5; nagustuhan +3.5
251,Material good good good Nice nice nice Nice Nice Nice 👍👍👍👍👍👍👍👍👍,0.9952,GOOD,,good +2.4; good +2.4; good +2.4; Nice +1.8; nice +2.0; nice +2.2; Nice +2.4; Nice +2.4; Nice +2.4; 👍 +2.6; 👍 +2.4; 👍 +2.2; 👍 +2.0; 👍 +2.0; 👍 +2.0; 👍 +2.0; 👍 +2.0; 👍 +2.0
252,"The Item's color is simple. The item's appearance is unique. Material The item is durable. The items were in best and excellent qualities, shipped and arrived early immediately, placed in well packaged, the seller were very approachable and accommodating, we will order again surely in the near future.",0.9575,GOOD,,durable +2.2; best +3.2; excellent +3.2; accommodating +2.3; will order +2.0
253,"good gray Material good Ok nman sya sakto lang Ang laki at ok sa price nya nagustuhan nman ng asawa ko,,",0.9201,GOOD,,good +2.4; good +2.4; Ok +1.0; ok +1.0; nagustuhan +2.3
254,The quality is good. Madami syang zipper kaya sure na marami ang pwedeng ilagay. Maganda for students. Nagustuhan sya ng mother ko para dun sa bunso kong kapatid na second year college.,0.8807,GOOD,,good +2.4; Maganda +2.5; Nagustuhan +2.3
255,the appearance is great i love the color it is what was described,0.8442,GOOD,,great +3.1; love +3.0
256,pink and blue. Salamat po Seller ok naman po naka pack ng maayos.,0.7351,GOOD,,Salamat +1.2; ok +1.0; maayos +2.0
257,Material maganda sobrang ganda very good napaka ganda niya sakto lang din sa price niya kaya salamat seller at sa rider dahil maayos ang packaging salamat ulit,0.9767,GOOD,,maganda +2.5; ganda +2.9; good +3.0; napaka ganda +3.2; salamat +1.2; maayos +2.0; salamat +1.2; ulit +1.7
258,Material matibay black Maganda at sulit matibay xa sana tumagal,0.9246,GOOD,,matibay +2.2; Maganda +2.5; sulit +2.5; matibay +2.2
259,good Material makapal sakto kulay Nice yon bag nila at mura pa thank you seller.thank you din sa ng deliver,0.91,GOOD,,good +2.4; sakto +0.8; Nice +1.8; mura +1.5; thank +1.0; thank +1.0
260,Material good quality good good item is correct thank you seller responsive ship and delivered fast recommended this shop good job,0.9719,GOOD,,good quality +2.3; good +2.4; good +2.4; thank +1.0; responsive +1.2; fast +1.8; recommended +2.5; good +2.4
261,appealing nice Material good Item arrived before the expected date. Hope it will last.,0.7499,GOOD,,nice +1.8; good +2.6
262,very nice good tama ang kulay Material ang ganda Maganda sya kahit mura lng ..ang bilis ng dumating ...tnk u seller at kuya rider sa uulitin na pag order ko tnk u tnk u,0.971,GOOD,,nice +2.1; good +2.9; tama +1.4; ganda +2.5; Maganda +2.5; mura +1.5; bilis +1.8; order +1.0
263,the backpack looks sturdy and stylish the colors are accurate and stylish Worth the money,0.4588,GOOD,,Worth +2.0
264,9/10 black Looks sturdy and stylish with an nice design.,0.743,GOOD,,nice +1.8; 9/10 +2.5
265,dirty green good Material good Complete orders..the umbrella has good quality...well packed and safely delivered..bag is also nice..,0.8658,GOOD,,dirty -2.2; good +2.4; good +2.4; good quality +2.3; nice +1.8
266,The backpack look sturdy i like the colour are accurate,0.4215,GOOD,,i like +1.8
267,"Material makapal black and gray nice Matibay yong bag, maganda at mukhang waterproof .mabilis dumating Ang items.magaling",0.9432,GOOD,,nice +1.8; Matibay +2.4; maganda +2.5; mabilis +1.8; magaling +2.5
268,"mgnda mukhang mtibay nmn sya grey Material waterproof,quality Ty po ang gnda nya..sakto lng bag prabpgpsok s trbho ng aswa q ..at pwd rn sya pra s estudyante...",0.8481,GOOD,,mgnda +2.5; Ty +1.2; gnda +2.5
269,good maganada sya makhang matibay naman sya sana tumagal Material good,0.836,GOOD,,good +1.2; matibay +1.1; good +3.6
270,nice asul Material ginagamit pang bag Ang ganda nhng bag. My brader is using this sa hayskul. So far maayos naman wag lang lagyan ng maraming gamit para hindi mapunit.,0.8962,GOOD,,nice +1.8; ganda +2.5; maayos +2.2; mapunit +1.3
271,good Material good good Salamat seller and rider God bless you All,0.9081,GOOD,,good +2.4; good +2.4; good +2.4; Salamat +1.2
272,maganda blue Thank you seller nagustuhan ko ung bag nyo order ako ulit sa bunso ko naman,0.91,GOOD,,maganda +2.5; Thank +1.0; nagustuhan +2.3; order +1.0; ulit +1.7
273,expected ko talaga ka look alike doon sa picture pero mukha naman siya'ng matibay at mag tatagal depinde sa paggamit Material good naman po black pero mukhang di rin masyadong kagaya doon sa picture ang kulay Fast delivery and OK' naman po kahit malayo siya doon sa mismong expectation ko po! Salamat parin sellwr and courrier godbless!,0.9097,GOOD,,matibay +1.1; good +1.2; Fast +2.7; OK +2.6; Salamat +0.3
274,black Material good quality Maganda siya nagustohan ng kapatid ko .. sa uulitin seller..,0.7783,GOOD,,good quality +2.3; Maganda +2.5
275,good blue Mganda ang bag maraming bulsa.. ngustuhan ng anak qo🫰🫰,0.7845,GOOD,,good +2.4; Mganda +2.5
276,"Excellent Black Material Excellent Satisfied buyer here. Thank you seller maganda Ang bag at Mura ko lang nabili dahil sa voucher, mabillis ding dumating . Kudos sa seller at sa delivery rider. Thank you again and God bless❤️",0.9753,GOOD,,Excellent +3.2; Excellent +3.2; Satisfied +2.2; Thank +1.0; maganda +2.5; Mura +1.5; Thank +1.0; ❤ +2.5
277,"black Material high quality shiny na pagla black Good day I just want to say thank you sa shop, seller and sa rider, super nagustuhan po ng anak ko ang bag. Will buy again.",0.9072,GOOD,,high quality +2.3; Good +2.4; thank +1.0; nagustuhan +2.6
278,"Salamat po amazing products all goooodddddddds ok na ok sa price nya brand new na brad new ,,,salamat seller at Ang tropa kung delivery rider Kilala na ako haha",0.9022,GOOD,,Salamat +1.2; amazing +3.2; ok na ok +2.5; salamat +1.2
279,black nice Material good Thank you seller and shopee Fast shipping Maayos nakarating ang parcel Maganda ang item Salamat sa nag deliver,0.9588,GOOD,,nice +1.8; good +2.6; Thank +1.2; Fast +1.8; Maayos +2.0; Maganda +2.5; Salamat +1.2
280,good Material good good Napakaganda at nagustuhan din Ng mga kasama ko salamat po pala sa seller kay kua na nag deliver wag kapong mag sawang mag deliver kua salamat po ole😊,0.9744,GOOD,,good +2.4; good +2.4; good +2.4; Napakaganda +2.9; nagustuhan +2.3; salamat +1.2; salamat +1.2; 😊 +2.0
281,good Material good Gray Maganda sya thank you seller and kuya rider,0.9062,GOOD,,good +2.4; good +2.4; Maganda +2.5; thank +1.0
282,Black Waterproff Material Good 2nd purchase ko n nito this bag sakto lang sa mlalagyan ng gamit kc .its comfy and waterproff n rin sya worth it for the price,0.802,GOOD,,Good +2.4; worth it +2.8
283,"Material matibay Basta Ang Ganda niya black I am happy with my purchase,",0.886,GOOD,,matibay +2.2; Ganda +2.5; happy +2.7
284,very nice very nice Thank you seller at kay kuya delivery rider po.,0.8514,GOOD,,nice +2.1; nice +2.5; Thank +1.7
285,The backpack looks sturdy. I like the colour. as I expected Probably I will buy again,0.4215,GOOD,,I like +1.8
286,true colors good Material good Goods poh seller👍👍👍ngustuhan poh ng ng order Sakin Kya thanks poh seller gud job k poh skin high recommend quh poh ito... Goods din poh ang quality ng bag,0.9843,GOOD,,good +2.4; good +2.4; Goods +2.0; 👍 +2.0; 👍 +2.0; 👍 +2.0; order +1.0; thanks +1.2; gud +2.4; recommend +2.2; Goods +2.0
287,"the backpack is nice, nice color too great for school",0.8714,GOOD,,nice +1.8; nice +1.8; great +3.3
288,Material good nice love the color I love it... definitely my son will love it...it's big talaga in reality...,0.9607,GOOD,,good +2.4; nice +1.8; love +3.2; love +3.0; love +3.0
289,good good Material sana di Dali masira Ang zipper Kasi medyo Hindi durable.,0.6119,GOOD,,good +1.2; good +1.2; masira +2.8; durable -2.2
290,"ok xa,,maganda,, Malaki,madami bulsa,,madami pd ilagay Tama Ang kulay na dumating Thank you seller,maganda Ang item,,sulit Ang kabili,,sana tumagal",0.9382,GOOD,,ok +1.0; maganda +2.5; Tama +1.0; Thank +1.0; maganda +2.5; sulit +2.5
291,Excellent Material excellent Excellent Matibay at maganda. Gustong gusto nila.,0.9723,GOOD,,Excellent +3.2; excellent +3.2; Excellent +3.2; Matibay +2.2; maganda +2.5; gusto +1.8
292,Okay Material Good Gray Okay naman ang quality. Sakto lang sa presyo n'ya. Maganda naman ang pakatahi. Sana matibay. Thanks seller.,0.8765,GOOD,,Okay +0.5; Good +1.2; Okay +0.5; Maganda +1.2; matibay +3.3; Thanks +0.3
293,Material good brown good Nagustuhan ng grandson ko thank you seller.and rider the item is good quality,0.9371,GOOD,,good +2.4; good +2.4; Nagustuhan +2.3; thank +1.0; good quality +2.3
294,Material 10/10 The appearance of the product in the online shop is what you will get when you ordered it. Good,0.7845,GOOD,,Good +2.4; 10/10 +2.5
295,stylish and sturdy what u see in the picture is what u get in person 3rdpurchase lagi ako dito umooder dati p now and then same price lang..mura lang compare to other matagal tagal then n gamitan very sturdy dalhin ...waglang lagyan n masyadong mbigat pra mgtagal,-0.296,BAD,,mura +1.5; matagal -1.2; tagal -1.5
296,Material okay good true The bag is good to its price not for heavy object but can use for daily it is affordable thanks to the seller for great response and fast shipping also to the rider.good job.,0.9746,GOOD,,okay +0.5; good +1.2; good +1.2; affordable +2.7; thanks +0.3; great +4.7; fast +2.7; good +3.6
297,10/10 favorite color ko kasi Yung black 10/10 Material 10/10 Sobra Ganda nito backpack Meron sobrq na nilon Ang back pero good naman bibili Ako ulit kapag sa Highschool Ang kapatid,0.9685,GOOD,,Ganda +1.4; good +3.6; ulit +2.5; 10/10 +2.5; 10/10 +2.5; 10/10 +2.5
298,"Nice Material Good Excellent Maganda Yung bag , at ang kulay Niya pati na rin ang tela, makapal din. Pwede Talaga pang school para sa Kapatid ko",0.9357,GOOD,,Nice +1.8; Good +2.6; Excellent +3.4; Maganda +2.5
299,Material 10/10 10/10 10/10,0.8885,GOOD,,10/10 +2.5; 10/10 +2.5; 10/10 +2.5
300,The back pack looks sturdy and stylish. I like how the colors are accurate. I like the style and the color black back pack. Thanks.,0.7783,GOOD,,I like +1.8; I like +1.8; Thanks +1.2
301,good gray block pink Salamat seller ganda ng bag ninyo legit po talaga shop ninyo bilis ng shipping .,0.9391,GOOD,,good +2.4; Salamat +1.2; ganda +2.5; legit +2.5; bilis +2.0
302,amazing Material nice good Thank you seller ang ganda ng bag ko mura na maganda pa thank you.,0.9729,GOOD,,amazing +3.2; nice +1.8; good +2.6; Thank +1.2; ganda +2.5; mura +1.5; maganda +2.5; thank +1.0
303,"Material high quality it looks expensive thick fabric , the zipper also good , it's durable , good for school bag , office & travel .",0.9231,GOOD,,high quality +2.3; good +2.4; durable +2.2; good +2.4
304,black Material good naman Ganda It's good for the price.Fast delivery and right color,0.9201,GOOD,,good +2.4; Ganda +2.5; good +2.4; Fast +1.8
305,black Material good good Malaki sya...maganda...nagustuhan pti ng anak ko....thank you po reseller...,0.9393,GOOD,,good +2.4; good +2.4; maganda +2.5; nagustuhan +2.3; thank +1.0
306,right color black Good Material Good quality Salamat seller at sa rider na nagdeliver I will order again soon thank you,0.9169,GOOD,,Good +2.4; Good quality +2.3; Salamat +1.2; will order +2.0; thank +1.0
307,"maganda at medyo makapal good, blue & gray. Material good Salamat po sa shopee na natanggap ko na po ang aking order na bag, at good nman cya at legit lng sa price at mukhang tatagal din. At salamat kay seller at kay rider, God Bless po!",0.9707,GOOD,,maganda +2.5; good +2.2; good +2.4; Salamat +1.2; order +1.0; good +2.4; legit +2.5; salamat +1.2
308,"Material super ganda super tibay blue, pink and grey Thank you so much seller sobrang ganda po ng mga pinadala Nyo na bag,di po ako nagkamali sa shop na inorderan ko,makapal po I love it highly recommended po ang shop na to.Godbless us all po,thank you din sa mabait na rider.",0.9778,GOOD,,ganda +2.9; tibay +2.7; Thank +1.0; ganda +2.9; love +3.0; recommended +2.5; thank +1.0; mabait +2.2
309,10/10 10/10 Material 10/10 Thnk you seller at kay kuya rider.. nagamit ko n agad.. well pack dumating at ang bilis salamat tlga.. recommended store to everyone...,0.9584,GOOD,,bilis +1.8; salamat +1.2; recommended +2.5; 10/10 +2.5; 10/10 +2.5; 10/10 +2.5
310,very nice Po🥰😘 Blue Material Mukhang Matibay Naman Po sya ♥️ Twice na Po Ako nakapag order nagustuhan Naman Po Ng mga buyers ko Po. Maraming salamat Po💕💕💕,0.9561,GOOD,,nice +2.1; 🥰 +3.5; Matibay +2.2; order +1.0; nagustuhan +2.3; Maraming salamat +1.6
311,"Material 9 10 11 maganda po ang item,,,maganda ang color,hindi makapal hindi manipis eksakto lang ang tela,,,,,bili na po kayo dito sa shop na ito....legit 💯 %.....thank you po seller",0.9525,GOOD,,maganda +2.5; maganda +2.5; manipis +1.1; legit +2.5; 💯 +2.5; thank +1.0
312,Good black Material water proof Ok lng nman,0.5267,GOOD,,Good +2.4
313,"Super Ganda worth it sa price sobra. Material Makapal sya magandang klase Tama nakakatuwa Super natuwa ako at mister ko sa bag na nabili namen dito worth to price. i hope next time makaorder ako ng black naman. nasold out kase ung black eh, I will order again next time. Actually video yan while i open and trsting all the zipper of bag kase super ganda nga kaso di pwede maupload kaya nag ss na lang ako. ayun hehe.",0.9724,GOOD,,Ganda +2.9; worth it +3.1; Tama +1.0; nakakatuwa +2.3; worth +2.0; will order +2.0; ganda +2.9
314,The backpack looks sturdy and stylish with a nice design. I like how the colours ate accurate and available. Thankyou seller for the affordable pricing.,0.8126,GOOD,,nice +1.8; I like +1.8; affordable +1.8
315,"Material nice good gray Spacious bag for students in intermediate or highschool level, sana tumagal and hindi agad masira thanks seller",0.8061,GOOD,,nice +0.9; good +1.3; masira +2.8; thanks +0.3
316,"true true Material true Okay naman po ang bag nagustohan naman ng anak ko, salamat seller at kay kuya Rider, thank you din shopee♥️♥️",0.6369,GOOD,,Okay +1.0; salamat +1.2; thank +1.0
317,"Material 10/10 brown 10/10 Thank u seller,matibay xa at maganda.until next order,thnk u shoppe,at sa mabait nming rider..",0.9633,GOOD,,Thank +1.0; matibay +2.2; maganda +2.5; order +1.0; mabait +2.2; 10/10 +2.5; 10/10 +2.5
318,"good black Material good Ok nman po ang item maganda matibay po at mabilis ang shipping,thank you seller at Kay rider ... God bless po ♥️",0.9601,GOOD,,good +2.4; good +2.4; Ok +1.0; maganda +2.5; matibay +2.2; mabilis +1.8; thank +1.0
319,"Recieved fast and in a good condition. Beautiful item. Really liked it. Looks like it last long. Thank you seller, thank you shopee, thank you courier and thank you rider. Sorry for the video not related. I took it but not accepted here",0.9672,GOOD,,fast +1.8; good +2.4; Beautiful +2.7; liked +2.0; like it +1.8; Thank +1.0; thank +1.0; thank +1.0; thank +1.0
320,Good Material Good Black,0.7783,GOOD,,Good +2.4; Good +2.4
321,Material good material blue and block wow maganda ang bag at thank u seller and thank you kay kuya rider sa pag delever ng maayos ang parcel thank u po ulit,0.9628,GOOD,,good +2.4; wow +2.2; maganda +2.5; thank +1.0; thank +1.0; maayos +2.0; thank +1.0; ulit +1.7
322,Material not bad quite good kinda sturdy I was looking for a cheap yet quality gift for my student in our exchange gift then I came across this bag. Hoping this bag would be like by my student thanks seller,0.8151,GOOD,,bad +1.9; good +2.4; thanks +1.2
323,"maganda xia , Material parang matibay din ,, ok na ok dumating na PO ung order ko , maganda po xia ,, perfect pang school salamat sa seller at sa rider ,",0.967,GOOD,,maganda +2.5; matibay +2.0; ok na ok +2.5; order +1.0; maganda +2.5; perfect +3.0; salamat +1.2
324,Material good black good Med yo man I pos sya perk OK nmn po Sana magustuhan ng jowa KO salamat shopee and seller pati Kay Ku ya rider po,0.8941,GOOD,,good +2.4; good +2.4; OK +1.7; salamat +1.2
325,Material high blue good Ang ganda nya madaming malagyan Order ko ulit,0.891,GOOD,,good +2.4; ganda +2.5; Order +1.0; ulit +1.7
326,good nice Material good Naa nay bag akong anak para sa eskwela slamat seller affordable price pa god bless you,0.9116,GOOD,,good +2.4; nice +1.8; good +2.6; affordable +1.8
327,Material oky Naman totoong Hindi na babasa tung loob pag umu ulan 7/10 medyo Hindi ako satisfied pero oky narin,-0.3531,BAD,,satisfied -1.5
328,Perfect for students ang travel bag blue Maganda na mura pa. At may pa freebies pa si seller🥰 na earphone at sombrero🥰thank you,0.9638,GOOD,,Perfect +3.0; Maganda +2.5; mura +1.5; 🥰 +3.0; 🥰 +3.0; thank +1.0
329,looks sturdy black goods malaki .tama lang sa maulan na panahon mukhang di agad mababasa mga laman sa loob.,0.6124,GOOD,,goods +2.0; tama +1.0
330,"nice Material nice nice Oh, no, did I get too close? Oh, did I almost see what's really on the inside? All your insecurities All the dirty laundry Never made me blink one time Unconditional, unconditionally I will love you unconditionally There is no fear now Let go and just be free I will love you unconditionally",0.7003,GOOD,,dirty -2.2; love +3.0; love +3.0
331,The backpack looks durable and stylish. Thick material. Seller was kind enough to send me photo before shipping. Thank you seller.,0.6369,GOOD,,durable +2.2; Thank +1.0
332,"good good Will use these for my Upcoming Hiking. Gears and clothes, on style are all ready! Thank you seller. Will buy another variant again soon",0.8439,GOOD,,good +2.4; good +2.4; Thank +1.0
333,"Parcel received,,at ok nmn sya,,,tama nmn yung order n dmtng skn,,sna lng mgtgl pra s anak q,,ok dn nmn c Rider,, thanks seller and rider",0.7351,GOOD,,ok +1.0; tama +1.0; ok +1.0; thanks +1.2
334,good black Material good Malaki po cya at maganda sulit tlga at slamat KY Kuya rider,0.93,GOOD,,good +2.4; good +2.4; maganda +2.5; sulit +2.5
335,"Material good good good maganda to, perfect for kids and teens. comfy lang din suotin and also malaki din tong bag nato maraming mailalagay na gamit",0.9565,GOOD,,good +2.4; good +2.4; good +2.4; maganda +2.5; perfect +3.0
336,10/10 Black Material 10/10 Makapal at maganda ang quality ng bag po Salamat seller and delivery rider.🚚♥️,0.9136,GOOD,,maganda +2.5; Salamat +1.2; 10/10 +2.5; 10/10 +2.5
337,"maganda exactly the color I've ordered Very good quality, makapal at mukhang matibay, very satisfying",0.8831,GOOD,,maganda +2.5; good quality +2.6; matibay +2.2
338,Good Naman tignan very satisfying ang look sakto lang black bagay lang sa itsura Medyo makapal Yung tela na ginamit kaya sure naman na mayibay,0.7096,GOOD,,Good +2.4; bagay +1.5
339,"very nice Material very nice nice na nice ganda wlang damage fast delivery pa,order ako uli para s schl nmn ng mga anak ko five star po rate ko s inyo salamat s seller",0.9244,GOOD,,nice +2.1; nice +2.1; nice na nice +2.6; ganda +2.8; fast -1.3; salamat +1.2
340,"10 Material 10 10 parcel received yesterday,complete and no damage.my kids love it.the quality is good..highly recommended.thanks seller & sa rider na mabait.",0.946,GOOD,,love +3.0; good +2.4; recommended +2.5; thanks +1.2; mabait +2.2
341,"black Material good nice Salamat seller, Over all maganda yung product Salamat din shoppe",0.9201,GOOD,,good +2.4; nice +1.8; Salamat +1.2; maganda +2.5; Salamat +1.2
342,Material good blue okey Mabilis dumating,0.802,GOOD,,good +2.4; okey +1.0; Mabilis +1.8
343,good tama naman po ung kulay salamat sa shopee dumating na order ko ang bilis lang at sa riders din thank you ....😍😍😍😍😍😍😍😍😍😍😍order na kayo guys...worth it po quality nya...salamat ulit oorder pa ako sa susunod suki...,0.9962,GOOD,,good +2.4; tama +1.0; salamat +1.2; bilis +1.8; thank +1.0; 😍 +3.0; 😍 +3.0; 😍 +3.0; 😍 +3.0; 😍 +3.0; 😍 +3.0; 😍 +3.0; 😍 +3.0; 😍 +3.0; 😍 +3.0; 😍 +3.0; worth it +2.8; salamat +1.2
344,"Ang bilis ng shipping,makapal ang strap mukhang matibay sya at malaki rin,mura ko pa nbili dahil s live,salamat seller at kuya rider",0.8658,GOOD,,bilis +1.8; matibay +2.2; mura +1.5; salamat +1.2
345,Excellent quality well packed shipped immediately very accomodating seller will order again maraming salamat seller..,0.765,GOOD,,Excellent quality +3.0; maraming salamat +1.6
346,"Very Good wow panalo Material Makapal at me lining Maraming salamat sa shopee, seller at sa magigiting na mga Rider",0.9264,GOOD,,Good +2.7; wow +2.5; panalo +2.8; Maraming salamat +1.6
347,"Material good good good Maganda,mukhang matibay nmn,sana magtagal sa anak ko, Salamat seller sa shoppe at delivery raider.",0.959,GOOD,,good +2.4; good +2.4; good +2.4; Maganda +2.5; matibay +2.2; Salamat +1.2
348,ok Material good nice Good packaging no damages fast delivery thank you seller and also to Rider 👍💖,0.9227,GOOD,,ok +1.0; good +2.4; nice +1.8; Good +2.4; fast -1.3; thank +1.0; 👍 +2.0
349,good Material good good thank you seller 😊 😊 😊,0.9648,GOOD,,good +2.4; good +2.4; good +2.4; thank +1.0; 😊 +2.0; 😊 +2.0; 😊 +2.0
350,khaki Material 10 0ver 10 super ganda Maraming salamat po seller ang bilis na edeliver... Sakto bukas gamitin ng anak ko... At nagustuhan pa ng anak ko... ☺❤ Order na naman ako nito blue na ang color kasi favorite color ng anak ko... Wala kasi available na kulay nito... ❣️,0.953,GOOD,,ganda +2.9; Maraming salamat +1.9; bilis +1.8; Sakto +0.8; nagustuhan +2.3; ❤ +2.5
351,good nice Material for cheaper price good,0.8625,GOOD,,good +2.4; nice +1.8; good +2.4
352,excellent👍👍👍 excellent👍👍👍 Material excellent👍👍👍 Wow ang ganda ng product nla guys.. Thanks shopee n seller good luck s product new.. N god bless..,0.9942,GOOD,,excellent +3.2; 👍 +2.0; 👍 +2.0; 👍 +2.0; excellent +3.2; 👍 +2.0; 👍 +2.0; 👍 +2.0; excellent +3.2; 👍 +2.0; 👍 +2.0; 👍 +2.0; Wow +2.2; ganda +2.5; Thanks +1.2; good +2.4
353,"Material good good good Tama yong kulay ...ang material medyo ok naman..sana tumagal. Salamat seller, shoppe at sa rider..",0.9343,GOOD,,good +2.4; good +2.4; good +2.4; Tama +1.0; ok +0.8; Salamat +1.2
354,Nice satisfied salamat tama ang color black Material makapal,0.8481,GOOD,,Nice +1.8; satisfied +2.2; salamat +1.2; tama +1.0
355,Excellent Quality very accommodating seller well packed item delivered immediately and will order again thank you Seller,0.8515,GOOD,,Excellent Quality +3.0; accommodating +2.3; thank +1.0
356,Material the tela is very high quality Good nice nice Thank you seller and rider very friendly,0.9546,GOOD,,high quality +2.6; Good +2.7; nice +2.1; nice +1.8; Thank +1.0; friendly +2.3
357,black Material ok for the price good,0.6597,GOOD,,ok +1.0; good +2.4
358,"Ordered size 2XL thinking to exactly fit for me of having only size 33in. waistline, but too really small for me, so disappointed ☹️☹️☹️ there was no specifications either slim fit or any other size details. I suppose to wear this nxt wk for my friend's 50th bday w/ vintage motif 😡",-0.9538,BAD,,disappointed -4.3; fit -3.5; 😡 -4.5
359,"Good quality kaya nagustuhan ko, unang order ko xl hindi fit kaya nag-order wko ulit xxl pero same size dumating parehas na parehas iba lang ang sizetag..sana di na maulit sa iba ang experience ko. Gusto ko sana mag order ulit ng mas malakai kaso baka same size nanaman dumating kaya wag na..good day",0.6956,GOOD,,Good quality +1.1; nagustuhan +1.1; fit -1.1; Gusto ko -1.0; good +3.6
360,Did not expect the XL size is not enough for me. Also the delivery boy dont have a change for the money. Overall not satisfied today,-0.3875,BAD,,satisfied -1.6
361,Sobrang nakakadismaya etong shop na ito.. Wag nakayong omorder d2 kasi sigurado mali ang ipapadala nila sa inyo.... napaka careless nila ung inaasahan mong item mali ang pinapadala... ang liwaliwanag naman nang order ko sa kanila hehe kung dinyo kayang gampanan tindahan nyo.. magsara nakayo...,-0.8674,BAD,,nakakadismaya -3.1; mali -1.8; mali -1.8
362,Please po. Reply nag message aku. Asan Yung jacket??? Air freshener lng Yung laman. Makalaki ang jacket tpus subrang liit nang plastic kasi nga air freshener lng. 600 ang binayad ku. Tpus Yan lng,0.0,NEUTRAL,,
363,Ang tagal dumating ng order pero ok quality namn ang items,0.1901,GOOD,,tagal -0.8; ok +1.5
364,"Hindi man lng nagawan ng aksyon ang sirang item..humingi ako ng refund khit 1/4 ng price ng jacket .. Pasensya na lng daw yun ang sagot. Pinaayos ko ang sira and gumastos ako ng 300 pra lng mgamit siya Hayyy.. Syang ang money dito. Tskk,,tskk..",-0.7184,BAD,,refund -1.5; sira -2.5
365,Ang pangit ng pagkakhaki nia.iba s pic. Nainis tuloy ung bumili,-0.5859,BAD,,pangit -2.8
366,Paano po ipapalit sa xxl tong order ko .XL po ang nrecive ko . Ang ayos nmn ng inilagay ko Na size .Paano po massuot ng asawa ko to ????,0.4215,GOOD,,ayos +1.8
367,Wrong color Seller is not responding Will not order again in this shop😡😡😡,-0.946,BAD,,Wrong color -2.3; 😡 -3.0; 😡 -3.0; 😡 -3.0
368,Palpak yung size ng jacket double XXL nga yung nkalagay sa jacket pero maliit tingin ko medium size lang ito.,-0.6858,BAD,,Palpak -1.4; maliit -2.2
369,okay nman sya yun nga lang ibang kulay ung binigay black brown..nkakadismaya.,-0.4215,BAD,,okay +1.0; nkakadismaya -2.8
370,The xxxl did not fit my size.but nevertheless i gave the jacket to my son .,-0.5106,BAD,,fit -2.3
371,Iba ung actual jacket sa posted picture........ang layo ng design ng collar...... nakakadismaya naman.....,-0.5859,BAD,,nakakadismaya -2.8
372,I ordered for xxxl but what i got was like large or medium only. So disappointed because size says xxxl but actual size is medium or large only,-0.7469,BAD,,disappointed -4.3
373,"Ang tagal dumating ng item nov. 11 ko inorder tpus dec. 1 na dumating, tpus pag received ko mali pa yung kulay hayss, kaka dissapoint.",-0.8225,BAD,,tagal -1.5; mali -1.8; dissapoint -2.3
374,XL ang size pero pagsukat namin ang liit parang small lng,0.0,NEUTRAL,,
375,wrong size yung pinadala nyo galit na galit tita ko,-0.7906,BAD,,wrong size -2.0; galit na galit -3.0
376,xl ako pero npakaliit ng xl....disappointed for this item,-0.7227,BAD,,disappointed -4.0
377,disapoint,0.0,NEUTRAL,,
378,Sa mga may Plano Po mag order nitong jacket ingat Po kayo Kasi yong dumating sa Amin na order ko ay Ayan ang Hindi mpakinabangan nagbayad nman Po kami Ng maayos okay lng sana kung mura eh kulang limang Daan din yan tapos ganyan ipapadala nyo masusuot ba yan kahit ipang basahan ay Hindi pde Kasi npakarupok,-0.2617,BAD,,kulang -1.1
379,😡😡😡 😞😞😞 Material 😤😤😤 iba ung dumating n item tas bkas n ung plastic...kla q p nmn legit😔😔😔😔prang pinalitan na!!!! kealangan q nmn n kc ggmitin q s party😔😔😔,-0.9651,BAD,,😡 -3.0; 😡 -3.0; 😡 -3.0; 😞 -2.2; 😞 -2.2; 😞 -2.2; legit +2.5
380,Order ko XL dumating XXL 1 star ka lang,0.0,NEUTRAL,,
381,Awits sa size yung 2XL parang midium lang amp,0.0,NEUTRAL,,
382,ok Material ok ok Sobrang liit xxl yung order ko pero napaka liit parin,-0.3291,BAD,,ok +0.5; ok +0.5; ok +0.5; napaka liit -2.9
383,ok Material ok ok I ordered XXL but it seems the XXL is just large in actual size,0.6124,GOOD,,ok +1.0; ok +1.0; ok +1.0
384,"Ok sana kaya lang may sira, may part na hindi natahi. 😔",-0.7579,BAD,,Ok -2.0; sira -2.5
385,7/10 Material 6/10 10/10 I'm so disappointed sa item na to,-0.1027,BAD,,disappointed -2.9; 10/10 +2.5
386,Nakakadismaya po..excited pa naman yong husband ko..kaso hindi kasya sa kanya ang 2xl dahil masyadong masikip sa shoulder nya. yong length sa arm nya..pero hindi cya makaka raise nang kanyang arms kasi masikip sa shoulder.at sa picture na senend ko para minamadali ang pag sew.pwd po bang iblik?,-0.7814,BAD,,Nakakadismaya -1.4; kasya -3.5
387,Ok Ang size fit sa shoulder and lenght masyado lang loose sa body at arms. Better to say hindi proportioned Ang gawa. Yung zipper Hindi smooth mag slide may tendency na madaling masira. Pero ok narin sa presyong 399. Kaya don't expect too much.,-0.0428,NEUTRAL,,Ok +0.5; smooth -0.7; madaling masira -1.5; ok +1.5
388,ok nmn sya pero walang patch ung sa left side arm.. hndi tulad nung nasa actual pic,0.25,GOOD,,ok +1.0
389,"Maganda sana yung Item nice quallity pero ying inorder ko is 3XL pero bakit ang liit ng 3xl , parang Large lang ka size niya 😫😫😫",-0.0516,BAD,,Maganda -2.0; nice +1.8
390,ok naman sya kaso anglayo sa reality vs expectation tas wala dn ung ibang badge na nakatatak yun at ung bulsa butas pa sa qulity ng tela sakto lang dn siguro sa price,0.25,GOOD,,ok +1.0
391,"Item shipped immediately, okey nmn ung tela pero may butas ung cellophane, tapos parang tinanggal ung tatak sa may batok ng jacket.. bakit kay?",0.25,GOOD,,okey +1.0
392,Material good good good pero maliit yung size na 3xl sayang ang ganda sana,-0.7684,BAD,,good +1.2; good +1.2; good +1.2; maliit -2.2; sayang -3.0; ganda -3.0
393,Material ok lng true sa color Ang liit sa size xl sakto lang sa akin medium po size ko sayang ang pera kopo,-0.4588,BAD,,sayang -2.0
394,Liit pala ng mga sizes. Pang sakin lang yun 3XL. Bigger man sana oagbibigyan ko for birthday gift. Kaso indi tlaga kakasya sa kanya.. 😣 Thanks anyway,0.296,GOOD,,Thanks +1.2
395,3 star kasi iba yung yung quality sa personal ibang iba sa picture nya.. Saka parang di matibay at parang large size ang xxxl nila..,-0.6895,BAD,,iba sa picture -2.2; matibay -1.5
396,"Size not that accurate... 3XL SIZE STILL TOO SMALL... Instead of buying it for myself, it wont fit so I just gave it to my son😳😳😣😣😒😒",-0.8531,BAD,,TOO SMALL -2.7; 😒 -1.8; 😒 -1.8
397,the sizes are too small. make sure to order a larger one than your size.,-0.4588,BAD,,too small -2.0
398,Ok Sana kaso maliit padin Ang 3xl,-0.6428,BAD,,Ok -1.0; maliit -2.2
399,Good choice,0.5267,GOOD,,Good +2.4
400,Didnt fit. Too small for xl size😔,-0.4588,BAD,,Too small -2.0
401,bakit my butas😭😭😭 ang ganda pnamn,-0.4588,BAD,,😭 -1.5; 😭 -1.5; 😭 -1.5; ganda +2.5
402,Too small for xl,-0.4588,BAD,,Too small -2.0
403,Wrong color,-0.5106,BAD,,Wrong color -2.3
404,"Good Material Good Good Maganda at mukang matibay. Pang 4x na kong nakabili sa store na to legit tlg s'ya. Thanks shoppee, seller and rider.",0.9705,GOOD,,Good +2.4; Good +2.4; Good +2.4; Maganda +2.5; matibay +2.2; legit +2.5; Thanks +1.2
405,"YIEEEE SOBRANG GANDA NONG ITEM TSAKA MAKAPAL YUNG TELA SOBRANG WORTH IT NONG PRICE WE WILL ORDER AGAIN NAGUSTUHAN SIYA NG KUYA KO, NAPAKA RESPONSIVE THEN NI SELLER THANKYOUUSOMUCH😘❤️",0.9413,GOOD,,GANDA +2.9; WORTH IT +3.1; NAGUSTUHAN +2.3; ❤ +2.5
406,nice black Material standard Ayos na ayos salamat seller,0.8176,GOOD,,nice +1.8; Ayos na ayos +2.5; salamat +1.2
407,"Items arrived early, 1-2days after I posted my orders. They were nice and trendy. Not cheap looking. Nice fire preteens",0.8225,GOOD,,nice +1.8; Nice +1.8; fire +2.0
408,"Good item, delivered faster good quality will order again",0.7717,GOOD,,Good +2.4; good quality +2.3
409,This jacket is reco.mended...Really wonderful!Superb!I like it. I will order again. Very fast delivery and the seller is reliable. Trushwothy and Thank you so much.,0.8163,GOOD,,I like +1.8; fast +2.1; Thank +1.0
410,the jacket feels comfortable my dad really likes the appearance of this jacket the texture feels good and the color is vibrant overall my dad likes it,0.7506,GOOD,,comfortable +2.0; good +2.4
411,"WAAAAHHHHHH😍😍😍 SUPER GANDA NG JACKET💕 NAPA-NGITI TALAGA AKO NUNG MAKITA KO YUNG JACKET DITO SA BAHAY. GRABEEEEE. WORTH IT PARA SA PRICE💙💙💙 KUDOS TO YOU SELLER‼️ LOVE, BUYER, QUEZON CITY",0.9768,GOOD,,😍 +3.0; 😍 +3.0; 😍 +3.0; GANDA +2.9; WORTH IT +2.8; LOVE +3.0
412,"ok lang ung table cloth....not a cloth pala kasi semi plastic hehe., ung jacket nice... wala kasing small kaya medium inorder... medyo maluwag....fit sana talaga kung small ung size.. thanks shopee.....",0.6124,GOOD,,nice +1.8; thanks +1.2
413,So niceeee po magandaaaa yong color at yong product... nagustuhan ng tito ko at saktong sakto din sa kanya ang 3XL 🥳😊😊👍👍👍,0.9771,GOOD,,niceeee +2.0; magandaaaa +2.7; nagustuhan +2.3; sakto +0.8; 😊 +2.0; 😊 +2.0; 👍 +2.0; 👍 +2.0; 👍 +2.0
414,Napakaganda ng product po pero wag kayong magexpect na ung nasa posted pic is kagaya ng matatanggap nyo pero okay po ung product pagnarecieve nyo very satisfied po💕napakaganda po Sulit ung 459 na bayad ko then Napakabait po nung seller THANKYOU!SALAMAT ISA KANG ALAMAT❣,0.9802,GOOD,,Napakaganda +1.4; okay +1.5; satisfied +3.7; napakaganda +4.3; Sulit +3.8; Napakabait +3.6; SALAMAT +0.5
415,"Nice item,, nice fit.. Correct color and size.. Mabilis din ang shipping.. Oorder ulet aq sa shop na ito.. Thank you seller..",0.8555,GOOD,,Nice +1.8; nice +1.8; Mabilis +1.8; Thank +1.0
416,Ang ganda ng jacket and ang bilis dumating sulit tlaga ang bayad!! Thumps up seller!!!,0.8994,GOOD,,ganda +2.5; bilis +1.8; sulit +2.5
417,Wow excellent quality. Satisfied customer here. Thank you seller! Sa uulitin po,0.9134,GOOD,,Wow +2.2; excellent quality +3.0; Satisfied +2.2; Thank +1.0
418,Material good good Ganda ng item. Sulit ang binayad ko dito,0.93,GOOD,,good +2.4; good +2.4; Ganda +2.5; Sulit +2.5
419,Ganda ng quality bili na kayo Naka dalawa na ako order dito,0.5423,GOOD,,Ganda +2.5
420,Worth it yung pagkakabili. Maganda yung tela na ginamit at makapal sya. Mukhang magtatagal naman 👍,0.8834,GOOD,,Worth it +2.8; Maganda +2.5; 👍 +2.0
421,Ang ganda ganda po nung items 😍😍😍 Ang bilis pa nang delivery.. Thank you seller,0.9744,GOOD,,ganda +2.5; ganda +2.5; 😍 +3.0; 😍 +3.0; 😍 +3.0; bilis +1.8; Thank +1.0
422,Excellent quality. The items are well packaged. Very nice ang jacket. Sana kasya sa bibigyan ko. Maganda cya at nice ang cloth nya. Thank you seller. I will surely order again.,0.937,GOOD,,Excellent quality +3.0; nice +2.1; Maganda +2.5; nice +1.8; Thank +1.0
423,Nice quality of jacket for its price! Tama yung size and color na inorder at dumating. In good condition and well packed item. Will order again for another size. Sana may Large size lang kayo for smaller body frame.,0.8268,GOOD,,Nice quality +2.0; Tama +1.0; good +2.4
424,Masaya Ang kasama ko kasi dumating order nya,0.5423,GOOD,,Masaya +2.5
425,Grabe sobrang ganda ng product. Nagustuhan ng anak ko . Good quality at sulit ang bayad. Mukhang mamahalin at yayamanin Sobrang bait din ng nag deliver.,0.9564,GOOD,,ganda +3.2; Nagustuhan +2.3; Good quality +2.3; sulit +2.5; bait +2.4
426,Item received. Item received earlier than expected date and time. Definitely will order again soon. Maganda ang item n dumating.,0.5423,GOOD,,Maganda +2.5
427,Verry nice Black Material Good,0.7351,GOOD,,nice +1.8; Good +2.4
428,Maganda po tela.. and wala po damage ung order. Thank you. Dpo sira yung zipper..,0.25,GOOD,,Maganda +2.5; Thank +1.0; sira -2.5
429,Ang ganda ng quality nya gusto ko yung style sakto sukat sakin that you seller Oorde ako ule..,0.8225,GOOD,,ganda +2.5; gusto ko +2.3; sakto +0.8
430,"Excellent quality of the product, well packaged, item was immediately shipped, I will recommend this to other people, and will order again.",0.802,GOOD,,Excellent quality +3.0; recommend +2.2
431,good Material good true Malaki kaunti pero ok lang Naman daw 2xl Kasi heheheh kasalanan ko pero ok lang siya,0.7783,GOOD,,good +2.4; good +2.4
432,Thank you so much po natanggap ko ang bilis ng delivery 3 days lang nandto na agad at ganda pa ng quality nagustuhan ng partner ko. Tama lahat size saktong sakto. Will order again! 💞💞💞💞💞💞💞💞💞,0.9286,GOOD,,Thank +1.0; bilis +1.8; ganda +2.5; nagustuhan +2.3; Tama +1.0; sakto +0.8
433,black Material very nice maganda Di nko ng-picture kc Ang sukat nya maliit XL sakin Kya medyo nawala ako s mood Ang Ganda pa naman..Kya 5 star pdin binigay ko kc maganda Ang dating nya..Buti nlng naicp ko s asawa ko ibigay ko order nlng ako ng Isa pa XXL,0.9075,GOOD,,nice +2.1; maganda +2.8; maliit -1.5; Ganda +2.5; maganda +2.5
434,What you see is what you get. Ang ganda ng product. Mabilis ding dumating kahit kaka order ko lang. Thank you and good job seller ❤️ Keep it up ❤️,0.9565,GOOD,,ganda +2.5; Mabilis +1.8; Thank +1.0; good +2.4; ❤ +2.5; ❤ +2.5
435,"Received the item yesterday. It looks nice and I think it has the good quality. Though, XXXL is still small for my uncle. They have small sizing. But thankyou for fast shipping and delivery.Received the item yesterday. It looks nice and I think it has the good quality. Though, XXXL is still small fo",0.9423,GOOD,,nice +0.9; good quality +1.1; fast +2.7; nice +2.7; good quality +3.5
436,"Material High Quality, Makapal. Maganda. Black na Black. Maganda yung item. Pero ibang kulay nabigay. Pero okay na din black naman nabigay. Goods parin. Thank you seller. Padouble check na lang next time ang iproprocess na color. ☺️",0.9081,GOOD,,High Quality +1.1; Maganda +1.2; Maganda +1.2; okay +1.5; Goods +3.0; Thank +0.2
437,Item received in good condition.. My husbands love it and it fits to its price.. Will.order again 😍😍😍,0.9657,GOOD,,good +2.4; love +3.0; 😍 +3.0; 😍 +3.0; 😍 +3.0
438,10 10 Material 10 10/10 3rd time buying on this store. thanks seller and rider.,0.6908,GOOD,,thanks +1.2; 10/10 +2.5
439,Thank you seller first time ko bumili dito and di ako binigo thank yoy so much seller sa uulitin sana lang kasya sa boyfriend ko 😍💕,0.7906,GOOD,,Thank +1.0; thank +1.0; 😍 +3.0
440,Quality yung jacket di sayang pera niyo👌 5'5 66kg. 3xl. Sakto lang saken. Bibili ulit ako ibang color naman👌👌👌,0.4717,GOOD,,sayang pera +2.1
441,Napakaganda ng items worth the price 🥰🥰 nagustuhan ng asawa ko .,0.9595,GOOD,,Napakaganda +2.9; worth +2.0; 🥰 +3.0; 🥰 +3.0; nagustuhan +2.3
442,maganda yung jacket medyo madumi lang sa likod pero madali naman to labhan.. thanks,0.657,GOOD,,maganda +1.2; madumi -0.9; madali +2.7; thanks +0.3
443,woow un ang masasabi ko maganda at sulit ang pag hihintay magnda ang tela at mabilis ang deliver,0.9231,GOOD,,maganda +2.5; sulit +2.5; magnda +2.5; mabilis +1.8
444,"Super ganda,quality at price check na check,maganda product nila bili kau dito sa shop NATO",0.81,GOOD,,ganda +2.9; maganda +2.5
445,"komportable isuot makapal at maganda ang tela ang ganda ng pagkakatahi ,sulit ang binayad dito ,salamat seller",0.9403,GOOD,,komportable +2.0; maganda +2.5; ganda +2.5; sulit +2.5; salamat +1.2
446,Ang ganda po nito sobra i highly recomend this shop kasi fast po sila magpadala. Very good quality po makapal ang tela kaso nga lang tinaggal po ung name sa may likod.,0.8717,GOOD,,ganda +2.5; fast +1.8; good quality +2.6
447,"Ang ganda ng quality niya,makapal,napakabait ni kuya na ngdeliver,,tama yung color tsaka size nainorder namin,,oorder kami uli nito para naman sa kuya ko,,napakabait pa ng seller,mabilis dumating ordet namin",0.9337,GOOD,,ganda +2.5; napakabait +2.4; tama +1.0; napakabait +2.4; mabilis +1.8
448,"Ang ganda ng tela at ang kapal ayos din at walang sira ang bilis pa dumating 5 days lng ksama sabado at linggo, thank you seller!!!",0.9303,GOOD,,ganda +2.5; ayos +1.8; sira +1.9; bilis +1.8; thank +1.0
449,"correct Material good tama nmn the item was in good condition,ang bilis din dumating..",0.891,GOOD,,good +2.4; tama +1.0; good +2.4; bilis +1.8
450,Thank you seller na received ko na po 4 jacket na order ko nice cloth hndi manipis mastado kaso lang iba sa picture at sa actual yong nka display sa inyo may botton cya sa gilid n bulsa .sa actual wala pala.i will order again kong walang complain mga buyers ko.,-0.3281,BAD,,Thank +0.5; nice +0.9; manipis +0.6; iba sa picture -3.3
451,good Material good Maganda at nagustuhan ng bayaw ko.. Maraming salamat seller. Sa ulitin po.. Godbless.,0.9451,GOOD,,good +2.4; good +2.4; Maganda +2.5; nagustuhan +2.3; Maraming salamat +1.6
452,Nagustohan ko ang item... Ganda at makapal ang tela...very nice na pangharabas sa RIDES...thanks seller...love it,0.9151,GOOD,,Ganda +2.5; nice +2.1; thanks +1.2; love +3.0
453,Material good awesome nice,0.8834,GOOD,,good +2.4; awesome +3.1; nice +1.8
454,maganda yong jacket mkapal.kaso lng yong na order ko maliit sa akin und ksya,-0.25,BAD,,maganda +1.2; maliit -2.2
455,Hay nako madam seller be responsible naman yung order size ko is 3XL bakit 2xl ang dumating pano to masusuot ng kapatid ko hindi kasya gagamitin pa naman nya ito sa sabado pano nya ito masuot pinadala nyo 2xl ok sana nasunod yung kulay na gusto ng kapatid ko kaso yung size mali pinadala 😈😈😈😈😈,-0.7717,BAD,,Hay nako -0.8; kasya -1.1; ok -1.0; gusto +0.9; mali -2.7
456,Wow na wow!!!pag dating ni asawa galing work sinukat nia agad and this is its pancit saktong sakto lng sa height nia na 5'9 lalo tuloy pumogi😂😂😂,0.8433,GOOD,,Wow na wow +2.7; galing +2.5
457,Yes i received the order and the price is ok. No damage on every item specially the watch i order Fast delivery and quality items and higher discount thats why i order again and again,0.5859,GOOD,,ok +1.0; Fast +1.8
458,"The quality is good and nagustuhan ng kuya ko but the only concern is yung sizes. Large dapat yung size niya but then because of the reviews I bought the 3xl to be sure. Which turned out to be true naman. But, still I am more on the quality part ehe satisfied.",0.8248,GOOD,,good +1.2; nagustuhan +1.1; satisfied +3.3
459,Ok nmn xa... Kaya lng ung jacket.. xxxl na maiit parin parang xl lng pero ok na din.. mukhang matibay... Maganda tela,0.9194,GOOD,,Ok +0.5; ok +1.5; matibay +3.3; Maganda +3.8
460,Very nice beautiful jacket good quality well cut A little too small for my européen body I will order again maybe 3XL will fit me better,0.8108,GOOD,,nice +2.1; beautiful +3.0; good quality +2.3; too small -2.0
461,ang ganda ng quality..kaso lang ang liit para sa xl yung size..add size nlang,0.5423,GOOD,,ganda +2.5
462,very good fabric it suits to my friends army green and black Material 100% good quality I'll give 5 star's Thankyou seller💗💗💗 Thankyou kuya Rider 💖💖💖 Thankyou shoppe🫰🫰🫰👍👍👍,0.9431,GOOD,,good +2.7; good quality +2.3; 👍 +2.0; 👍 +2.0; 👍 +2.0
463,Sulit ang bayad kase makapal ang tela,0.5423,GOOD,,Sulit +2.5
464,good black Material soft,0.5267,GOOD,,good +2.4
465,good Maganda kaya maliit sa xxxl Sana may mas malaki pa.,0.6597,GOOD,,good +2.4; Maganda +2.5; maliit -1.5
466,"Price is decent,and the item is a excellent",0.6369,GOOD,,excellent +3.2
467,Ang ganda ng jacket nagustuhan ng asawa ko. I will order again.,0.7783,GOOD,,ganda +2.5; nagustuhan +2.3
468,Super ganda nung jacket kahit mura lang sya 😍 nagustuhan sya nung costumer ko 😄 thank you seller more blessings pa sayo ❤️,0.97,GOOD,,ganda +2.9; mura +1.5; 😍 +3.0; nagustuhan +2.3; 😄 +2.3; thank +1.0; ❤ +2.5
469,"Maganda ang tila pweding pwedi na magrides . 😁. Oorder lng muna ako motor ..grabe nakaka ingit :( naalala ko nanaman tuloy nung Binigyan ako ni papa ng pera pambayad ng kuryente pero sa halip na ibayad ko,, nahikayat akong bumili ng raffle ticket para sa isang brand new car. Umuwe ako at sinabi kay papa ang nangyare kaya binugbog nya ako. Kinabukasan pagising ni papa at nung binuksan nga ang pinto,laking gulat na may nakaparadang isang brand new car sa labas namin. Lahat kami ay nag iyakan dahil ang kotseng iyon ay sasakyan ng Meralco para putulan kami ng kuryente. Kaya ayun binugbog ulet ako ni papa...",0.5719,GOOD,,Maganda +2.5; 😁 +2.2; :( -2.0
470,Napakaganda ng quality ng jacket. Lakas makaporma parang original ang itsura niya parang mall quality nakamura kana nakaporma kapa. Ayos to pag nag mmotor ako.,0.8402,GOOD,,Napakaganda +2.9; original +1.3; Ayos +1.8
471,"Thank you seller..good quality yung item, my partner will surely love it...super fast yung delivery...kudos sa seller at sa shopee express",0.9091,GOOD,,Thank +1.0; good quality +2.3; love +3.0; fast +2.1
472,Thank you seller ang Ganda ng packaging ok na Sana kaso may Mali hnd tugma yong order na style na gusto ko...maling Mali...Kaya para sa akin 1 ⭐....,-0.296,BAD,,Thank +0.5; Ganda +1.2; ok -1.0; Mali -2.7; gusto ko +3.5; Mali -2.7
473,"Nice ang tela kso kpg black,mbilis mdikitan ng puti2..pro maganda sya..i really like it..",0.9032,GOOD,,Nice +1.8; mbilis +1.8; maganda +2.5; like it +2.0
474,"THE ITEM WAS IN GREAT CONDITION. I HIGHLY RECOMMEND THIS SHOP, QUALITY ITEMS AT LOW COST. BUT THE ITEM WILL EVEN EXCEED YOUR EXPECTATION. VERY MUCH SURPRISE WITH THE PACKAGING, SO. SECURE AND SMOOTH TRANSACTION. NINJAVAN IS SO MUCH TRUSTED WHEN IT COMES TO DELIVERY AND THEY ARE SO POLITE 💛💛💛💛💛",0.9124,GOOD,,GREAT +1.6; RECOMMEND +1.1; SMOOTH +2.7; TRUSTED +3.3
475,..sobrang bilis ng delivery.. and napakaganda ng item na to😊 ang kapal ng tela..sna magksya sa husband ko...hehe...thankyou shopee and seller...😍,0.9331,GOOD,,bilis +2.1; napakaganda +2.9; 😊 +2.0; 😍 +3.0
476,Material good quality very good very good maganda ang quality ng jacket na eto kaso super liit ng XL. hnd true to size actually ung XL parang Medium lang. bitin pag medjo matangkad ka.,0.6901,GOOD,,good quality +1.1; good +1.3; good +1.5; maganda +1.4; true to size -1.7
477,Happy ang Tito. Nagustuhan nya ung Cargo jacket. Thank you po,0.8402,GOOD,,Happy +2.7; Nagustuhan +2.3; Thank +1.0
478,Thanks seller Maganda quality ng product no damage.,0.6908,GOOD,,Thanks +1.2; Maganda +2.5
479,Sobrang Ganda. Makapal ang tela. Malaki nga lang sya. Akala ko maliit pero ang ganda nya. Sulit. 👍👍👍👍👍👍😍😍😍😍😍😍😍😍😍😍😍😍😍😍,0.9991,GOOD,,Ganda +1.4; maliit -0.8; ganda +3.8; Sulit +3.8; 👍 +3.0; 👍 +3.0; 👍 +3.0; 👍 +3.0; 👍 +3.0; 👍 +3.0; 😍 +4.5; 😍 +4.5; 😍 +4.5; 😍 +4.5; 😍 +4.5; 😍 +4.5; 😍 +4.5; 😍 +4.5; 😍 +4.5; 😍 +4.5; 😍 +4.5; 😍 +4.5; 😍 +4.5; 😍 +4.5
480,Dumating na po. Fast shipping. Ok ung packaging. Dpat pla 2xl LNG. Iba xa Sa picture. Ung kulay NYa mejo fade. Manipis LNG tela NYa. Sana d kumupas kpg nilabhan. But anyway thank you seller. At K kuya rider.,0.6985,GOOD,,Fast +1.8; Ok +1.0; Manipis -1.5; kumupas +1.5; thank +1.0
481,Maganda ang tela tamang tama sa malamig na panahon kapag may rides.thanks,0.836,GOOD,,Maganda +2.5; tamang tama +2.2; thanks +1.2
482,2nd order... Gandaaaa sobra♥️♥️♥️ fitted sakin 3xl haha syang eto na pnka malaking size😅,0.5423,GOOD,,Gandaaaa +2.5
483,"Thank youu po sa jacket na to napaka ganda niya, at sulit sa presyo kaya di naman ako nagsisisi, mukhang binili ko siya sa SM kasi ang bigat din hahaha",0.8555,GOOD,,Thank +1.0; napaka ganda +2.9; sulit +2.5
484,Ang bilis lang ng shipping.Thankyou po super ganda.,0.7684,GOOD,,bilis +1.8; ganda +2.9
485,The jacket is nice kaya lang gusto ko sana ang hindi mabasa ng ulan. Thank you so much,0.2023,GOOD,,nice +1.8; gusto ko -2.0; Thank +1.0
486,Totoong maganda Yung quality. Nagustuhan ng bebe ko. Sakto din yung size sa katawan niya pero mas maganda kapag dinagdagan ko Yung size. Tapos bakit tinggal Yung tatak nung jacket? Sayang naman. Pero all in all maganda Yung jacket.,0.8689,GOOD,,maganda +1.2; Nagustuhan +1.1; Sakto +0.4; maganda +1.2; Sayang -1.0; maganda +3.8
487,the items are very well packed and good quality.. no damages.. I ordered 2 times and i received it well and no damages.. thankyou!,0.5562,GOOD,,good quality +2.3
488,"Very accommodating seller...pero Bakit Po ganito Ito may butas at ganito Ang pagkakatahi.. at parang may mga balahibo siya.. ireregalo ko pa Naman Sana ito, pag ganito siya nakakahiya Naman na siyang iregalo",-0.3726,BAD,,accommodating +1.1; nakakahiya -2.7
489,Ang ganda ganda sa personal nitong jacket nato. Worth it sa price. Salamat seller. 😘,0.9186,GOOD,,ganda +2.5; ganda +2.5; Worth it +2.8; Salamat +1.2
490,Magugustuhan to ng Husband ko ❤️ Keep up the Good Work 👍😉 Thank you seller 😇,0.8979,GOOD,,❤ +2.5; Good +2.4; 👍 +2.0; Thank +1.0
491,Maganda spoted orders yan nagustuhan ng binigyan ko thank God blesssssssss more power thank uouuuuuuuuuuuuuuuuuuuuuuuuuuuu,0.8689,GOOD,,Maganda +2.5; nagustuhan +2.3; thank +1.0; thank +1.0
492,Good quality...satisfied kami pero sana mag reply seller about sa other order namin.,0.7579,GOOD,,Good quality +2.3; satisfied +2.2
493,"Sorry diko na na picturan , napaka ganda ng jacket Tama lahat ng order ko , thank you seller . Super bilis I ship and maideliver . Thanks",0.9052,GOOD,,napaka ganda +2.9; Tama +1.0; thank +1.0; bilis +2.1; Thanks +1.2
494,Maganda yung quality ng tela makapal talaga kaso lang yung XL na size parang large lang yung size bitin sakin..pero okay lang legit parin naman,0.7906,GOOD,,Maganda +1.2; legit +3.8
495,Bali anim po order couple kaya lang yong isa ibang klase po ang naipadala ni seller.kaya hindi na xa mtawag na couple bero mabait nmn po c seller at humingi xa ng despensa unlike sa ibang mga seller. Kaya order nalang ako ulit ngustuhan din nmn nung umorder sa aken kaya 5 star parin ibibigay ko😊,0.7351,GOOD,,mabait +2.2; 😊 +2.0
496,super duper ang ganda nya sulit ang bayad nyo tas ang kapal sakto sakin kasi lagi akong ng momotor d tatagus yong ginaw mu .,0.8448,GOOD,,ganda +2.8; sulit +2.5; sakto +0.8
497,Maganda sya Tama lng ang size binigay ni seller..fastdilivery tlga.nkuha.ko agad,0.6705,GOOD,,Maganda +2.5; Tama +1.0
498,All in good condition..Fast Ang shipping though Visayas aq..I really love it !! Kudos to your shop seller 😊☺️,0.9329,GOOD,,good +2.4; Fast +1.8; love +3.2; 😊 +2.0
499,solid mga paps at mams. dika mag sisisi good quality ang problema lng napaka ganda yung tipong pag soot mo kamuka mona si aldin rechard 😂😂😂😂😂 solid oorder ulit ako para sa gel fren ko ayiiiiieuuuut,0.9062,GOOD,,solid +2.3; good quality +2.3; problema -1.5; napaka ganda +2.9; solid +2.3
500,Thank you po sakto sakin hehe 💓 Good quality 👍👌 sa uulitin po💓🥰,0.9201,GOOD,,Thank +1.0; sakto +0.8; Good quality +2.3; 👍 +2.0; 🥰 +3.0
501,I loved how this shop always satisfies me by the way they process my orders as fast as they can and how they pack the items safely in the pouch. The quality of their items are excellent. Even its cheap but the products were totally good. Thumbs up to this shop ❤👍 You really deserve 5 stars. 🥰,0.9805,GOOD,,loved +1.5; fast +0.9; excellent +1.6; good +4.0; ❤ +3.8; 👍 +3.0; 🥰 +4.5
502,Ok po xamaganda po ung tila nya Hindi maiinit kaysa lang po sakin.slama po reseller and thank you shoppe.,0.4588,GOOD,,Ok +1.0; thank +1.0
503,Medyo natagalan lang sa pagdating pero sa courier naman ang problema. Good quality naman siya. Makapal at maganda ang tela. Maliit nga lng sya for 2xl kasi nagkasya siya sa akin. Akala pa naman nung nagpa order sakin malaki ang 2xl. Masikip tuloy sa kanya. 👍👍👍,0.9493,GOOD,,problema -2.2; Good quality +3.5; maganda +3.8; Maliit -2.2; 👍 +3.0; 👍 +3.0; 👍 +3.0
504,"Super ganda nagustuhan ko..makapal ang tela at astig tingnan lalo na pag nagmomotor. Actually hindi sakin to, inorder ko para sa anak ko at ng dumating, ako ang mas excited binuksan ko na at yun nga sinukat ko pa sabay pics hehehe. Thank you seller. Till next order!",0.9228,GOOD,,ganda +2.9; nagustuhan +2.6; astig +2.5; Thank +1.0
505,"Goods again , 3 times nako nag order, oorder pako ulit, maayos ang padala ng seller goods palagi, thank you",0.875,GOOD,,Goods +2.0; maayos +2.0; goods +2.0; thank +1.0
506,wow super nice lahat ng item na nareceive ko gustong gusto ng kapatid kaya 5 star para sa shop nato at also sa rider na kahit umuulan go parin,0.8462,GOOD,,wow +2.2; nice +2.1; gusto +1.8
507,Bilis dumating thank u seller aabot sa ippdala ko s kapatid ko abroad,0.5859,GOOD,,Bilis +1.8; thank +1.0
508,Maganda salamat seller. At shoppe.mabait din c rider.,0.836,GOOD,,Maganda +2.5; salamat +1.2; mabait +2.2
509,makapal sya ang sarap isuot medyo mahimulmol pero sa pagkaka stock lang siguro yun over all naman nice lahat at tama lahat ng orders ko dito sa shop 👏🏻👏🏻Thank you po,0.9493,GOOD,,sarap +1.2; nice +2.7; tama +1.5; 👏 +3.0; 👏 +3.0; Thank +0.2
510,Fast and easy transaction.. Good quality as well...,0.7269,GOOD,,Fast +1.8; Good quality +2.3
511,ang ganda ng jacket..nagustuhan ng hubby q...ang ganda ng tela pti color...tmang color and sizes..will surely order again...although matagal lng tlga dumtng but its ok..worth it naman..kc ok ung quality... 😊 anyways thank you,0.9612,GOOD,,ganda +1.2; nagustuhan +1.1; ganda +1.2; matagal -0.6; ok +1.5; worth it +4.2; ok +1.5; 😊 +3.0; thank +0.2
512,Di sayang ang ibinayad mo mganda ung jocket thanks poh 5stars kau skin nextime again shopee,0.8009,GOOD,,sayang +1.5; mganda +2.5; thanks +1.2
513,Love it 😍 Thank you so much 😍 Ang bilis dumating 🤩,0.9516,GOOD,,Love +3.0; 😍 +3.0; Thank +1.0; 😍 +3.2; bilis +1.8
514,Thanks seller still a good quality product ang fast delivery.,0.8074,GOOD,,Thanks +1.2; good quality +2.3; fast +1.8
515,Material good good good,0.8807,GOOD,,good +2.4; good +2.4; good +2.4
516,"Ang ganda ng quality nya ,mas maganda pa tela nya kesa sa 1k+ na jacket sa online ..huhu thank u so much 😊",0.904,GOOD,,ganda +2.5; maganda +2.5; thank +1.0; 😊 +2.2
517,Maganda yung item kung anong nakikita sa picture ganun di sa personal,0.5423,GOOD,,Maganda +2.5
518,Very good quality at its cheap price..malaki nga lang yung na order ko but still i love the quality and definetly will order again..,0.8314,GOOD,,good quality +1.3; love +4.5
333,"Parcel received,,at ok nmn sya,,,tama nmn yung order n dmtng skn,,sna lng mgtgl pra s anak q,,ok dn nmn c Rider,, thanks seller and rider",0.6486,GOOD,,ok +0.5; tama +0.5; order +0.5; ok +1.5; thanks +0.3
334,the scent is perfect the scent last in our body and clothes for a longest time so nice Ordered this perfume many times or countless times since last last year.. We love this perfume. Nagtatagal talaga yung amoy ay bango nya.. Ordered other perfumes but I always choose Nathalie claid! You'll never regret. Mura na napaka bango pa. Highly recommended q ang store nato!,0.9697,GOOD,,perfect +1.5; nice +1.0; love +1.5; amoy +0.2; bango +1.0; Mura +2.2; napaka bango +3.6; recommended +3.8
335,10/10 long lasting Mist Super bango! Item received in good condition and well-packaged. Quality matches the description and photos.,0.933,GOOD,,long lasting +2.5; bango +2.4; good +2.4; 10/10 +2.5
336,"The oil is smooth and not too sticky on the skin. Feels light and comfortable to use. The scent is soft, sweet, and pleasant. Not too strong but smells really nice. The scent lasts for a decent time and is good for everyday use. Worth the price, cute packaging, and easy to bring anywhere. Will buy again.",0.9651,GOOD,,smooth +0.9; comfortable +1.0; nice +3.1; good +3.6; Worth +3.0; cute +2.7
337,Super bango nya I love this scent Matagal mawala ung amoy sa damit kahit nasa labahin na nandun parin ung bango kaya always ito binibili kona scent Suki nako sa shop nato gonna buy this again after maubos,0.6542,GOOD,,bango +2.4; love +3.0; Matagal -1.2; mawala -1.5; amoy +0.2; bango +2.0; maubos -1.5
338,cjcjf effective super bango compliment ka talaga kung ito gamit mong pabango very unique din siya d kagaya sa ibang pabango yung amoy and sulit na for it's price,0.7935,GOOD,,bango +2.4; amoy +0.2; sulit +2.5
339,The scent is not easily washed off and can last for hours. Still testing it out how long it can stay on my wrist. Super bango! Similar to the original one! It feels smooth on skin even though it’s oil based. The scent is similar to the original one! So sooo bango!,0.9404,GOOD,,bango +2.4; original +1.5; smooth +1.8; original +1.5; bango +2.4
340,oil based 💯 it lasts for several hours on my skin It smells good and clean. Despite its affordable price it lasts longer. Thank you seller. I will surely order another bottle again. God bless your business.,0.9382,GOOD,,💯 +2.5; good +2.4; clean +1.8; affordable +1.8; Thank +1.0; order +1.0
341,legit na mabango cia sulit yung order ko kaya guys bili na kau super bango cia hindi masakit sa ilong thnx u seller legit na mabango cia bibili ulit ako nito kaya guys biki na din kau mura na cia hidni kau manghihinayang sa pa bango kaya 5star cia sakin ngaun lng ako bumili nito ito yung hinahanap kong pa bango 🥰🥰🥰,0.9923,GOOD,,legit +2.5; mabango +2.0; sulit +2.5; order +1.0; bango +2.4; legit +2.5; mabango +2.0; ulit +1.7; mura +1.5; bango +2.0; bango +2.0; 🥰 +3.0; 🥰 +3.0; 🥰 +3.0
342,"Lightweight and non-sticky on the skin. The scent lasts for hours and noticeable. Smells sweet, fresh, and very pleasant. I really like this perfume, the scent is long-lasting and not too strong, perfect for everyday use.",0.7935,GOOD,,like this +2.0; perfect +3.0
343,sobrang bango long lasting oilbest Thank you seller natanggap ko na tong order ko at tamang variation po good packaging satisfied buyer overall thank you shope at kay kuya rider,0.957,GOOD,,bango +2.4; long lasting +2.8; Thank +1.0; order +1.0; good +2.4; satisfied +2.2; thank +1.0
344,"good good good Fast delivery, good quality. Mabango sya nakailang order nako nito kaya bumili ako ulit. Thank you seller, shopee and rider",0.975,GOOD,,good +2.4; good +2.4; good +2.4; Fast +1.8; good quality +2.3; Mabango +2.0; order +1.0; ulit +1.7; Thank +1.0
345,"Good Legit 100% So Sad walang mga pouches but so far so Good, Fast and efficient delivery,"" ""Item arrived on time and in perfect condition,"" and ""Excellent customer service. Very secure and safe the items, Very Good",0.9847,GOOD,,Good +1.2; Legit +1.2; Sad -0.8; Good +4.2; Fast +2.7; perfect +4.5; Excellent +4.8; Good +4.0
346,longlasting mabango fine with oil The most common scents of this perfume i got it now so very tasteful the smell it gives elegant and beautiful smells to everything I pour it,0.7717,GOOD,,mabango +2.0; beautiful +2.7
347,"10/10 10/10 Liquid THIS IS A PERFECT GIFT FOR YOUR FAMILY, FRIENDS, AND MORE IMPORTANTLY, YOURSELF. YOU DESERVE THIS KIND OF PRODUCT. IT GIVES YOU SO MUCH JOY TO PURCHASE SOMETHING YOU LOVE.",0.955,GOOD,,PERFECT +3.7; LOVE +3.7; 10/10 +2.5; 10/10 +2.5
348,smooth good long lasting items are well packed and arrived in good condition. both are long lasting and tumatagal talaga sya kahit maghapon sa labas. cloud smells soft and soft ung dating nya. pede gamitin anytime brougue540 strong scent kaya mas ok sya gamitin at night super sulit. cant wait to try other scents,0.9757,GOOD,,smooth +1.8; good +2.4; long lasting +2.5; good +2.4; long lasting +2.5; tumatagal +1.8; ok +1.0; sulit +2.9
349,smell so nice like reach man so very very mabango talag soo long lasting the real smell of perfume Almost 50 times I order so mabango talaka always.ay order this perfume legit very Authentic,0.9635,GOOD,,nice +2.0; mabango +2.8; long lasting +2.5; order +1.0; mabango +2.2; order +1.0; legit +2.5
350,it last for hours especially sprayed in clothes very fine and smooth great fragrance and smell The smell is so good when put it into clothes. It lasts for hours lobger than expected. The scent is very favorabke since it does not irritate the nose. Will surely come back for more scent to try. Great deal indeed!,0.9447,GOOD,,smooth +2.1; great +3.1; good +2.6; Great +3.1
351,I love the smell. It's sweet and not masakit sa ilong. You can wear it in any season It lasted for 8-12 hrs in my clothes and 4-6 hrs on my skin. It is really an oil-based perfume. I super love this! I'll buy more next time.,0.8639,GOOD,,love +3.0; love +3.4
352,"smells good oil based last long The item is very secure, and all the fragrances that I ordered all have a pleasant smell. Also, it lasts a long hour; I always repeat buying it because it's worthy to buy this product. Thank you, Seller, and thank you, Kay Kuya Rider apaka bait. God bless po.",0.9062,GOOD,,good +2.4; buying +1.5; Thank +1.0; thank +1.0; bait +2.4
353,"long lasting good quality 💯 mabango sya , hindi masakit sa ilong napaganda ng products na itong ,hindi ako nag sisi na bumili ako sa shop natoh satisfied customer",0.9477,GOOD,,long lasting +2.5; good quality +2.3; 💯 +2.5; mabango +2.0; satisfied +2.2
354,My kind of scent Oil based Super Long lasting lasted for 6-8 hrs depending on body chem or type of cloth I just saw the advertisement on Facebook and redirected to shoppe and voila. And it never fails me because i love the smell very much. Super recos mga loves. I checked out again for another scent and I'm excited...,0.8338,GOOD,,Long lasting +2.9; love +3.0
355,💯 💯 💯 2nd bottled just arrive since there's it already available nag advance nalang nang bili. Sold out kasi palagi. 😂 Pricing is fair and transparent - definitely value for money.” “Efficiency and punctuality are hallmarks of their service.”,0.8885,GOOD,,💯 +2.5; 💯 +2.5; 💯 +2.5
356,"smells good 4hrs oily Wow. Di ko inexpect na super bango lahat. Lalo na ang valaya and goodgirl. 😍😍😍 and very good si seller. Very secured ng packaging. Thank you. Surely, Will ordet again. 🙂",0.9811,GOOD,,good +2.4; Wow +2.2; bango +2.4; 😍 +3.0; 😍 +3.0; 😍 +3.0; good +2.7; Thank +1.0
357,"Light, refreshing, and not overpowering. Each scent has its own unique character, perfect for daily wear. Smooth mist that sprays evenly and dries quickly without leaving any stickstickyoily .residue The scent lasts for an hour or two. Excellent value for the price! Highly recommended for those who want affordable yet quality perfumes.",0.9642,GOOD,,perfect +3.0; Smooth +1.8; quickly +1.5; Excellent +3.2; recommended +2.5; affordable +1.8
358,"oily superb! sobrang bango!!! Nathalie Claid lang sakalam, trusted na namin to kahit hubby ko eto na yung gusto nya kasi naglalast talaga sya, kahit pa nasa labahin na yang damit mo mabango parin grabe ba! tried scents na sweet and to my surprise nagustuhan ko sya ! may 2nd order pako hinihintay ayon iba ding scent hihi.. thankyou seller for packaging it so well!!! kudos po! Godbless 😇 to infinite purchases to ur shop po ♾️🥰",0.9706,GOOD,,bango +2.4; trusted +2.0; gusto +1.8; mabango +2.0; nagustuhan +2.3; order +1.0; 🥰 +3.0
359,"Excellent Oil based Excellent Sealed with optimum safety! Bottles are frosted, embossed label and details, scent with oil infused, lasted like how its claimed for only 99 pesos. Cant imagine how much strength could the 35% oil be. My recos: After parcel arrives, let it rest. Like a day or 2. allow perfume settling. Saka mo buksan and gamitin. Youre welcome. My personal faves: -Vanilla Lace dupe for sweet summer dates or fine garden occasions -Light blue dupe for sporty, fresh vibe, active daytime engagements -Good Girl dupe for sophisticated, corporate, girl boss vibe, night occasions. Had not ordered the Rouge Bac sampler huhu. But will try next time. 😊",0.8932,GOOD,,Excellent +1.6; Excellent +1.6; Good +1.2; 😊 +3.0
360,"For light blue: Overall vibe: Fresh, breezy, clean, citrus-fruity with soft woods — like a sunny Mediterranean summer day by the sea. For Omnia Crystalline: Sheer, clean, watery-elegant, polished — like crystal-clear water, lotus floating on a calm lake. Not heavy, not strongly sweet — soft, refined, luminous. Feels like: Sparkling, crisp, watery-citrus, airy & transparent — light, smooth, non-sticky on skin. Feels like: Sheer, watery-smooth, airy, translucent — like crystal-clear water. Light, polished, ""clean-luxury"" feel — never thick, heavy, or syrupy. For light blue: Longevity: 4–6 hours on clothes → becomes soft skin scent after that. Re-apply Every 4–5 hours if you want it noticeable; great for layering For Omnia Crystalline: Longevity: 4–6 hours on skin ( soft intimate scent afterward; lasts longer on clothes (up to 8+ hours) My first purchase here is Eclat and Good Girl. My 2nd purchase is this Omnia Crystalline and Light Blue. Among 4 scents mas pinaka nagustuhan ko is Eclat least ko is good girl because I'm not a fan of sweet scent. Ang bango bango for me first ni eclat 2nd is Light Blue and 3rd Omnia Crystalline grabe Ang babango nila for me. Ito Kasi Yung amoy na fresh lang not sweet.",0.9821,GOOD,,clean +1.8; clean +1.8; smooth +1.8; great +3.1; Good +2.4; pinaka nagustuhan +2.7; good +2.4; bango +2.0; bango +2.0; amoy +0.2
361,very effective product. long lasting scent and same scent as the original brand. the texture is oil. it is oil based which is why it's good. the fragrance is superb it was made from high quality materials. Very fast delivery.,0.9412,GOOD,,long lasting +2.5; original +1.5; good +2.4; high quality +2.3; fast +2.1
362,"The first thing you’ll love is how rich and concentrated the scent is. Because it’s oil-based, the fragrance clings beautifully to the skin and slowly releases the scent throughout the day. Hindi siya mabilis mag-evaporate like alcohol-based perfumes, kaya super long lasting perfect for humid weather or long days outside. Smooth, well blended, and hindi matapang sa unang spray. The oil base makes the fragrance feel warm, elegant, and premium. Kahit affordable, amoy mamahalin talaga. The dry down becomes sweeter and softer over time, giving you that luxury perfume vibe. Since oil-based siya, it’s less irritating than strong alcohol perfumes. Perfect for sensitive skin and for people who want a scent that feels comfortable, not harsh. A fantastic choice for anyone who wants a long-lasting, premium smelling, and affordable perfume oil. Sulit siya sa presyo, and you’ll definitely get compliments when you wear it. Sakto for everyday use. The 50ml bottle is travel friendly, hindi mabigat dalhin, and looks classy on a vanity or bag.",0.9887,GOOD,,love +3.0; mabilis -1.3; long lasting +2.9; perfect +3.3; Smooth +1.8; affordable +1.8; amoy +0.2; Perfect +3.0; comfortable +2.0; affordable +1.8; Sulit +2.5; Sakto +0.8; friendly +2.0; classy +1.8
363,so good light Good scent The scent is really good and stays longer on clothing. I use it during night time to stay fragrant the entire night and still has the scent on clothing in the morning. Good packaging and arrived safely. Thank you! Will order again before it runs out.,0.9613,GOOD,,good +2.6; Good +2.6; good +2.6; Good +2.4; Thank +1.0; Will order +2.0
364,"smells terrific long lasting on clothes lightweight This is my 2nd purchase. I love the scent and long lasting. Especially on clothes, bedsheets, linen and pillow case. The scent remains and long lasting. Thank you seller. Good packaging and fast shipping too! Delivered within 2 days.",0.9719,GOOD,,long lasting +2.5; love +3.0; long lasting +2.5; long lasting +2.5; Thank +1.0; Good +2.4; fast +1.8
365,"great oil-based nice super bango ng scents na ‘to, as in! 💯 kapag nag-set ‘yung amoy, mas mabango siya. *Black O - soft and sweet, but not so sweet, hindi katulad ng iba na nakaka-umay ‘yung amoy. *Good Girl - EXPENSIVE NG AMOY! sweet girl na palaban ang atake, very CEO 🔥 long-lasting din upto 12 hours if hindi katulad masyadong kikilos at pagpapawisan hehe",0.9666,GOOD,,great +1.6; nice +0.9; bango +1.3; 💯 +1.2; amoy +0.1; mabango +1.0; amoy +0.3; Good +3.6; AMOY +1.4; 🔥 +2.7
366,"Pleasant, elegant, and well-balanced. The scent is not overpowering, making it comfortable for everyday wear while still leaving a noticeable impression. Lightweight oil formula that spreads evenly on the skin without feeling excessively greasy. It absorbs nicely after application. The fragrance lasts for hours and develops beautifully over time. The bottle is convenient to carry, the sprayer works smoothly, and the overall quality exceeded my expectations. Great value for the price, and I would definitely purchase another scent from this collection. Silky consistency that glides effortlessly onto the skin, leaving a comfortable finish and no sticky residue.",0.8779,GOOD,,comfortable +2.0; Great +3.1; comfortable +2.0
367,Very Smooth Smell long lasting scent The perfume is in good condition and the smell is so good and long lasting Nathalie Claid Eau De Parfum is highly recommended I really love the smell I ordered many times 😁,0.9826,GOOD,,Smooth +2.1; long lasting +2.8; good +2.4; good +2.6; long lasting +2.7; recommended +2.5; love +3.2; 😁 +2.2
368,"Soft floral with a fresh and feminine scent. The peony note is light and airy, while the blush suede adds a smooth, slightly creamy finish. It smells clean, elegant, and not overpowering Light and smooth. The spray feels fine and even, not sticky on the skin and dries quickly after application. Lasts a decent amount of time for a fresh floral perfume. The scent stays noticeable for several hours, especially when applied on pulse points. Projection is mild to moderate, enough for people nearby to notice without being too strong. This perfume is perfect for everyday use, especially for school, work, or casual outings. It gives a soft, classy, and well-groomed vibe. Ideal for those who prefer light, clean, and feminine scents rather than strong or overpowering perfumes. A good choice if you want something easy to wear and versatile.",0.9716,GOOD,,smooth +1.8; clean +1.8; smooth +1.8; quickly +1.5; perfect +3.0; classy +1.8; clean +1.8; good +2.4
369,"Matapang na mabango Oil Based Long lasting Mabango siya. Medyo matapang ang amoy sa unang spray pero habang tumatagal, mas sumasarap ang bango. Oil-based talaga siya at long-lasting. Maganda rin ang packaging, mukhang mamahalin. Nakadalawang order na kami at pareho naming nagustuhan ang scents. Excited na akong i-try ang iba pang variants. Very good product!”",0.9848,GOOD,,mabango +1.0; Long lasting +1.2; Mabango +1.0; amoy -0.0; tumatagal +2.7; bango +3.0; Maganda +3.8; order +1.5; nagustuhan +3.5; good +4.0
370,"sobrang bago eros na eros di matapang sa ilong ang amoy wala halos amoy ""alcohol"" legit oil based. subtle, masculine, pogi lang magugustuhan ng bf ko to. frosted glass spray type. perfectly sealed lahat! thank you will order order scents again :)) i suggest na mag lagay kayo ng scented paper with label nang perfume niyo para may idea customers what to buy next, looking for other scents to buy din kasi ako pero no idea pa hehe",0.928,GOOD,,amoy +0.2; wala -1.0; amoy -0.1; legit +2.5; pogi +1.8; thank +1.0; will order +2.0; order +1.0; :) +2.0
371,"skin mo e spray nag sstain sa clothes, oil based 10/10 complimented ako pag gamit ko sila 💯 My order arrived right on time, and the item was in good condition and complete. ✨ The variation was accurate, and the packaging was very secure. 📦 It works exactly as expected! I’m likely to order again in the future. Thanks! ⭐️",0.9449,GOOD,,💯 +2.5; order +1.0; good +2.4; order +1.0; Thanks +1.2; 10/10 +2.5
372,"Nathalie Claid Valaya is a fresh, clean, and elegant fragrance that gives off a luxurious “clean girl” vibe. The scent opens with bright citrus and soft fruity notes, followed by delicate floral accords that create a light and feminine character. As it dries down, it develops into a smooth musky scent that feels fresh, sophisticated, and perfect for everyday wear. One of the things I like most about this fragrance is its versatility. It works well for school, work, casual outings, or even special occasions. The scent is not overpowering, making it suitable for people who prefer subtle yet noticeable perfumes. Considering its affordable price, it delivers impressive quality and a scent profile that resembles more expensive fragrances. The longevity is decent, especially on clothes, although reapplication may be needed after several hours. Overall, Nathalie Claid Valaya is a great budget-friendly perfume for anyone who enjoys clean, musky, and slightly floral fragrances.",0.9747,GOOD,,clean +1.8; clean +1.8; smooth +1.8; perfect +3.0; I like +1.8; affordable +1.8; great +3.1; clean +1.8
373,"Sweet long lasting oil base Affordable at long lasting ang perfume na ito, gustong gusto ko ang scent ng Meow, 4 times na akong bumili sa shop nato at never akong binigo ni seller. Hindi nag iiba ang scent at texture Ng product nila. Bibili ulit ako pag naubos 😊 Highly recommended ang Shop nato at ang mga products nila good quality. Thank You seller at kay kuya rider na mabait at magalang.",0.9859,GOOD,,long lasting +2.5; Affordable +1.8; long lasting +2.5; gusto ko +2.3; ulit +1.7; 😊 +2.0; recommended +2.5; good quality +2.3; Thank +1.0; mabait +2.2; magalang +2.0
374,SELLER SEND ME A PHOTO BEFORE SHIP OUT ✅CORRECT COLOR AND SIZES ✅SAFE AND SECURED ✅COMPLETE ORDERS ✅CORRECT CHOICES ✅FAST SHIPPING ✅NO DAMAGES ✅WELL PACKED THANK YOU SO MUCH WILL ORDER AGAIN🤗🤗🤗,0.9814,GOOD,,✅ +1.5; ✅ +1.5; ✅ +1.5; ✅ +1.5; ✅ +1.5; FAST +1.8; ✅ +1.5; ✅ -1.1; THANK +1.0; WILL ORDER +2.2; 🤗 +2.3; 🤗 +2.3; 🤗 +2.3
375,smells good oily long lasting Product received is exactly what it looks like on photos advertised. It was well packed and shipped quickly. Definitely a good buy.,0.9153,GOOD,,good +2.4; long lasting +2.5; quickly +1.5; good +2.4
376,tumatagal ng 12 hours super bango literal na oil based sya Sobrang bango tatlo na yung ganto kong pabango baby powder at sweet like candy sobrang babango at long lasting talaga ang daming compliment na natatanggap sa dalawang yan etong o. Crystalline ngayon kopalang ma try pero for me sobrang bangoo nilaaa😭💗,0.4469,GOOD,,tumatagal +0.9; bango +1.2; bango +1.2; long lasting +1.4; 😭 -2.7
377,"long lasting very nice so so long lasting I am very satisfied with my order because it arrived on time and in great condition. The quality of the product is even better than I expected. It works perfectly and matches the description accurately. The packaging was secure, which made me feel confident about the item’s safety. Overall, I’m happy with my purchase and would definitely order again.🫶🏻🫶🏻🫶🏻🫶🏻",0.9775,GOOD,,long lasting +2.5; nice +2.1; long lasting +3.1; satisfied +2.5; order +1.0; great +3.1; happy +2.7; order +1.0
378,"Watery Lasts two hours, longer if in a colder room JM: Fruity floral; Isse: Sage flowery Items ordered were correct and packed securely by bubble wrap and box. Mas floral amoy nung Wild Bluebell compared sa Issei Miyaki.",0.0516,GOOD,,amoy +0.2
379,"good scent non greasy smooth on skin fresh fruity scent Suitable for everyday use like freshy ang dating it last up to 4 to 6 hrs. legit na oil based 30% if your not afford an OG this one I recommend to you guys, not to strong hindi masakit sa ilong..thanks seller! 🥰💗",0.9606,GOOD,,good +2.4; smooth +1.8; legit +2.5; recommend +2.2; thanks +1.2; 🥰 +3.0
380,"superb 😍 amazing super effective! Of all the perfumes I've tried, this is the only one I'll keep coming back to. It's super worth the money and it's really worth it for the performance of this perfume. You'll be really attracted to the great smell, it's long lasting. No matter how many hours you wear it, the smell is still there. I'm going to use up everything, I just reviewed it now. It's my second purchase.",0.9764,GOOD,,😍 +3.0; amazing +3.2; worth +2.4; worth it +3.0; great +3.1; long lasting +2.5
381,"Watery Oil Based, Smells good! Long Lasting I've been buying Nathalie Claid for years now and their formulation has never changed. Smells so good. The best product. 💗 ⭐⭐⭐⭐⭐ FIVE STAR!",0.957,GOOD,,good +2.4; Long Lasting +2.5; buying +1.5; good +2.6; best +3.2
382,"smooth smooth smell, not to strong, 200% effectiveness Grabe na talaga, sobrang bango, kahit nasa labas ka ng bahay at napag pawisan ka na, still maintaining the smell of the perfume, hindi nag fade or nawawala gets even smelled, lalo siya umaamoy. 2days andun padin ang amoy kahit na labhan na. 👍👍👏👏 recommended talaga and fast delivery. Secure ang packaging..",0.9791,GOOD,,smooth +1.8; smooth +1.8; bango +2.4; amoy +0.2; 👍 +2.0; 👍 +2.0; 👏 +2.0; 👏 +2.0; recommended +2.5; fast +2.0
383,"liquid mabango vanilla, caramel, sweet Very excited ako to review this perfume kase sobrang bango. I've been a fan of Dama Bianca kaya sobrang excited ako dito sa Lira!! So based sa fragrantica yung scent nya is vanilla, caramel, sweet, cinnamon, powdery, warm and spicy and yeah you're a fan of vanilla scents this is for you medyo may hint sya nang spice tho so depende talaga sa preference for me okay sya. This is perfect i layer sa vanilla romance ng BBW waaah excited to try!!! Also sobrang long lasting pala nung perfume kaya definitely I will buy again!!!!!!!!",-0.889,BAD,yes,mabango +2.0; bango +2.4; okay +1.0; perfect +3.0; long lasting -2.0
384,"goods na goods ang texture mabango, kuhang kuha ang amoy matagal tagal din ang effect ⭐⭐⭐⭐⭐ The fragrance smells amazing and lasts a long time on clothes. It has a clean, elegant, and well-balanced scent that’s not overpowering, making it perfect for everyday wear or special occasions. The quality is impressive, and the scent stays noticeable for hours. It feels luxurious, receives compliments, and offers great value for the price. Highly recommended for anyone looking for a long-lasting and refreshing perfume.",0.9705,GOOD,,goods na goods +2.5; mabango +2.0; amoy +0.2; matagal -1.2; tagal -1.5; amazing +3.2; clean +1.8; perfect +3.0; great +3.1; recommended +2.5
385,"The texture is light and not sticky, making it comfortable to wear every day. It is very effective in keeping me smelling fresh. The fragrance smells pleasant and lasts a decent amount of time for its price. I really like this perfume! The package arrived earlier than expected, was well-packed, and had no damage. Definitely worth buying. Thank you, seller, kuya SPX rider and salamat shoppe🫶❤️",0.9555,GOOD,,comfortable +2.0; like this +2.0; worth +2.0; buying +1.5; Thank +1.0; salamat +1.2; ❤ +2.5
386,fruity sweet candy oil based 10/10 I highly recommend this perfume first time ko binili hindi ako binigo gurl kahit mabasa sya tumatagal parin ang amoy grabe Mapapabili ulit ang acla mabilis din i-deliver no leak and secure ng bubble wrap thankyou seller ❤️👏🏻,0.9686,GOOD,,recommend +2.2; tumatagal +1.8; amoy +0.2; ulit +2.1; mabilis +1.8; ❤ +2.5; 👏 +2.0; 10/10 +2.5
387,Last 6 to 12 hours Super Bango Hindi malagkit It's my 2nd time ordered this oil-based perfume 💖 Inamoy ko na kaagad yung mga scent Super bango talaga 🥰 Thank you Seller 💞 Ganda talaga ng packaging secure naka bubble wrap each at nakalagay pa sa box 😊,0.9633,GOOD,,Bango +2.4; bango +2.4; 🥰 +3.5; Thank +1.2; Ganda +2.5; 😊 +2.0
388,"super bango lahat 🥹 , sweet with a little bit mix of citrus scents and powder oil base long lasting ang amoy nya 🥹 thank you so much seller sa safe packaging and good service 🥹🫶🏻",0.9091,GOOD,,bango +2.4; long lasting +2.5; amoy +0.2; thank +1.0; good +2.4
389,"The Y scent is fresh, clean, and sophisticated without being overpowering. The Nectarine Blossom scent is fruity, sweet, and refreshing, with a natural nectarine aroma that isn’t overly sugary. The Woodsage scent is fresh, clean, and slightly woody with a soft, airy finish that feels elegant and relaxing. It feels lightweight on the skin, dries quickly, and doesn’t leave a sticky or greasy feeling. The fragrance lasts for several hours, stays pleasant throughout the day, and is perfect for everyday wear. I’m very satisfied with this fragrance. It smells elegant, lasts well, and is perfect for everyday use. I would definitely recommend it to anyone looking for a fresh and sophisticated scent.",0.9712,GOOD,,clean +1.8; clean +1.8; quickly +1.5; perfect +3.0; satisfied +2.5; perfect +3.0; recommend +2.2
390,Smells good Very effective Watery Got my item. I really love Nathalie Claid perfume. My everyday use. Quality but affordable. Thank you! Fast shipping! This shop is recommended! 🩷,0.959,GOOD,,good +1.2; love +1.6; affordable +2.7; Thank +0.2; Fast +2.7; recommended +3.8
391,"very effective ang bango good Perfume Omnia Amethyst has a fresh, elegant, and feminine fragrance that is perfect for everyday wear or special occasions. Its floral scent creates a soft and sophisticated impression without being too strong or overwhelming. The fragrance feels light, refreshing, and comfortable, making it suitable for both daytime and evening use. It has good longevity, allowing the pleasant aroma to last for several hours. The bottle is also beautifully designed, adding a touch of elegance to any collection. Overall, Omnia Amethyst is an excellent choice for anyone looking for a graceful, refreshing, and long-lasting perfume.",0.9693,GOOD,,bango +2.3; good +2.4; perfect +3.0; comfortable +2.0; good +2.4; excellent +3.2
392,"not too oily, smooth when applied on skin different scent but all of them smell nice it can last up to 6 hours thank you seller good perfume quality you can choose different variations depending on your taste , lahat maba bango items shipped immediately well packed well recommended",0.9648,GOOD,,smooth +0.9; nice +2.7; thank +0.2; good +3.6; bango +3.0; recommended +3.8
393,"Natry ko na tong product na binigay sakin ng kawork at matagal mawala amuy, makapit sa damit at skin , first time magpurchase tatlo agad binili cool girl, bombshell parehong sweet ang amuy Mabango talaga pero pinaka nagustuhan yung green tea fresh ang smell parang elizabeth arden.If familiar kayo the body shop ganun yung smell",0.6908,GOOD,,matagal -0.6; mawala -0.8; Mabango +1.0; pinaka nagustuhan +4.0
394,legit super perfume! long lasting oil based As always super bango.ito lage inoorder kasi fav ko na yung scent nya Nakailang bottle na cguro ako nito Super loved it!🥰🥰🥰,0.9823,GOOD,,legit +2.5; long lasting +2.5; bango +2.4; loved +3.4; 🥰 +3.0; 🥰 +3.0; 🥰 +3.0
395,"Oil-based but not sticky and it feels really smooth Super fragrant, both flowery scent and unique scents Long lasting! proven and tested 💯",0.942,GOOD,,smooth +3.1; Long lasting +3.8; 💯 +3.8
396,"oily super bango makapit at matagal mawala ang bango thank u seller, the best ang packaging nio kala ko tablet ang laman😀, secured talaga. God bless!",-0.907,BAD,yes,bango +2.4; matagal -1.2; mawala -1.5; bango +2.0; thank +1.0; best +3.2; 😀 +2.2
397,Excellent Oil based. I love the smell so much. I highly recommend this scent. long lasting and really smells great Oh my goodness I’m really happy with the perfume I purchased. Perfect choice. This scent is definitely my new favorite and I will surely order again. Thanks.,0.9854,GOOD,,Excellent +3.2; love +3.0; recommend +2.2; long lasting +2.5; great +3.3; happy +3.0; Perfect +3.0; order +1.0; Thanks +1.2
398,"Nice scent, so subtle on skin. Very refreshing. It really lasts long on my skin and my dress. Very fine mist, perfect for everyday perfume. Good product. Well quality and nice scent.",0.9186,GOOD,,Nice +1.8; perfect +3.0; Good +2.4; nice +1.8
399,"oil base very effective very nice scent Thank you so much for this shop. My order was received and delivered today. It's very nice and super like this scent, super bango and long lasting",0.9656,GOOD,,nice +2.4; Thank +1.4; order +1.0; nice +2.1; like this +2.3; bango +2.4; long lasting +2.8
400,long lasting good oil based good product. safe parcel. complete set of order. no damage. good quality. fast shipping. thanks seller. cheapest but high quality perfumes. i will order again.,0.9598,GOOD,,long lasting +1.2; good +1.2; good +1.2; order +0.5; good quality +1.1; fast +0.9; thanks +0.6; high quality +3.5; will order +3.0
401,mabango legit long lasting super bango I like the smell of Black Opium.ang bango² Niya Hindi masakit sa ilong..at long lasting sya..love it.thank u seller.,0.9776,GOOD,,mabango +2.0; legit +2.5; long lasting +2.5; bango +2.4; I like +2.1; long lasting +2.5; love +3.0; thank +1.0
402,Good Good Good Eros and Good girl super bango I love the smell always and always ako mag order dito sa shop na eto napaka mura and sulit talaga ang babayaran mo God bless and more sales,0.9829,GOOD,,Good +2.4; Good +2.4; Good +2.4; Good +2.4; bango +2.4; love +3.3; order +1.0; napaka mura +1.9; sulit +2.5
403,"Superb bango, so sweet oil based liquid long lasting Super secured ng packaging tapos ang sosyal ng bottle 👍🏼at ang bango ng Vanilla Lace, amoy sweet candy. Mabango din Good girl pero mas bet ko Vanilla Lace 🧡 Will order again, Thank you!",0.9615,GOOD,,bango +1.0; long lasting +1.2; 👍 +1.0; bango +1.0; amoy +0.1; Mabango +1.0; Good +1.2; bet ko +3.5; Will order +3.0; Thank +0.2
404,good good watery Strong but fragrant scent. Bought this as a sample and I can say that it's good for its price. The scent gets better the longer it stays in your shirt. Fragrance is different from the orig Bombshell. Hindi ko pa alam if long lasting but will edit it after trying. it lasts for a while but mild nalang after 4 hrs or so.,0.9294,GOOD,,good +1.2; good +1.2; good +3.6; long lasting +3.8
405,"100% Liquid Base Super Long Lasting Thank you seller received na po, fast shipping as always. Mabango, favorite scent ko na sya. Well secured and has no damaged. Will definitely order again. Your shop was highly recommended.",0.9603,GOOD,,Long Lasting +2.9; Thank +1.3; fast +1.8; Mabango +2.0; damaged +1.9; order +1.0; recommended +2.5
406,"Keeps you smelling fresh and confident throughout the day. Lightweight, liquid, non-sticky, and fast-drying. Long-lasting, pleasant, and refreshing scent. I really love this perfume. Sobrang sulit at mura lang siya. Nakaka addict yung amoy, sobrang bango at antagal mawala. You must try this Good Girl scent.",0.9267,GOOD,,love +3.2; sulit +2.9; mura +1.8; amoy +0.2; bango +2.4; antagal -1.8; mawala -1.5; Good +2.4
407,"Well-packed Strong and long-lasting Oil-based Nakailang order na ako nito, halos hindi ko na mabilang. Super bango niya, kahit nasa labahan ay amoy pa rin siya. Hindi masakit sa ilong and long-lasting. Super talaga yung balot ng bubble wrap kaya naman super secured din na hindi nababasag since babasagin siya. Thank you po, seller! Palaging nagugustuhan ng papa and mga kapatid ko 😊🫶",0.8702,GOOD,,order +1.0; bango +2.4; amoy +0.2; Thank +1.0; 😊 +2.0
408,perfect very nice quality check Sobrang bango at sobrng mura pa Ng items ni seller .. ilang beses ko na ito naorder at sa susunod na order ko ay Dito ulit Kay seller dahil friendly at accommodating pa sa mga client and customer Niya... And very nice attitude ni seller..,0.9783,GOOD,,perfect +3.0; nice quality +2.3; bango +2.4; mura +1.9; order +1.0; ulit +1.7; friendly +2.0; accommodating +2.0; nice +2.1
409,Watery Floral Lasts at least 3 hours I like the Paradoxe scent. Lakas maka-babae 😆 The Jo Malone Nectarine Blossom has the floral and slight citrusy sweet combination. Yung Paradoxe Naman very classy powdery and flowery.,0.7087,GOOD,,I like +1.8; classy +2.1
410,so long lasting super long lasting so nice I like this kind of perfume like a good girl smell so good Soooo many many time I order smell so long lasting talaka very nice very good,0.9874,GOOD,,long lasting +2.7; long lasting +3.0; nice +2.3; I like +2.2; good +2.4; good +2.6; order +1.0; long lasting +2.7; nice +2.1; good +3.1
411,"10/10 solid ang bango oil based grabe ang sweet ng amoy nya, kala ko nung una d mabango pero habang tumatagal don tumatalab yung bango salamat seller di ako binigo highly recommend this shop what you see is what you get",0.9602,GOOD,,solid +1.1; bango +1.0; amoy +0.1; mabango -0.7; tumatagal +2.7; bango +3.0; salamat +0.3; recommend +3.3; 10/10 +2.5
412,"oil 5 hours long lasting 5 hours long lasting Favorite. Long lasting. The product is too good for it’s cheap price. The seller is accomodating and nice. I will order again, thank you for the fast shipping.",0.9735,GOOD,,long lasting +2.5; long lasting +2.5; Long lasting +2.5; good +2.4; nice +1.8; will order +2.0; thank +1.0; fast +1.8
413,"oil-based 10/10 long lasting Super love this perfume! Nathalie Claid Good Girl smells elegant, feminine, and slightly sweet without being overpowering. The scent gives me a confident and classy vibe, perfect for both everyday wear and special occasions. I received several compliments the first time I wore it. The packaging arrived safely and the bottle looks beautiful. Longevity is also impressive for its price—I can still smell it on my clothes after several hours. Definitely a great affordable alternative if you like sophisticated and sexy fragrances. Will repurchase and try other scents from Nathalie Claid as well. Highly recommended! 💕",0.9893,GOOD,,long lasting +2.5; love +3.4; Good +2.4; classy +1.8; perfect +3.0; beautiful +2.7; great +3.1; affordable +1.8; recommended +2.5; 10/10 +2.5
414,"The perfume really does its job for an affordable price. It smells so good and it lasts more than 4 hours. The scent of good girl is a head turner, it really smells like an original perfume brand. This perfume is a must have! Fragrance smells so good and it stays with you even after hours outside. The mist is fine and really does its job",0.945,GOOD,,affordable +1.8; good +2.6; good +2.4; original +1.5; good +2.6
415,super bango long lasting oil based Late reviews: fast shipping and delivery...almost 1 day lang na received ko na po ang items ..no leaks and no damages ....delivered the right order...super bango and long lasting...5stars seller.... I recommend this shop you will not regret😊...thank you seller shopee and SPX rider. God bless po,0.9605,GOOD,,bango +2.4; long lasting +2.8; Late -1.5; fast +1.8; order +1.0; bango +2.4; long lasting +2.8; recommend +2.2; 😊 -1.5; thank +1.0
416,"Nathalie Claid-inspired perfumes capture a unique and elegant essence, blending complexity with sophistication. Known for her innovative and artistic approach, her fragrances typically feature rich, layered notes that evoke emotions and memories. The scents often combine floral, woody, and aromatic elements, creating an air of refinement with a modern twist. Perfect for those who appreciate artistry in fragrance, Nathalie Claid-inspired perfumes offer a distinctive, long-lasting aroma that lingers without being overpowering. Whether worn daily or for special occasions, these perfumes are a statement of luxury and elegance, offering an unforgettable olfactory experience.",0.6124,GOOD,,Perfect +3.0
417,10/10 10/10 10/10 Ang bango naman nito.marami na ako naaamoy na ganito kapg nasa labas ako.eto pala ung amoy na un.ang bango bango.matagal mawala.nice nice astig salamat seller,0.9804,GOOD,,bango +2.0; amoy +0.2; bango +2.0; bango +2.0; matagal -1.2; mawala -1.5; nice +1.8; nice +2.0; astig +2.9; salamat +1.6; 10/10 +2.5; 10/10 +2.5; 10/10 +2.5
418,"glass packaging great good This is my second time ordering in this shop. The long lasting effect is at least 3-6hrs. When it comes to the scents, for me it is 70% smell-like with the original one. So far, so good.",0.9524,GOOD,,great +3.1; good +2.4; long lasting +2.5; original +1.5; good +2.6
419,"Oil based Long lasting Super bango 1st time ko umorder. Super bango nila 😍 Nagustuhan ko lahat ng scent nila.. Will order again soon, try pa ako ibang scent.. Thank u seller for safe packaging and sa suki kong rider..",0.9713,GOOD,,Long lasting +2.5; bango +2.4; bango +2.4; 😍 +3.3; Nagustuhan +2.3; Will order +2.0; Thank +1.0
420,"Oily last long Super good I always love the smell of amethyst, and I really like the smell of their version of it. It’s not too alcoholy, iykyk. And it’s oil based, so it lasts long. Super worth it for its price.",0.9169,GOOD,,good +2.8; love +3.0; worth it +3.1
421,"Super smooth and smells really good. I love this scent, so nice My favorite scent Received in good condition, and right fragrance",0.9531,GOOD,,smooth +2.1; good +2.6; love +3.0; nice +2.0; good +2.4
422,"super makapit oily super bango ang bango nya as in sobrang kapareho nya ng amoy yung victoria secret ko na vanilla lace! nakakayaman ang amoy. ano pang hinihintay nyo? eto na ang sign. bumili na kayo. long lasting sya. like, 24 and more hours sya nagsstay sa damit. kahit nasa labahan shalla parin hahaha",0.8969,GOOD,,bango +2.4; bango +2.3; amoy +0.2; amoy +0.2; long lasting +2.5
423,super oil based strong mabango sya panlalake and nakapaka long lasting Yung perfume subok na subok ko na shop na to nakapaka long lasting mabango rin Yung meow,0.9186,GOOD,,mabango +2.0; long lasting +2.5; long lasting +2.5; mabango +2.0
424,"the fragrance lasts for hours feels smooth and not irritating on your nose naloka ako sa fast delivery 😂 ordered September 15, na received ko din the same day!!! Kudos seller and shopee!!! Thank you po... 5 stars ⭐⭐⭐⭐⭐ for the product niceeee 🫶🫶🫶🫶🫶🫰🫰🫰🫰🫡🩷🩵🩷🩵🩷🩵",0.8902,GOOD,,smooth +1.8; fast +1.8; Thank +1.0; niceeee +1.8
425,The product is good and it lasts for days The smell is good and fragrant. The product is easy to use. The product is cheaper than other products and the fragrance is cool and smooth.,0.8625,GOOD,,good +2.4; good +2.4; smooth +1.8
426,10/10 9/10 smooth Super nice as expected opkurs the scent is so super b good girl smells expensive and the best order ulo sa susunod actually nag try muna ako ng small version neto and i liked it!,0.9785,GOOD,,smooth +1.8; nice +2.1; good +2.9; best +3.2; order +1.0; i liked +2.0; 10/10 +2.5; 9/10 +2.5
427,"Absorb quickly into the skin while leaving a subtle, nourishing oil residue. Excellent longevity; the scent stays strong and noticeable on the skin for hours. A refreshing and uplifting blend of bright citrus and pleasant sweetness that remains perfectly balanced and subtle, never feeling overpowering. juicy citrus kick and melts into a warm, cozy sweetness. the longevity is fantastic—it lingers all day long!""",0.7901,GOOD,,quickly +1.5; Excellent +3.2
428,"fresh 7/10 thick finally found my new signature scent. It opens with a crisp floral note but settles into a warm, creamy vanilla and sandalwood that feels very elegant. I sprayed it on my wrist at 8:00 AM, and I could still catch glimpses of it by dinner time. It’s not overpowering, but I’ve received so many compliments on how i look a fresh humab being inside on a cocoon the bottle is just fine i hope someday the seller turn the packaging into boom sizes",0.0,NEUTRAL,,
429,long lasting very effective superb D&G light blue used to be my fave perfume eversince my dubai days. As in adik na adik ako sa amoy nya. And tagal ko ng nghahanap here ng kaamoy/inspire na light blue..at dito tlga katulad na katulad ng amoy.Also super mabango din ung good girl.pang sweet girl din ang atake..thanks,0.8847,GOOD,,long lasting +2.5; amoy +0.2; tagal -1.5; amoy +0.2; mabango +2.4; good +2.4; thanks +1.2
430,good good nice scent thank you very much for a quick shipping of this amazing item.... definitely will buy again as you have what i need from this series of perfume😍🥰,0.9788,GOOD,,good +2.4; good +2.4; nice +1.8; thank +1.2; quick +1.5; amazing +3.2; 😍 +3.0; 🥰 +3.0
431,Watery na may pagka oil pero naglalast amoy nya so bongga na 10/10 10/0 Myghad nahanap ko din ung perfect na scent ng meow. Almost perfect! Lagyan lang po ng kaonting sweetness scent pa para Halos same na sa Original. Long lasting siya mga bakla! Legit! Very affordable pa. Will order again. Cloud naman next.,0.993,GOOD,,amoy +0.3; bongga +4.0; perfect +4.5; perfect +4.5; Original +2.2; Long lasting +3.8; Legit +3.8; affordable +3.1; Will order +3.0; 10/10 +2.5
432,10/10 10/10 10/10 Received items completed. Well packed and no damages. I love the smell not so strong and very long lasting. Definitely will purchase again. Worth the price. I so love it.,0.9788,GOOD,,love +3.0; long lasting +2.8; Worth +2.0; love +3.2; 10/10 +2.5; 10/10 +2.5; 10/10 +2.5
433,10/10 10/10 10/10 Cgro pang apat ko n toh. D tlga ako nagsasawa ke good girl sarap ng Amoy at tumatagal tlga. Consistent c seller s maayos maingat n pagkakabubble wrap. Wag kau magbabago at kaming mga parojyano nyo will forever be grateful and loyal. Highly recommended Ang product at c seller. Khit cno mag deliver bsta maayos Ang pagkakapack wla mgging problema.. Thankie seller s pagging so maalaga s inyong mga customers. More power po🥰🥰🥰,0.9918,GOOD,,good +2.4; sarap +2.5; Amoy +0.2; tumatagal +1.8; maayos +2.0; recommended +2.5; maayos +2.0; wla -1.0; problema +1.1; 🥰 +3.0; 🥰 +3.0; 🥰 +3.0; 10/10 +2.5; 10/10 +2.5; 10/10 +2.5
434,Fine mist Very Good Long Lasting Seller was very accomodating. Shipping was fast. Items are handled with care and in good condition. Well packaged. More Sales to come... Godbless us all 🙏🙏🙏,0.9448,GOOD,,Good +2.7; Long Lasting +2.8; fast +1.8; good +2.4; 🙏 +0.5; 🙏 +0.5; 🙏 +0.5
435,superb liquid fragrant smell classy. oil based perfume. good for occasions. well packed no damage or leakage. matindi yung cloud amoy mayaman. ganun dn ung good girl. good job natalie claid. i love your scents. i will order more again for sure.,0.9648,GOOD,,classy +1.8; good +2.4; amoy +0.2; good +2.4; good +2.4; love +3.0; will order +2.0
436,"long lasting good oily just bought this tester to know the scents of these luxury perfumes. S33-smells like flowers. smell of a woman when set and dries. eclat- smells very light for me. i like it. jaadore-smells luxury, this one is my fave.. chloe-smell flowers also but not my type. i will order again more.i love long lasting perfumes.",0.9666,GOOD,,long lasting +1.2; good +1.2; i like +0.9; will order +3.0; love +4.5; long lasting +3.8
437,Complete items. Super affordable. Item was delivered without any damage. Will definitely purchase again. Fast delivery.,0.714,GOOD,,affordable +2.1; Fast +1.8
438,"Oily Mabango both Long lasting Both oily Scent progection : Both ate mild scent. Mas ok ung roll on kesa sa spray na mas matapang ung amoy ng alcohol lalo unang spray pag roll on then oily , d talaga malaks ung sillage. Pero pg malapit , maaamoy mo. 0best to apply ,wrist, neck and mga pulse area floral ung scent na my pagkawoody , sweet pero d overpowering unlike Vanilla OMNIA AMETHYST: idk if eto ung OG scent nya. Pero AMOY JUICY COLOGNE NA RED. Legit na ganun ung amoy. I have the tester ng mga to kaya same lang sya sa narecv ko. And i can say ALWAYS WAIT 2 weeks para mahinog ung scent. Wooow😂.",0.9485,GOOD,,Mabango +1.0; Long lasting +1.2; ok +0.5; amoy +0.1; AMOY +1.4; Legit +3.8; amoy +0.3; Wooow +3.3
439,10 mabango watery Well packed ang items when received. Purchased it for a lower amount because of voucher. Legit store. Will buy more in the future if maubos na. Thanks seller and rider s smooth transaction.,0.8402,GOOD,,mabango +2.0; Legit +2.5; maubos -1.5; Thanks +1.2; smooth +1.8
440,the fragrance lasts all day and is very long - lasting . the oil based texture feels smooth and easy to apply .,0.4215,GOOD,,smooth +1.8
441,"long lasting oil based If you love clean, powdery fragrances, you'll definitely enjoy this! It has a soft, comforting baby powder scent that's fresh, cozy, and perfect for everyday wear. Light, pleasant, and easy to reapply. highly recommended",0.9589,GOOD,,long lasting +2.5; love +3.0; clean +1.8; perfect +3.0; recommended +2.5
442,"The 30% oil concentration delivers impressive longevity, keeping the fragrance noticeable for hours with just a few sprays. It's perfect for both everyday wear and special occasions. The oil-based formula is lightweight, smooth, and non-sticky. It blends well with the skin and helps the scent last longer throughout the day. The Sauvage-inspired scent captures a fresh, clean, and masculine character with a sophisticated edge. It gives off a confident and refined vibe that's very close to the luxury fragrance, making it an excellent budget-friendly alternative. If you're looking for a luxury-inspired men's fragrance without the premium price tag, this is a great choice. It offers excellent performance, a fresh and masculine scent, and outstanding value for money. Highly recommended for men who want to smell classy and confident every day.",0.9825,GOOD,,perfect +3.0; smooth +1.8; clean +1.8; excellent +3.2; great +3.1; excellent +3.2; recommended +2.5; classy +1.8
443,"okay smells good okay It is shipped fast and delivered on time. Well-packed, right scent and size received just didn't expect that the 10ml is this small. Anyways, thank you!",0.8883,GOOD,,okay +1.0; good +2.4; okay +1.0; fast +1.8; thank +1.0
444,The Fragrance is long lasting. Oil-based perfume and blends well on the skin I highly recommend this perfume because for its price you’ll definitely love it plus it lasts long,0.8934,GOOD,,long lasting +2.5; recommend +2.2; love +3.0
445,"9/10 9/10 liquid. THANK YOU SO MUCH SELLER. I received an early gift from you. I believe it is Not the items I ordered, but I'll gladly take it 'cause I'm a regular customer of your shop/products. No.5 - too mature-smelling for me. 6/10 Light blue - a close replica of the original. 8/10",0.9394,GOOD,,THANK +0.9; original +2.2; 9/10 +2.5; 9/10 +2.5; 8/10 +2.5
446,"lasts all day on clothes, 10/10 lightweight and not sticky at all Meow- super bango, fruity, sweet and vanilla scent Cloud- creamy, coconut, lavender, and vanilla scent Super bango parehas and long lasting!",0.9324,GOOD,,bango +2.4; bango +2.4; long lasting +2.5; 10/10 +2.5
447,long last oil based Order received in good condition good quality and complete. First time ko mag order Dito. Super bango at mataas ang oil concentration niya. Cute ng bottle. Thank you po. Order ulit 😅,0.9664,GOOD,,Order +1.0; good +2.4; good quality +2.3; order +1.0; bango +2.4; Cute +1.8; Thank +1.0; Order +1.0; ulit +1.7
448,walang amoy mist walang amoy Cute size pwede dalhin kahit saan pero bakit walang amoy di ko maamoy ang scent ng Pink Chiffon sakanya amoy oil lang,0.2095,GOOD,,amoy -0.1; amoy -0.1; Cute +0.9; amoy -0.2; amoy +0.3
449,The fragrance lasts all day is noticeable even after every use The oil-based texture feels smooth and easy to apply It smells like a high end perfume and I can't believe that I just bought it in a very cheap price,0.4215,GOOD,,smooth +1.8
450,"Based on your 2-hour test, the perfumes seem to rank in longevity like this: 1. Meow by Katy Perry – still the most noticeable scent 2. Calvin Klein Eternity – next strongest 3. Dior Sauvage 4. Davidoff Cool Water 5. Dolce & Gabbana Light Blue – barely noticeable after 2 hours",0.4215,GOOD,,like this +1.8
451,The scent lasts all day even with one spray The oil based texture feels smooth and refreshing I LOVE THIS PERFUME SO MUCH. so affordable yet long lasting. 10/10🥰😍,0.9792,GOOD,,smooth +1.8; LOVE +3.7; affordable +2.0; long lasting +2.7; 🥰 +3.0; 😍 +3.0; 10/10 +2.5
452,last all day easy to use and light-weight Thank you so much po seller. Ang babango ng mga perfume ninyo. Sa uulitin. Salamat din kay Shopee at Sir Rider. God bless us po.,0.4939,GOOD,,Thank +1.0; Salamat +1.2
453,last all day oil based Super cute ng lagayan ito muna tnry ko mabilis kac akong magsawa sa amoy 😅 madami pa kong gustong subukan na scent kaya maliit na version muna inorder ko at yang dalawa na yan worth it ang bango amoy fresh ang atake😅,0.9032,GOOD,,cute +2.1; mabilis +1.8; amoy +0.2; maliit -1.0; worth it +2.8; bango +2.0; amoy +0.2
454,Long-Lasting: long lasting a little bit oil based Soafer bango neto mild lang sya pwedeng-pwede sa weather nating tag-init. Small lang order ko to try. And i will definitely order the bigger one. ❤️,0.9186,GOOD,,long lasting +2.5; bango +2.0; order +1.0; order +1.0; ❤ +2.5
455,"Oil Based Sooooo goooood! Excellent Suki na ko dito. I found my new fave, omnia amethyst talaga gamit ko kasi very clean girl ang atake. Kaso naghanap ilong ko ng mas girly scent, and super bango neto grabe. Sobrang bilis ng dating! Same day delivery! Tas ang bait pa ni courier 🥰 Will buy the oil roll on and bigger size sa payday! Hehehehe",0.9778,GOOD,,Excellent +1.6; clean +1.0; bango +3.5; bilis +3.2; bait +3.0; 🥰 +4.5
456,the fragrance last all day oil based texture its noticeable even after use i spray once and overwhelming scent. Mabango sya kinatagalan sa clothes ko,0.4588,GOOD,,Mabango +2.0
457,both are last longer than any scent since both are good for summer and commuters. it has oil based din nmn. Ganto mga scent ung gusto namin. Ung acqua na amoy fresh lang tlga tipong kahit mamawis ka mabango pa din. Ung touch of pink goods din sya flower na flower tlga ung scent.,0.9081,GOOD,,good +2.4; gusto +1.8; amoy +0.2; mabango +2.0; goods +2.0
458,"it really could last long smooth woooww Its scent lasts a long time, its scent really sticks to my body and clothes/uniform. I only sprayed it once, which is in the morning, but until 5pm the scent is still there, especially the Good girl scent",0.7579,GOOD,,smooth +0.9; Good +3.6
459,"⭐⭐⭐⭐⭐ Super satisfied with this purchase! 💖 The item arrived well-packed and in excellent condition. It looks exactly like the photos and the quality exceeded my expectations. Very worth it for the price! Delivery was also fast, and the seller was responsive and accommodating. Will definitely order again and highly recommend this shop. Thank you! 🫶",0.9797,GOOD,,satisfied +2.5; excellent +3.2; worth it +3.1; fast +1.8; responsive +1.2; accommodating +2.0; order +1.0; recommend +2.2; Thank +1.0
460,The fragrance lasts more than 12hrs It feels so smooth and good Must have the valaya scent!!,0.8,GOOD,,smooth +2.0; good +2.6
461,The fragrance last a good amount all day The oil based texture feels smooth and easy to apply What i love about is very budget friendly,0.9257,GOOD,,good +2.4; smooth +1.8; love +3.0; friendly +2.3
462,idk if long lasting but oil based kasi parang yellowish yung perfume hindi ko inopen lahat but tinry ko yung valaya amoy rich tita na chill lg pero strikta aura hahahah. this is my second time buying sa shop na to!!!,0.7562,GOOD,,long lasting +1.2; amoy +0.1; buying +2.2
463,"last longer if naka AC oil-based but not greasy Honest take: I’ve tried the OG Eclat, pero malayo din 🥲 - 6/10 if about the similarity ng scent with OG - 8.5/10 if mabango ba - once dried down medyo naiiwan yung floral powdery scent",0.5423,GOOD,,8.5/10 +2.5
464,"long lastinggggg, ket nag hugas nako ng kamay di pa rin nawawala yung amoy a pulso ko I LOVE ITTTTT",0.8567,GOOD,,long lastinggggg +2.5; amoy +0.2; LOVE +3.7
465,Item was received in good condition and the shipment was fast.,0.7351,GOOD,,good +2.4; fast +1.8
466,scent last day!’ oil spray hehe bango love it! hehehe must buy grabe kapit ng amoy all day,0.846,GOOD,,bango +2.0; love +3.0; amoy +0.6
467,Smells like the OG! oil-based I love the smell! It smelled like the original scent!,0.8114,GOOD,,love +3.0; original +1.5
468,got it for ₱0 sale. ang bango niya at ang bilis dumating. will order delina and valaya soon yung malaking version,0.8316,GOOD,,bango +2.0; bilis +1.8; will order +2.0
469,Last until 8hours promise 😭💖 Oil based Will order again po pag naubos. Thank you seller ☺️,0.3612,GOOD,,😭 -1.5; Will order +2.0; Thank +1.0
470,fragrance last for hours oil based Mabango siya lalo ung eclat,0.4588,GOOD,,Mabango +2.0
471,The scent lasts all day The texture feels smooth,0.4215,GOOD,,smooth +1.8
472,no freebies pero cute ng lagayan,0.5719,GOOD,,cute +2.7
473,"The cherry scent is really there. And surprisingly, i liked it",0.4588,GOOD,,i liked +2.0
474,long last subrang bangoooo oil based hndi nyo pagsisihan,0.5187,GOOD,,bangoooo +2.4
475,"Make me a photo the same as the second photo, the same dress and background but use my facial feature..use my 100% features, remove my eyeglasses,and make me look straight facing front",0.0,NEUTRAL,,
476,legit long lasting oil based ang bango nya as in. legit talaga cya and long lasting talaga cya pang ilang order ko na to.,0.9594,GOOD,,legit +2.5; long lasting +2.5; bango +2.0; legit +2.5; long lasting +2.7; order +1.0
477,"lasts for hours watery and oily at first it smells like a green guava in a good way, clean, crisp, quite citrusy, and so light",0.7351,GOOD,,good +2.4; clean +1.8
478,the scent stays soo long that even i already washed my clothes still there the fragrance is soo nice ans sweet,0.4215,GOOD,,nice +1.8
479,the fragrance is very good for its price. i highly recommended nathalie claid. afforable but the quality is superb.,0.8014,GOOD,,good +2.7; recommended +2.5
480,"Nagtatagal siya sa damit kapag spray , sa roll on nman masasabi kong mas mabango siya mas high cgro sa oil concentration",0.4588,GOOD,,mabango +2.0
481,mabango sya and long lasting maganda din lalagyan kahit 10ml lang,0.875,GOOD,,mabango +2.0; long lasting +2.5; maganda +2.5
482,packaging was good smells like fresh girl tapos sophisticated,0.5267,GOOD,,good +2.4
483,"good great Happy Sunday from NKN WATER REFILLING STATION, we are closed on Sundays. Our operation is from Monday - Saturday, 8:00-5:00PM. kindly advise if your bottles is possible for pick up tomorrow. Thank you.",0.9217,GOOD,,good +2.4; great +3.1; Happy +2.7; Thank +1.0
484,very cutesy size. haven’t tested the longevity yet pero mabango. will buy other scents next time. thank you!,0.6749,GOOD,,mabango +3.0; thank +0.2
485,last all day easy to apply Hindi masakit sa ilong,0.0,NEUTRAL,,
486,Smells really good and lasts quite long smooth and easy to apply,0.7543,GOOD,,good +2.6; smooth +1.8
487,It smells good..2nd time to order🥰🩷,0.8555,GOOD,,good +2.4; order +1.0; 🥰 +3.0
488,super long lasting! i love the scent very girly and nice scent super liit haha travel friendly!,-0.918,BAD,yes,long lasting +2.9; love +3.0; nice +2.1; liit -1.5; friendly +2.0
489,the fragrance lasts all day you will smell elegant and sophisticated,0.0,NEUTRAL,,
490,lasts all day easy to spray Love it. Will order again,0.7906,GOOD,,Love +3.0; Will order +2.0
491,good oil base Thank you seller highly recommended God bless you,0.836,GOOD,,good +2.4; Thank +1.0; recommended +2.5
492,sobrang tagal mawala ng amoy. very smooth to spray. every month ata ako nag oorder. :),0.155,GOOD,,tagal -1.9; mawala -1.8; amoy +0.2; smooth +2.1; :) +2.0
493,the fragrance last long all day i love the smell the liquid is good and easily to apply,0.8126,GOOD,,love +3.0; good +2.4
494,"The fragrance lasted all day Its easy to spray, and i love the smell of all the perfume i ordered",0.6124,GOOD,,love +3.0
495,nice smell oil based,0.4215,GOOD,,nice +1.8
496,"Yung Good Girl kaamoy ng bath and body works na dahlia, for me. Yung Black Opium medjo kahawig ng amoy ng Light blue sa unang spray. Long lasting.",0.7964,GOOD,,Good +2.4; amoy +0.2; Long lasting +2.5
497,Mabango lahat super nathalie claid na talaga maganda din tong new bottle nila,0.7717,GOOD,,Mabango +2.0; maganda +2.7
498,long lasting oil based,0.5423,GOOD,,long lasting +2.5
499,Hahaha ang liit lang pala ndi ko napansin ung ml hehehe well it's okay faves perfume ko nmn c Natalie next time ttignan ko mabuti ung ml always kc bnibili ko ung Malaki nila bottle 😊,0.7184,GOOD,,liit -1.0; okay +1.0; mabuti +2.0; 😊 +2.0
500,"Mild scent pero sobrang bango hindi masakit sa ilong. long lasting Kasi oil based. very sosyal Ang bagong packaging, oil based perfume talaga.",0.8827,GOOD,,bango +3.5; long lasting +3.8
501,Long lasting and oh so lovely scents,0.5423,GOOD,,Long lasting +2.5
502,ang tagal talaga naga last ang amoy ok kasi di agad mawawala ang fragrance ng perfume its true na may oil base ang mixture nga produkto nila na pabango satisfied if ma try mo,-0.5,BAD,yes,tagal -1.5; amoy +0.2; ok +1.0; satisfied +2.2
503,The same with the real J0 M long lasting - 5 hours max,0.5423,GOOD,,long lasting +2.5
504,10/10 10/10 10/10 mabango! hindi masakit sa ilong and long lasting. 80% close sa scent ng original perfume.,0.9628,GOOD,,mabango +2.0; long lasting +2.5; original +1.5; 10/10 +2.5; 10/10 +2.5; 10/10 +2.5
505,It's good it smells classic makes me want to try other scents,0.5267,GOOD,,good +2.4
506,Nice scent. Will do order again!,0.6239,GOOD,,Nice +1.8; order +1.0
507,Ito bet ko nagsisi tuloy ako isa lang yung binili ku napaka girly ng amoy Neto mapapabili ulit ako Nito pero yung 50 ml na,0.7622,GOOD,,bet ko +2.3; amoy +0.6; ulit +1.7
508,Thank you sa freebies! 🥰🫶🏼 Ang babango 🤍 complete and safe po dumating. Thank you so muchhh.,0.807,GOOD,,Thank +1.0; 🥰 +3.0; Thank +1.0
509,The fragrance lasts all day and is noticeable even after heavy use. The oil-based texture feels smooth and easy to apply. okay siya mabango naman nakuha ko pero ung spray niya buo buo but thats okay naman na cuz it’s affordable. what to expect ? diba,0.8625,GOOD,,smooth +0.9; okay +0.5; mabango +1.0; okay +1.5; affordable +2.7
510,the fragrance last all day ..is so good it smells so good as well,0.802,GOOD,,good +2.6; good +2.6
511,fragrance lasts all day smooth,0.4215,GOOD,,smooth +1.8
512,Finally found the scent na hindi ako magsasawa. Amoy shallah. The smell lasts for about 5hrs.,0.0516,GOOD,,Amoy +0.2
513,good it stays longer 24/7,0.5267,GOOD,,good +2.4
514,the fragrance last all day it feels smooth,0.4215,GOOD,,smooth +1.8
515,Long lasting ♡ oil based Smells good,0.7845,GOOD,,Long lasting +2.5; good +2.4
516,"Di ko bet talaga yung amoy, pero naglalast long yung scent guys ha. I suggest paradoxe at good girl na scent. good 👍",0.9291,GOOD,,bet -0.7; amoy +0.2; good +3.6; good +3.6; 👍 +3.0
517,i like the smell of eclat and O amethyst's its like mild na powdery hindi masakit sa ilong,0.4215,GOOD,,i like +1.8
518,Ayy totoo talagang napaka bango ng good girl scent 😍,0.9057,GOOD,,napaka bango +2.6; good +2.6; 😍 +3.0
519,0 0 I ORDERED 4PCS BUT ONLY 3PCS ARRIVED WHICH IS THOSE 3ML TESTER!!!,0.0,NEUTRAL,,
520,goods goods,0.7184,GOOD,,goods +2.0; goods +2.0
521,mabango naman may mga ibang variant lang na hindi ko nagustuhan ang amoy..,0.1275,GOOD,,mabango +2.0; nagustuhan -1.7; amoy +0.2
522,Ang cute parang sa nail polish.. mabango pwede pang office ang chloe at idole,0.7003,GOOD,,cute +1.8; mabango +2.0
523,"May crack sya sa corner na part ng isang bottle. Masyadong matapang ang pink chiffon, unfortunately I don't like it.",-0.3252,BAD,,like it -1.3
524,Iba na ung bottle nila ang cute hehe apakabango,0.7351,GOOD,,cute +1.8; apakabango +2.4
525,lastallday oilbase,0.0,NEUTRAL,,
526,ang bango,0.4588,GOOD,,bango +2.0
527,"Hindi nakasarado masyado yong takip kaya may natapon ng onti lalo na sa valaya. Sa amoy naman, parehas silang mabango, yong valaya parang may flower scent akong naaamoy sakanya na pang men ang amoy. Tapos sa issey naman not sure kung kaamoy talaga niya rin yong original, pero yong issey miyake kasi na hindi women medyo magkalapit sila ng amoy. Pero mas naaamoy ko yong pang women niyang scent nito talaga.",0.6187,GOOD,,natapon +0.8; amoy +0.1; mabango +1.0; amoy +0.1; original +0.8; amoy +0.3
528,Long lasting,0.5423,GOOD,,Long lasting +2.5
529,Nice smell,0.4215,GOOD,,Nice +1.8
530,ang bango bangooo lalo ng valayaaa!!,0.7639,GOOD,,bango +2.0; bangooo +2.0
531,Lbre= 8/10 (I love the dry down. it's fresh lang. but i don't think it's too similar sa og) Lady million= 5/10 (Siguro for more mature women bagay to. I haven't actually tried the og so I can't make a comparison. It's not for me but the dry down isn't too bad. The initial spray smells bad though imo. B Goddess= 7/10 (I only have the B Goddess intense version so I'm not too sure about how the Base Goddess would smell like. The initial spray is kinda far from the intense version but the dry down has very similar notes. Although it's a lot more subtle.) Not sure about the longevity yet but it is oil based so I hope it will last at least a while. I suggest always buying the 10mL tester versions before buying the full-sizes.,0.9173,GOOD,,love +1.5; bagay +0.8; bad +0.9; bad -1.2; buying +2.2; buying +2.2; 8/10 +2.5
532,Maliit lang sya pero mabango. Order ako ng malaki next time,0.7184,GOOD,,Maliit -0.5; mabango +3.0; Order +1.5
533,"depends siguro itatagal mabango siya pero nawawala agad yung amoy, ang liit din pala pero okay na mura naman",0.7469,GOOD,,mabango +1.0; amoy +0.1; liit -0.5; okay +1.5; mura +2.2
534,"di gaanong nagtatagal... mga 2-3 hours lang oil based parfum hindi mabango yung wood sage, sabi ng nakakaamoy parang amoy putok... hindi naman palitan ni seller. nakakahinayang. ok naman yung iba nila",-0.123,BAD,,mabango -1.5; ok +1.0
535,Super bangoo,0.0,NEUTRAL,,
536,"Mabango sya. Doubting lang if 10ml talaga to? Kasi may travel sizes ako from original brands na 10ml and hindi ganito kaliit/kakonti ang laman. Tried transferring sa 8ml bottle ko and hindi napuno. Nonetheless, one spray is matagal na amoy. Sana ayusin lang ung packaging.",0.5423,GOOD,,Mabango +2.0; original +1.5; matagal -1.2; amoy +0.2
537,Thank you po complete lahat,0.25,GOOD,,Thank +1.0
538,Mabango,0.4588,GOOD,,Mabango +2.0
539,"long lasting, kahit libagen na naaamoy pa din",0.5423,GOOD,,long lasting +2.5
540,ang ganda at mabango salamat po sa free,0.8271,GOOD,,ganda +2.5; mabango +2.0; salamat +1.2
541,thank you po,0.25,GOOD,,thank +1.0
542,Sobrang bago lahat. Thank you!,0.3164,GOOD,,Thank +1.0
543,It doesn't smell like Valaya at all. Super strong ng amoy. I don't understand the smell. 🥺,0.1318,GOOD,,amoy +0.5
544,ok padin pero parang di ganon ka long lasting ang amoy ngayon ni extreme,-0.4543,BAD,,ok +0.5; long lasting -2.8; amoy +0.3
545,"Bat ganyan dumating, puro sabon in order ko .tapos yung dumating puro biscuit jusko naman.",0.25,GOOD,,order +1.0
546,0 di msydo mabula tapos ntpon pa.ung dishwashing liquid ibato nyo pa kya nabasa ung baygon chalk di n magamit,-0.6355,BAD,,mabula -0.9; magamit -2.3
547,maganda sa kamay.. malambot super bula nia ilike it and mabango cia it is good both handwash and washing machine Mura at maganda sa kamay.. super bangonpa,0.9423,GOOD,,maganda +2.5; mabango +2.0; good +2.4; Mura +1.5; maganda +2.5
548,The detergent removes stubborn stains and keeps clothes clean. It is suitable for various types of clothes and cleaning needs. The powder feels good and cleans effectively.,0.7351,GOOD,,clean +1.8; good +2.4
549,good no good good Hindi sya mabango at hindi mabula,0.167,GOOD,,good +2.4; good -1.8; good +2.4; mabango -1.5; mabula -0.9
550,mabango thank you seller kc na delever agad .,0.6124,GOOD,,mabango +2.0; thank +1.0
551,Quality matches my expectations for detergent it works well for both hand this powder detergent suits both white and colored laundry Maganda mabula i like it Thankyou,0.8176,GOOD,,Maganda +2.5; mabula +1.2; i like +1.8
552,Walang coins reward kbye,0.0,NEUTRAL,,
553,Grabe effort q sa review tas wala mn lang reward coins edit q nlng s 1 star,-0.25,BAD,,wala -1.0
554,"maganda Siya nahuka ko lang Siya s amaliit na halaga,, Akala ko katulad sa iBang powder na binili ko last week pero iba bala medyu Marami Siya sa inaakala ko maganda mabula naman siya kailangan mo nga lang ibaba ng ilang minuto Bago simulan para mawala Yung mga stain worth it naman sa presyo pero nakuha ko lang naman kase Siya sa mababang halaga Maganda Siya worth it sa presyo sa pagbili ko,,",0.9493,GOOD,,maganda +1.2; maganda +1.2; mabula +0.6; mawala -0.8; worth it +1.4; Maganda +3.8; worth it +4.2
555,good for clothes very mabula and mabango effective for removing dirt sa clothes,0.8462,GOOD,,good +2.4; mabula +1.5; mabango +2.3
556,mabango medyo lang sya pag binasa mo is nag stay yung powder di natutunaw. not recommended for me. sorry! may nakaopen na isang pack siguro sa shipment pero di naman kumalat sa karton.,0.1134,GOOD,,mabango +2.0; recommended -1.9
557,Ayaw nyo po talaga ayusin yung pag pack nyo sa p.d. ano luray luray yung box or di kaya butas kya pati yung laman sa loob butas din.,0.0,NEUTRAL,,
558,Magda sna ang sabon pero kulang dpat 4 Bakit 3 lang dumating 🥺,-0.5023,BAD,,kulang -2.2
559,"it works well for both hand and washing machine. this powder detergent suits bot white and colored laundry. the powder feels good and can clean effectively. I'll order again,thankyou seller.❤️",0.8934,GOOD,,good +2.4; clean +1.8; order +1.0; ❤ +2.5
560,goods good goods Goods,0.9081,GOOD,,goods +2.0; good +2.4; goods +2.0; Goods +2.0
561,10/10 10/10 10/10 Thank you seller and shoppe ang ganda nang item nyo super bango and mabula talaga..legit na liget ang shop na ito...,0.976,GOOD,,Thank +1.0; ganda +2.5; bango +2.4; mabula +1.5; legit +2.5; 10/10 +2.5; 10/10 +2.5; 10/10 +2.5
562,Packed well and secured. Mabilis delivery. Lagi ako bumibili sa shop na ito. Thank you so much seller. Okay lang yung product for its price,0.5859,GOOD,,Mabilis +1.8; Thank +1.0
563,This powder detergent suits both ehite and colored laundry The powder feels good and cleans effectively. It works well for both hand and washing machine.,0.5267,GOOD,,good +2.4
564,Susko naman shopee supermarket na to dapat kayo Ang role model paano Tama magpack.yan isang Daan lang Ng packaging tape nyo tapos box nyo lambutin andsling nasira Nung gilid kita Ng rider Yan Ang sabi sa pagbyahe byahe daw kaya nasira e Kasi nga lambutin na box nabawasan tuloy 1kg pack ung order ko andali lang nasungkit e garapal di na nag abalang lagyan Ng packing tape ulit o.mismong items ko ni Hindi nakalagay sa bag or nipacking tape man lang sana para dikit dikit Ng Hindi madukot Ng mga riders/sorters nyo!!buy at your own risk ganyan dapat slogan nyo sa shopee supermarket!,0.2905,GOOD,,Tama +1.0; nasira -2.6; nasira -2.6; order +1.0; andali +1.8; ulit +1.7
565,suitable for various types of clothes feels good and cleans effectively removes stubborn stains Damot coins ah,0.5267,GOOD,,good +2.4
566,not use pa di pa nagagamit not use pa di pa nagagamit not use pa di pa nagagamit,0.0,NEUTRAL,,
567,10 10 10 maganda super bola maputi sa damit tipid gamitin..highly recommended oorder uli ako dati dlawa lng now lima ang orderin ko..sana may pa freebies na si seller hehhhe.. bilis dunating .. kapitbahay pa nmen si rider hehheh..,0.802,GOOD,,maganda +1.2; recommended +1.2; bilis +2.7
568,good good Di gaano mabula,0.7106,GOOD,,good +2.4; good +2.4; mabula -0.9
569,"TWICE NA NANGYAYARE YUNG PAGPAPADALA NILA NG WRONG ITEM, LUGE PA SA PINADALA NILANG ITEM JUSKO 3 SETS OF SURF ORDER KO TAS PURO MIGHTY PINADALA",-0.7003,BAD,,WRONG ITEM -2.5; LUGE -2.3; ORDER +1.0
570,good good good good na good po ung product nyo legit po.. ndi ibang product na inorder mo ung ang dadating sayo.iba naman po ung dumating sayo.. nakakasama lng po ng loob.. salamat po,0.9509,GOOD,,good +2.4; good +2.4; good +2.4; good na good +2.9; legit +2.5; nakakasama -1.9; salamat +1.2
571,Hindi mabula at nakakalinis ang brand na mighty kahit madami ka na nalagay na powder. Mura nga pero hindi naman effective. Ganun din.,0.1561,GOOD,,mabula -0.9; Mura +1.5
572,"di masyado mabula, di rin mabango yung fabcon vyvu g7g4d7h Cyby",-0.5504,BAD,,mabula -1.1; mabango -1.5
573,2/10 1/10 1/10 Ang nkapost nyo 10kls pro Ang Pina ship nyo 1kilo.,-0.8885,BAD,,2/10 -2.5; 1/10 -2.5; 1/10 -2.5
574,mabula ang maganda sa kamay HND matapang sakto lng pang Ilan order Kuna etk lng ang powder na gnagamit ko mula nun nkita ko ito sa shoppe,0.7717,GOOD,,mabula +1.2; maganda +2.5; order +1.0
575,Goods nung dumating di mabula sa washing tapos Wala Amoy pag nilabhan,-0.0093,NEUTRAL,,Goods +2.0; mabula -0.9; Wala -1.0; Amoy -0.1
576,the detergent remove stain Ang keeps clothes the powder detergent suit both decolor and white laundry quality match my expectations Mabango talaga,0.4588,GOOD,,Mabango +2.0
577,ok sya mabula at mabango perfect talaga good good,0.9545,GOOD,,ok +1.0; mabula +1.2; mabango +2.0; perfect +3.0; good +2.6; good +2.6
578,goods smell lasting legit authentic nn,0.7579,GOOD,,goods +2.0; legit +2.5
579,mabango sabi 10 kls order naman aqo tapus dumating sakin 1kls lng,0.6124,GOOD,,mabango +2.0; order +1.0
580,good .. ok mabango sya,0.8126,GOOD,,good +2.4; ok +1.0; mabango +2.0
581,good nmn safe tracking good quality,0.7717,GOOD,,good +2.4; good quality +2.3
582,good mabula at mabango Salamat seller subok kuna good,0.9217,GOOD,,good +2.4; mabula +1.2; mabango +2.0; Salamat +1.2; good +2.4
583,"Long lasting Very good good worth the price! will order again,",0.9547,GOOD,,Long lasting +2.5; good +2.7; good +2.7; worth +2.3; will order +2.0
584,2/10 good 2/10 hindi mabula.. kahit damihan mo.. kunti pa din yong bula,-0.6692,BAD,,good +2.4; mabula -0.9; 2/10 -2.5; 2/10 -2.5
585,mabango sya good good,0.8689,GOOD,,mabango +2.0; good +2.4; good +2.4
586,ok nmn po di sya masayado ma bula ok Un lng di sya mabula.,0.276,GOOD,,ok +1.0; ok +1.0; mabula -0.9
587,Salamat dumating din siya araw mismo na binigay salamat kay kuya,0.5267,GOOD,,Salamat +1.2; salamat +1.2
588,2/10 2/10 210 Sabon order ko Pero tissue dumating 🙄🙄,-0.7184,BAD,,order +1.0; 2/10 -2.5; 2/10 -2.5
589,ok ok ok Akala ko 10 klgm ung dumating skain eh 1 kilo lng 😭,-0.3612,BAD,,ok +1.0; ok +1.0; ok -2.0; 😭 -1.5
590,Low quality Waste of time. Way lami,-0.7906,BAD,,Low quality -2.5; Waste -2.5
591,good nice and bilis dumating salamat seller and Kuya raiders,0.8857,GOOD,,good +2.4; nice +1.8; bilis +2.0; salamat +1.2
592,okay nmn. sya legit 41 pesos kulang nakuha 1kg na,0.4588,GOOD,,okay +1.0; legit +2.5; kulang -1.5
593,Kala ko mabango Yung product... Pero bakit parang amoy🤥Ewan..saka Hindi ko Alam Kung 1kg pa ba to andami nang bawas...siguro dahil sa pag deliver Sana sa susunod ingatan naman..😞,-0.5106,BAD,,mabango +1.0; 😞 -3.3
594,good good mabula xa at mabango,0.9001,GOOD,,good +2.4; good +2.4; mabula +1.2; mabango +2.0
595,Sobrang Low Quality Halos lagay ko na ung kalahating kilo sa 8pcs ng damit di pa bumubula wala din bango sa damit. Triny ko muna bago nag review. Kala ko nga fake to nung ginamit ko. Budol lang to sa 40per kilo. Nakakadismaya!!! Dami pa naman ng binile ko. Pati packaging ung box butas butas na.,-0.9683,BAD,,Low Quality -2.9; wala -1.0; bango -1.5; fake -3.0; Budol -3.0; Nakakadismaya -2.8
596,good di pa na try Sbe 2k bat 1k lang sya,0.5267,GOOD,,good +2.4
597,naka ilang gmit nku Neto maga da siya mbula good for me,0.5267,GOOD,,good +2.4
598,"0 0 0 Yung mga item sa loob ng box basta nalang nilagay, nakahalo sa mga pagkain yung sabon. Take note, ilang powder na sabon inorder ko tapos hinalo sa mga biscuit may fabcon pa. Hindi manlang sinalansan ng ayos item parang binuhos nlng sa box",0.4215,GOOD,,ayos +1.8
599,1 kilo pero hindi pala. budol Sana true packaging nman.,-0.7579,BAD,,budol -4.5
600,good poorw good apat inorderq tama naman binayadq pero tatlo lng dumating wala nman makikita na pinagbuksan at iba ang kumuha. nagkamali ata yun seller sa nailagay ..hindi nirefund yun kulang sabi ko sa seller na diko nlang ibabalik yun item. irefund nlng yun kulang .. pano nmn yun pamasaheq maghatid sa j&t lugi..,-0.8608,BAD,,good +1.2; good +1.2; tama +0.5; wala -1.5; kulang -2.2; kulang -2.2; lugi -3.5
601,1 1 1 ung umorder ako pra maka save then darating sakin ganyan..halos wla ng laman baby wash ng baby ko.. dahil hndi nyo sinealed ung item!!! i just want a refund for that body wash pero gusto nila ireturn ko.. sa layo ng j&t dto s lugar nmin tingin nyo masasauli ko yn!!!! 0 star kyo sakin!!!! grve kyo,0.56,GOOD,,wla -0.5; refund -0.8; gusto +2.7
602,"Way lami Di maganda Low quality Madamot sa coins,",-0.7469,BAD,,maganda -1.9; Low quality -2.5
603,mura lng yung order ko pero hnde nka rating sakin iwan ko ong kinuha ni rider o ano ..nka picture sa ibang bahay,0.5423,GOOD,,mura +1.5; order +1.0
604,hello po ...bakit wla akung item na recieved....ang tagal ko ng hintay....tapos nakita ko received na ang naka lagay bakit ganon?,-0.5423,BAD,,wla -1.0; tagal -1.5
605,Akala ko nong una maayos Kase nag order na ako nong una tapos kumpleto naman dumateng tapos Ngayon nag order ulit Ako kulang nang Isa... Pag negusyo negusyo hnd yong mandadaya kaya 😠,0.34,GOOD,,maayos +2.0; order +1.0; order +1.0; ulit +1.7; kulang -1.5; 😠 -2.8
606,4 kilos order ko ..dumating ..3klos lng Nag bayad nmn Ako maayos sna Naman ibigay niyo din Ng maayos Ang order,0.7184,GOOD,,order +0.5; maayos -1.0; maayos +3.0; order +1.5
607,bat Isa lang dumating dapat dalawa kasi dalawa i norder ko ehhh nag babayad ng Tama tapos di pinabadala ng maayos 😫😫😫😫,-0.5393,BAD,,Isa lang dumating -2.0; Tama +1.0; maayos -1.5
608,Tanggap kuna order ko nakakalungkot lng isipjn na ilang arw ako nag hintay tapus darating sakin order ko nabutas natapun yung power sana hnd na maulit ganito maayus kami nag babayad,0.4588,GOOD,,order +1.0; order +1.0
609,Akala ko Yung 10 kls.😞😐Nung pag order ko 10kls. 1 kl lang pla. Plinaw naman next time tnx,-0.0,NEUTRAL,,😞 -2.2; order +1.0; tnx +1.2
610,Kulang ang dumating na order sa una lang Pala ma saya dahil noong una kung order ok naman dumating ang dalawa tapos 2nd order ko kulang na ng Isa Pina lubo nalang na plastic Yung Isa ano to tapos ayaw pa ipa refund ang parcel ko e nag request naman ako agad ng refund order pero Hindi ina accept kasalanan ko paba na late e delivery ang parcel ko sa mga delivery Rider Hindi na talaga uulitin,-0.3818,BAD,,Kulang -0.8; order +0.5; saya +1.1; order +0.5; ok +0.5; order +0.5; kulang -0.8; refund -0.8; refund -0.8; order +0.5; late -2.2
611,_ _ _ Dna uulit ulit,-0.3089,BAD,,ulit -1.3
612,"Napaka bubbles and mabango pang 6order kuna to, thanks you seller at kuya rider na mabait..Suki na ako ni kuya rider hehe😀",0.8992,GOOD,,mabango +2.4; thanks +1.2; mabait +2.2; 😀 +2.2
613,"ok sana yung product, mabango and nakakatanggal naman ng mantsa, kaso ang problema pakalahati na nung mareceive ko dahil may butas. dk if sinadya ba or what, kasi yung butas parang gawa ng cutter e!",-0.5487,BAD,,ok -1.0; mabango +1.0; problema -2.2
614,5 po order ko bakit 3 lang po pinadala niyo. Kompleto naman po bayad ko,0.25,GOOD,,order +1.0
615,no product delivered the rider already recieved the product not buyer.,0.0,NEUTRAL,,
616,"mabango naman .2nd order ko na kasi sa shop nyo. 6 pero 3 lng dumating kainis not good kulang kasi for the first time ko po umorder ng kulang ang inadala, kahit sa ibang shop..this time nakakadala ..6kls pcs po ang order ko tapos 3kls lng dumating kalahati ang wala .be a responsible seller naman po sna wag manloko ng tao kasi pinaghihirapan din po namin ang pangbayad sa powder na to. ihope po ng maibalik o maidelever pa po ninyo .2 nd order ko na dito datin ok naman good tapos 2nd order ganto.",0.881,GOOD,,mabango +1.0; order +0.5; good -0.9; kulang -0.8; kulang -0.8; order +0.5; wala -0.5; order +1.5; ok +1.5; good +3.6; order +1.5
617,good Kulang nang ISA Yung pinadala nyo SA akin. Nagbayad nman po ako nang tama.!! Apat po inorder ko tatlo Lang Yung dumating...,0.5399,GOOD,,good +2.4; Kulang -1.5; tama +1.0
618,N/a N/a N/a Not happy w/ this purchased. Nagbayad ako ng 150+ sa shipping fee para sa 19items tpos ang narerecived ko lng 2pcs na sabon.. Mabuti nlng ung para sa 17items na hindi ko natanggap naibalik sa account ko.. (lumalabas n mas mahal pa ung shipping fee sa sabon n natanggap ko) .. All in All hindi na ko maulit dito.,-0.2955,BAD,,happy -2.0; Mabuti +2.0; mahal -1.2
619,ok lng ok lng Akala ko sa Isang bag 10 kls.di nmn pala,0.0,NEUTRAL,,
620,0 0 0 tininmbang ko bago ko ireceive..kulang tlga sa timbang..hindi 10klos..bakit ang daya nyo? Naawa lang ako sa rider kaya nireceive ko nalang..di kayo patas..imbis na makaka mura...mapapamura ka tlga sa modus! KATANGAHAN!,-0.4164,BAD,,kulang -1.5; daya -1.2; mura +1.5
621,parcel delivered pero di ko naman nareceive. Kuya rider sama mo. Excited pa nmn sana ko. parcel delivered pero di ko naman nareceive. Kuya rider sama mo. Excited pa nmn sana ko. parcel delivered pero di ko naman nareceive. Kuya rider sama mo. Excited pa nmn sana ko.,0.0,NEUTRAL,,
622,beautiful wonderful wonderful,0.5719,GOOD,,beautiful +2.7
623,hindi siya mabula okey siya sa de color and white tshirt nakakaalis nmn kahit papaanu ng dumi ng clothes,0.0289,NEUTRAL,,mabula -0.9; okey +1.0
624,"Mura yung product, mabango. Kaso nung nareceive ko butas yung powder kaya kumalat dun sa loob ng box. Paki secure sana sa susunod para maiwasan yung ganitong incident.",0.6705,GOOD,,Mura +1.5; mabango +2.0
625,ok naman ok naman ok naman,0.6124,GOOD,,ok +1.0; ok +1.0; ok +1.0
626,hindi mabula,-0.2235,BAD,,mabula -0.9
627,nag order ako ng palmolive shampoo pero ang dumating isang di kilalang brand at conditioner na wala naman sa order list.akala nyo ganun lang kc kadaling magrefund/return lalo na ang layo ng lugar ko sa courier.,-0.7476,BAD,,order +0.5; wala -1.5; order -1.1; return -2.2
628,D Ku to natanggap.iwan Ku sa rider na nka asign.sa dinami dami ng order Ku sa shopee.ito lng ang d hinatid sa akin.ng txt nman ang rider.pru d talaga hinatid.tapos ng Iwan pa aku ng bayad sa guardhouse pra bayad.hapon nlng d talaga dumating.,0.25,GOOD,,order +1.0
629,good mabango i dont know 3 ang inorder ko 2 lang ang dumating..nakakadismaya..3 p naman nakasulat sa ibabaw ng box..sana sa susunod kumpletuhin nyo..,0.3818,GOOD,,good +2.4; mabango +2.0; nakakadismaya -2.8
630,mas mapapamahal. then yung mga freebies wala. at yung discount ng product wala din,-0.4588,BAD,,wala -1.0; wala -1.0
631,Dalawang tag isang kilo inorder ko yung isa okay yung isa parang basa tapos parang wala nman sa isang kilo 😒,-0.3818,BAD,,okay +1.0; wala -0.8; 😒 -1.8
632,Nilagay mo sa box useless din ngkadatapon ung sabon sayang effort mas maigi pa sana nilagay mo na lng sa plastic..nkkainis butas na binigay mo.pa sa akin..nxt tym ayusin.mo,-0.7906,BAD,,useless -3.0; sayang -2.0
633,"Daya isa lng pinadla 2 order ko e, 80pesos binayad ko tpos 1 lng ipapadla… ekis to..",-0.1779,BAD,,Daya -1.7; order +1.0
634,good good god So sadddd. Kulang ng isa yung item:(((,-0.0772,BAD,,good +2.4; good +2.4; sadddd -1.6; Kulang -1.5; :( -2.0
635,damaged package good Yung package nya sira. HINDI MABULA.,-0.721,BAD,,damaged -2.5; good +2.4; sira -2.5; MABULA -1.4
636,dalawang kilo binili ko isang kilo lang dumating binayaran ko nang sakto isang kilo lang dumating,0.2023,GOOD,,sakto +0.8
637,kulang quantity kulang quantity missing item mas ok Sana kung ilan po ang order ko ganun din dapat ang dating . kaya lang kulang isang pack . X3 tatlo order ko dalawa lang pinadala nyu . San yung ISA naligaw .😥 Pero bayad ko ko kompleto. I return ko Sana kaya lang wala na kaming sabon . kaya no choice ako . Sana nextime order pa naman ulit ako Pag naubos Pero disappointed na ko sa store nyu 😓,-0.8873,BAD,,kulang -0.8; kulang -0.8; missing -1.2; ok -1.0; order +0.5; kulang -0.8; order +0.5; return -0.8; wala -0.5; order +0.5; ulit +0.8; disappointed -4.0
638,Di manlang naka bubble wrap or anything na safety packaging. Dumating sakin sira lahat ng plastics tapon tapon yung product sa box,0.1779,GOOD,,sira -2.5; tapon +1.6; tapon +1.6
639,Hindi ko ito natanggap ..Rider lang nag received tapos parcel has been delivered na nakalagay tapps gawa2 ng proof of delivery sa ibang kalye na picture ang rider.😔😔 ok naman tong item kasi nakita ko naman to sa nanay ko kaya alam kong good ang item,0.6597,GOOD,,ok +1.0; good +2.4
640,10 10 10 Ang Bango at presyung pang masa . Salamat seller,0.6369,GOOD,,Bango +2.0; Salamat +1.2
641,kla KO powder safeguard pla 1% k Shoppe nmn oh..nkka lungkot,0.0,NEUTRAL,,
642,Pwede na kung washing gamit . Grabe ang hapdi sa kamay. Kahit hindi ako nag kusot. Grabe ung formula netong sabon na to. Wag nyo na subukan parang nassunog ung kamay ko sa sabon na to,0.0,NEUTRAL,,
643,"6 not good 👎👎👎👎👎 hindi tama ang ginawa nyo na 6 lang ang pinadala nyo,9 po ang order ko bat 6 lang ang pinadala mo reseller😡😡😡",-0.9842,BAD,,good -1.8; 👎 -2.2; 👎 -2.2; 👎 -2.2; 👎 -2.2; 👎 -2.2; tama -0.7; order +1.0; 😡 -3.0; 😡 -3.0; 😡 -3.0
644,wala masyado amoy pwede na pwede na Pwede na,-0.3254,BAD,,wala -1.0; amoy -0.3
645,"2nd time na butas ang item. Tried to ask for a refund for 1 item or voucher, however the seller wanted to return all items. They gave a 5% discount voucher w a minimum spend of 1500. I wanted to return/refund a 40 pesos item and they wanted me to spend 1500 to use the voucher? 🤣🤣🤣🤣",-0.8462,BAD,,refund -0.8; return -2.2; return -1.6; refund -1.6
646,good Kala ko 10 kilos..Yun pla 1kilo lang pla..di na Ako order d2 sa shop na 2,-0.5775,BAD,,good -2.0; order -0.7
647,"ok ndi pa na yry ok Received na ung parcel kapatid ko nag received, complete naman lahat. Mejo nabago ung date ng pag deliver.nagka problema lang sa rider. Hiningi ko nadin contact number nya sa customs services. Waiting nalang din.",0.128,GOOD,,ok +1.0; ok +1.0; problema -1.5
648,Nakakalungkot ganyan po ang dumating sa akin...ang saya ko pa naman pero ganyan po ang dumating sa akin...parang 1/4 po ang nabawas🥺,0.5106,GOOD,,saya +2.3
649,low 1/5 not good Tama lang sa presyo nito ang quality dapat di mag expect na maganda porket nasa mall di mabula at di rin mabango ipanglilinis ko ng kaldero pang as is bagsak nire,-0.6303,BAD,,good -1.8; Tama +1.0; maganda +2.5; mabula -0.9; mabango -1.5; 1/5 -2.5
650,nice thank you shoppe 10,0.6124,GOOD,,nice +1.8; thank +1.2
651,Bulok! sana man lang merong bubble wrap ang loob kahit sabon...Nakabox nga pagdating naman saken gutaygutay na box dahil sa mga balahura na rin na mga riderrrr...... tsk! sana naka man lang seller kahit papano may proteksyon... Jusme! wag basta makabenta lang!!!!,-0.7326,BAD,,Bulok -3.0
652,sabon binile q! bat di bumubula ! 0/10,-0.6229,BAD,,0/10 -2.5
653,"Diko pa xa natry kakabukas ko lang bukas pa Ako naglalaba bukas ko pa natry,,Dito lang Ako natawa Kasi 10kilos nakalagay Nung inorder ko tapos tig 1 kilo pala Buti nalang pala 2 inorder ko,40pesos mura na kako sa susunod wag nyo ilagay description 20kilos may video pa kayo pinapakita na Malaki hahaha kakaloka 1 kilo lang pala",0.3612,GOOD,,mura +1.5
654,ito ung order ko na di nakarating sakin tapos Order received na samantalang dipa na dedeliver sakin😏 ano nangyari sa delivery rider???? toink!...,0.0,NEUTRAL,,
655,Good quality Good parcel Mabilis delivery Excellent product The package arrived safely. P.S photo and video are not related.,0.9287,GOOD,,Good quality +2.3; Good +2.4; Mabilis +1.8; Excellent +3.2
656,"Mali mali yung dumating yung isa maliit 500g lang tas iba iba yung kulay eh tatlong pink yung inorder ko😢 ang tagal pa dumating kay improper packaging, hys ako payung naka tapal kasi hati2 kami , lugi kasi yung isa dahil maliit kaya binayaran nalang namin kawawa kasi🥺",-0.9468,BAD,,Mali -1.8; mali -1.8; maliit -1.0; 😢 -2.0; tagal -1.5; lugi -2.3; maliit -1.0
657,Hindi ko nagustuhan ang amoy at hindi rin mabula pwede na ito gamitin panglinis ng cr or panglaba ng mga basahan,-0.5252,BAD,,nagustuhan -1.7; amoy +0.2; mabula -0.9
658,poor ok So sad it was not packed properly. Kumalat sa box ung powder and namix with other soaps. Buti i didnt ordered food with it. I wished it couldve prepared maayos 😔😔😔,-0.1531,BAD,,poor -2.0; ok +1.0; sad -1.6; maayos +2.0
659,"whag ng ibenta pag alam ng butas ang plastic. tapon tapon ang laman kaya pala binalot ng plastic wrap. aware ka na na butas , pinadala pa 🤬🤬🤬 poor",-0.9081,BAD,,tapon +1.6; tapon +1.6; 🤬 -3.2; 🤬 -3.2; 🤬 -3.2; poor -2.0
660,Kung sino ka man na nagpack ng order ko ikaw nalang sana ang bumili netong Mighty Soap na butas nilagyan mo pa ng scotchtape at binalot ng cling wrap as if walang damage 😠😡🤬 Tambaloslos ug utok nga ibaligya pa na damage na ang pack.,-0.8268,BAD,,order +0.5; 😠 +3.1; 😡 -4.5; 🤬 -4.8
661,"i-1 star ko lahat! Aba sabog ang mighty powder detergent nyo. Basta nyo na lang pinagsasaksak sa kahon hindi nyo man lang naisip iplastic yung sabon. Alam nyo naman na pagkain ang ibang kasama! Oat meal, energen at suka! Kulapol ng sabon, hinugasan pa ng inay lahat. Yung oatmeal amoy na amoy sabon! Syempre hindi na na-picture or na-video ng matanda at nagpanic na sa nakita nya, hinugasan agad at nanghihinayang sa pagkain! Walang konsiderasyon sa mga bumibili sa inyo! Anong thinking yon isalaksak nyo sama sama sa loob ng isang kahon ang sabon at pagkain na di man lang nilagay sa plastic man lang??? HINDI BA KAYO NAKAKAEXPERIENCE MAMILI SA SUPERMARKET AT DI NYO ALAM MAGKAMADA NG PANINDA??? kung gusto nyo mastress, etong store na to ang magbibigay ng stress sa inyo!",-0.5374,BAD,,sabog -2.3; amoy na amoy +0.7; gusto +1.8; stress -1.5
662,"10pcs inorder ko dumating 7 lang nakakadismaya, binayaran ko lahat tapos Ganon lang yung dumating.",-0.5859,BAD,,nakakadismaya -2.8
663,"No good packaging ngkalat ang powder soap punit at di manlang binalot ang coffee ng plastik bago itinabi sa mga sabon, kalungkot nwalan nako ng tiwala s shopee warehouse nato, no trust to buy groceries from you anymore",-0.6784,BAD,,good -1.8; punit -1.8
664,"I was so excited for this, pero nung nag-unbox na ako may mga stain akong nakita. Old stock siguro itong ipinadala sa akin ng NBS. How sad. ☹️ product-image All The Bright Places Mti Trade Paperback National Book Store",-0.4767,BAD,,sad -2.1
665,product-image Modern Periodic Table of the Elements (Size 12x17.5 inches) - School Charts & Posters,0.0,NEUTRAL,,
666,"It’s working just fine, but I’ve only had it for almost a month and it’s already needing a battery replacement. The seller is bot responsive product-image Canon Scientific Calculator F-789Sga-Tbk Clear Asa Hb",0.4215,GOOD,,responsive +1.8
667,Wrong design product-image Journal Notebook Art A7 80Sheets With Elastic Band,0.0,NEUTRAL,,
668,product-image Arco Folder Divider A4 5Tabs Colored National Book Store,0.0,NEUTRAL,,
669,Color orange chineck out ko pinadla color pink MY GOD!!!VERY DISSAPOINTED 🙄🙄🙄 product-image Croco Adhesive Tape 12mmx22M S-Roll Cellophane National Book Store,-0.7649,BAD,,DISSAPOINTED -3.7
670,tinanong q ung seller regarding this product if my wireless connection at sumagot ng oo kaya nagpurchase aq.. pero nung tiningnan ng mga anak q.. wala siyang wireless connection.. product-image Hewlett Packard Printer 520 A4 Ink Tank All In One Wireless - Office Equipment,-0.3612,BAD,,wala -1.5
671,product-image Timeless Classics: A Journey to the Centre of the Earth by Jules Verne - Trade Paperback,0.0,NEUTRAL,,
672,"it seems like the cover of the book doesn't cover the whole pages the papers are so thin it seems like it was not came from a freaking bookshop It looks fake and it looks like just a copy of a book The book cover on the website IS NOT THE SAME as what arrived, Im so disappointed product-image Crime And Punishment By Fyodor Dostoyevsky - Mass Market - Classics",-0.7269,BAD,,like it +1.8; fake -3.0; disappointed -2.9
673,"basically sent me a dried marker bad, useless product-image Sharpie Metal Fluorescent Marker Gold Metallic",-0.8176,BAD,,bad -2.5; useless -3.0
674,"product-image Pentel Gel Pen Kn104 Black Hybtechn, Red, Blue National Book Store",0.0,NEUTRAL,,
675,There was a cut Weak There was a cut as if it was bitten by a bookworm Ó╭╮Ò product-image Timeless Classics: The Tenant of Wildfell Hall by Anne Brontë - Trade Paperback - Classics,0.0,NEUTRAL,,
676,product-image English-Filipino Dictionary National Book Store,0.0,NEUTRAL,,
677,product-image Harry Potter And The Prisoner Of Azkaban Classic by J.K Rowling Trade Paperback,0.0,NEUTRAL,,
678,"Complete orders correct variations maganda quality affordable sulit okay talaga maraming salamat seller and shopee amazing po niceu product-image HBW Permanent Marker 211, Black National Book Store",0.9571,GOOD,,maganda +2.5; affordable +1.8; sulit +2.5; okay +1.0; maraming salamat +1.8; amazing +3.2
679,Complete orders correct variations maganda quality affordable sulit okay talaga maraming salamat seller and shopee amazing po niceu product-image HBW Tundra Oil Gel Pen Retractable 0.5mm Black OG-32 - School & Office Supplies,0.9571,GOOD,,maganda +2.5; affordable +1.8; sulit +2.5; okay +1.0; maraming salamat +1.8; amazing +3.2
680,Complete orders correct variations maganda quality affordable sulit okay talaga maraming salamat seller and shopee amazing po niceu product-image HBW Ballpoint Stick 2000 Black Fine National Book Store,0.9571,GOOD,,maganda +2.5; affordable +1.8; sulit +2.5; okay +1.0; maraming salamat +1.8; amazing +3.2
681,Complete orders correct variations maganda quality affordable sulit okay talaga maraming salamat seller and shopee amazing po niceu product-image Hbw Ballpoint Stick 9801 Black 3'S National Book Store,0.9571,GOOD,,maganda +2.5; affordable +1.8; sulit +2.5; okay +1.0; maraming salamat +1.8; amazing +3.2
682,"10 10 Thanksssss! product-image Dictionary Filipino-English , English-Filipino Dictionary Trade Paperback By Anna Adriano",0.3595,GOOD,,Thanksssss +1.2
683,product-image Page Classics: Greek Myths & Legends Stenciled Edge - Hardcover,0.0,NEUTRAL,,
684,product-image Grandmaster of Demonic Cultivation Volume 5 by Mo Xiang Tong Xiu - Trade Paperback - Teens Fiction,0.0,NEUTRAL,,
685,product-image Chronicles Of Narnia Book 6: Silver Chair,0.0,NEUTRAL,,
686,"product-image The Horse And His Boy Trade Paperback By C.S. Lewis Chronicles Of Narnia, Book 3",0.0,NEUTRAL,,
687,product-image Remnants of The Departed by Yamada Kanehito - Trade Paperback - Teens Fiction - Manga Book 9 product-image Remnants of The Departed by Yamada Kanehito - Trade Paperback - Teens Fiction - Manga Book 10,0.0,NEUTRAL,,
688,tiniklop 😢 ang panget tuloy so paano gagamitin Will not recommend this. Kala ko trusted since NBS. Pero tiniklop. So porket long e iaadjust niyo? Hahaha. product-image Seagull clearbook Refill Ch229 Long 10sheets 27hol,-0.7527,BAD,,😢 -2.0; panget -2.8; recommend -1.6; trusted +2.0
689,"binenta pa rin kahit putol na, yung iba okay naman product-image HBW Tundra Oil Gel Pen Retractable 0.5mm Black OG-32 - School & Office Supplies",0.25,GOOD,,okay +1.0
690,product-image Flag Nylon Spain With Stick Wooden 13X21Cm National Book Store,0.0,NEUTRAL,,
691,"They gave me an old stock,I recommend buying to other store instead or ps. product-image The Things You Can See Only When You Slow Down by Haemin Sunim- Self-Help",0.4019,GOOD,,recommend +2.2; buying +1.5; Slow -2.0
692,"Items delivered is AGP13671 instead of AGP13672. product-image M&G Expert Gel Pen 0.7mm, Blue AGP13672 - School & Office Supplies",0.0,NEUTRAL,,
693,dented and damaged product-image Campus Notebook B5 40Pages Salmon Pink product-image Campus Notebook B5 40Pages Light Purple,-0.5423,BAD,,damaged -2.5
694,I ordered 7pcs...I just received 4pcs.. product-image JTMAx Plastic Eraser Mini Bear Cheese 7531 (color may vary) - Erasers,0.0,NEUTRAL,,
695,I left a message to the seller to make sure there are no damages and they send me this :( I was so excited pa naman. I noticed too late after removing the plastic cover/seal. I cant return it na :/ product-image Sulit Reads Fair 2995: Hunger Games Deluxe Box Set by Suzanne Collins - Trade Paperback,0.0284,NEUTRAL,,late -1.5; return +1.1; Sulit +2.5; :( -2.0
696,"1 month bago dumating, kung di nag penalty yung shopee sa seller di nila e ship. Di man lang nag update kung available paba yung item kasi bayad kuna. product-image Tracing Tube Expandable Black - School & Office Supplies",0.0,NEUTRAL,,
697,na na na 4 out of 6 items. Didn’t received this one and didn’t received a refund. product-image Clipboard A4 Black And White Cat Series Shan - Files & Folders,-0.3612,BAD,,refund -1.5
698,"Delivered on September 5, low battery kaagad. product-image Canon Scientific Calculator F-789Sga-Tbk Clear Asa Hb",0.0,NEUTRAL,,
699,"Mahal sa 200 pesos pero sobrang hina ng tunog prng yng nasa gilid lang. Kung d lang ako tinatamad ibalik kasi hindi naman magamit itapon lang. Sayang pera. product-image Carrefour Earphone Wired, Blue - Work from Home - Online School Essentials",-0.9052,BAD,,Mahal -0.6; magamit -3.5; Sayang pera -4.2
700,Isang color lang tumama green I expected to have on what it advertised tas ang tagal pa I shipped kung di ko pa finollow up di gagawin product-image Sakura Gelly Roll Pens Glaze Promo Bundle 3'S Xpgbgl-3,-0.3612,BAD,,tagal -1.5
701,"2/5 Disappointing check the book thoroughly after receiving it there is a damage at the back. What's funny is I've bought preloved or used books before and none of them were as damaged as this, and what's even more hilarious is this was supposed to be ""brand new"". How come the used/preloved books are better in quality than this ""brand new"" book? Real shame product-image Timeless Classics: Mansfield Park by Jane Austen - Trade Paperback - Classics",-0.8934,BAD,,Disappointing -2.7; damaged -2.5; 2/5 -2.5
702,Cover is damaged. it has a crease that goes around from the front to the back product-image Timeless Classics: Peter Pan by J.M. Barrie - Trade Paperback - Classics,-0.5423,BAD,,damaged -2.5
703,"The item was damaged. There were discolorations and folds on the edges of the book, the book cover has scratches, and the price label was attached on the actual book instead of the plastic cover/film attached to it. This was the last book to complete my set. It’s just disappointing that NBS let this kind of book condition arrive to their customers product-image Heartstopper #1 Trade Paperback By Alice Oseman - Graphic Novel - Comics",-0.802,BAD,,damaged -2.5; disappointing -2.7
704,"product-image Best Buy Plastic Envelope Clear Flat - School & Office Supplies Long, Gauge 8",0.6369,GOOD,,Best +3.2
705,product-image Faber Castell Rubber Eraser Dust-Free 1871-20 National Book Store,0.0,NEUTRAL,,
706,product-image Kw-Trio Book End 2300 Metal National Book Store,0.0,NEUTRAL,,
707,I did not receive this item. Kulang pinadala nila. Isang gift wrapper lang nareceive ko. product-image Disney Gift Wrap Tsum Tsum Bruno Blue B2B National Book Store,-0.7184,BAD,,did not receive -2.5; Kulang -1.5
708,"I ordered this during their live at the MIBF and Sir Ambeth was there to sign the books. Although I received the book with his signature as promised, it has a large chunk or tear at the last page of the book! They didn’t even bother to check. This is very disappointing as this was from a know bookstore. product-image Looking Back 15: Martial Law Tradepaper National Book Store",-0.6465,BAD,,disappointing -3.0
709,gayahin nyo nga ang fully booked! product-image Page Classics: Classic Horror Stories Stenciled Edge - Hardcover,0.0,NEUTRAL,,
710,kairita! may scratches yung EGYPTIAN MYTHS AND LEGENDS product-image Page Classics: Greek Myths & Legends Stenciled Edge - Hardcover,0.0,NEUTRAL,,
711,"As usual, NBS burara product-image Page Classics: Egyptian Myths & Legends Stenciled Edge - Hardcover",0.0,NEUTRAL,,
712,sa nipis ng bawat packs halata na hinde 80pcs ang laman hypoallergenic dahil parang binasa sa tubig lng obviously not 80 pcs,-0.3612,BAD,,nipis -1.5
713,suit for the price Thank you seller! nareceived ko nang maayos at walang damage yung product Kaso parang hindi naman talaga 80 pcs every pc 😅,0.6476,GOOD,,Thank +1.0; maayos +2.0
714,30 pieces lang hindi 80 pieces per pack Sabi 80pcs binilang namin kasi nagtataka kami ang bilis maubos ng 20packs. Kanina nung dineliver napansin namin na ang nipis kada pack. 30pcs lang pala ang laman. Sana nagsasabi nalang ng totoo kesa yung pinapaniwala niyo buyer niyo na 80pcs per pack. E di man lang nangalahati. 30pcs lang po.,-0.6124,BAD,,maubos -1.5; nipis -1.5
715,not bad not bad not bad Akala ko malalaki Kase nasa pic malaki pero pag dating ng package ang liliit pala ewan kung nag 80sheets ba sya kase ang nipis,-0.3767,BAD,,nipis -1.6
716,👍 5.10 👍 Okay Naman pero I was disappointed Kasi manipis lang pala mini sya maliitt mas okay na nabibili ko sa market na 3 for 50 makapal pa. Not satisfied,-0.7745,BAD,,👍 +1.0; 👍 +1.0; Okay +0.5; disappointed -4.0; manipis -2.2; okay +1.5; satisfied -2.4
717,"40 PCs. ang kulang na wipes,di kayo naawa sakin and sa reseller q..tpos I requested for a refund but I didn't receive any response from you po..grabe kayo..ung puhunan q nawala🥺🥺 Wala kayong awa!!🤬🤬🤬🤬🤬",-0.9924,BAD,,kulang -0.8; refund -0.8; didn't receive -3.8; Wala -1.5; 🤬 -4.8; 🤬 -4.8; 🤬 -4.8; 🤬 -4.8; 🤬 -4.8
718,Not very good quality. Unlike other legit wet wipes these ones are too thin and too wet (watery).,-0.6972,BAD,,good quality -1.9; legit -1.9
719,"No good, ang kunti ng laman ng wipes ibang iba sa picture kalahati lang ang laman kumpara sa ibang shop. Di na ako oorder ulit sainyo nakaka dismaya",-0.795,BAD,,good -1.8; iba sa picture -2.2; ulit +1.7; nakaka dismaya -2.8
720,haaiiisss halos parang wlang laman ang mga wipes di nman ganito nabili ko sa iBang seller khit Sabihin mo na Hindi binwasan ng rider malamang nman na di nya talaga nabawasan Yan ang quality sna ng paninda mo madam tignan mo muna Bago mo ibenta lagi aq bumibili ng wipes Kase paninda ko andami nito nasa 20pcs tpos lahat ganito kasuya bumili syo pinaglalaban mo pa sa live mo,0.0,NEUTRAL,,
721,Talaga?!!! ito ba ang big packs? Series man nkalagay at ang nipis iilan lang ang laman. sabi malalaki baka iba yata naipadala sa akin???? Bakit sa ibang reviews makakapag naman??? Ito ba ang big packs???nakita ko pa sa reviews maganda ang bukas a may plastic sealed bat ito wala?,-0.6219,BAD,,nipis -1.5; wala -0.7
722,wla n syang hangin😅 1 1,-0.25,BAD,,wla -1.0
723,not recommended,-0.431,BAD,,recommended -1.9
724,idk sakto lang sakto lang Dont fool customers... just be honest wd the content..,0.0,NEUTRAL,,
725,ok ok I only received 30 wipes but I ordered 60. big scam no refund ok ok I only received 30 wipes but I ordered 60. big scam no refund,-0.5831,BAD,,ok +0.5; ok +0.5; scam -1.8; refund +0.6; ok +0.5; ok +0.5; scam -5.2; refund +1.7
726,they serve the purpose well but may not be ideal for heavy duty tasks though some sheets appear thinner performance is okay but uses may vary as results Hindi naman ganito ung inaasahan ko.sobrang nipis at parang walang 80 sheets.ung nabasa ko naman na review pareho ang nakuha nilang product.pero sakin hindi.bakit ganun seller?,-0.5065,BAD,,okay +0.5; nipis -2.8
727,ok naman ok sya maliit na sya Dina katulad ng dati 20pcs pero marami ang laman ngayon kaunti nalang ang laman😟,0.25,GOOD,,ok +1.0; ok +1.0; maliit -1.0
728,8/10 8/10 𝐷𝑖 𝑎𝑘𝑜 𝑠𝑎𝑡𝑖𝑠𝑓𝑖𝑒𝑑 𝑑𝑖 𝑚𝑎𝑛 𝑙𝑎𝑛𝑔 𝑙nilagay 𝑆𝑎 𝑏𝑜𝑥 𝑘𝑎𝑦𝑎 𝑝𝑎𝑔𝑑𝑎𝑡𝑖𝑛𝑔 𝑠𝑎𝑘𝑖𝑛 𝑦𝑢𝑝𝑖 𝑦𝑢𝑝𝑖 𝑛𝑎 𝑝𝑎𝑟𝑎𝑛𝑔 𝑛𝑎𝑝𝑖𝑔𝑎 𝑙𝑎ℎ𝑎𝑡... 𝑆𝑎𝑛𝑎 𝑛𝑒𝑥𝑡 𝑡𝑖𝑚𝑒 𝑖𝑙𝑎𝑔𝑎𝑦 𝑠𝑎 𝑏𝑜𝑥,0.7906,GOOD,,8/10 +2.5; 8/10 +2.5
729,Ano to bakit ganto yung product?? Wala yung matigas na pang cover pag ni-re seal mo yung wipes. Matutuyo nalang to pag binuksan. Dati nag order ako pero di naman ganto. Won’t order from this shop again lol,-0.2755,BAD,,Wala -0.5; order +0.5; order -1.1
730,10/10 10/10 10/10 20 pieces nga!!! Thank you po seller. All are packed and handled carefully Napakamura para sa maayos na quality. Helpful ito para sa bedridden kong nanay. Fast shipping pa.👍,0.98,GOOD,,Thank +1.0; Napakamura +1.9; maayos +2.0; Helpful +2.0; Fast +1.8; 👍 +2.0; 10/10 +2.5; 10/10 +2.5; 10/10 +2.5
731,"good good good 1st time kong umorder nito ,maganda syang gamitin lalo na kung may mga pupuntahan kayo. Maganda din yung seal nya sticky masyado,para hindi madaling mag dry yung mga wipes sa loob.",0.9531,GOOD,,good +2.4; good +2.4; good +2.4; maganda +2.5; Maganda +2.5
732,"maganda sya gamitin ,user friendly .. 10/10 10/10 worth the price. makakatipid kana dahil napamura.. bibili pa ako nito soon. nagustuhan ng baby ko ..",0.9638,GOOD,,maganda +2.5; user friendly +2.2; worth +2.0; nagustuhan +2.3; 10/10 +2.5; 10/10 +2.5
733,"Very well packed. No leakage, arrived in good condition. Complete lahat ng order ko. Saktong 20 pcs. Maganda din Yung quality niya. Worth it for the price.",0.9136,GOOD,,good +2.4; order +1.0; Maganda +2.5; Worth it +2.8
734,"Very Good Excellent 👌 Perfect Sobrang satisfied ako sa product na ito. Thank you seller for providing a good quality to your customers. Recommended shop. Kung gusto niyo makatipid with good quality, order na kayo rito. ⭐⭐⭐⭐⭐",0.9857,GOOD,,Good +2.7; Excellent +3.5; Perfect +3.0; satisfied +2.5; Thank +1.0; good quality +2.3; Recommended +2.5; gusto +1.8; good quality +2.3; order +1.0
735,excellent excellent excellent Grabe ang daming At buo tlga xa 20pcs. Gnda ng quality wipes nto Thank you manong sa nag hatid. Anng bait PO ☺️,0.9686,GOOD,,excellent +3.2; excellent +3.2; excellent +3.2; Gnda +2.5; Thank +1.0; bait +2.0
736,"Warning, you wont get as what is advertized as to the quality and size.look they havent shown it in their add that you will get 1/4 of the size of what is shown.it felt like scam.that is the reason why they would put no unboxing video no return because the quality is like garbage.do not be deceived by the buy10get 10 as i did. And there is no option to refund or return.",-0.8121,BAD,,scam -3.5; return +1.1; refund -1.5; return -1.5
737,good good not yet determined I think it is okay however the seller sent an incomplete items,0.8316,GOOD,,good +2.4; good +2.4; okay +1.0
738,Yes mura pero dapat yung totoo lng ang ilagay sa descrip. Alam ko na alam yung nagbebenta nito na ganto lng yung bilang .kasi halatang ang nipis nya parang pinalitan lng ng bago yung tape para magmukhnag bago .....ngaun lang ako nakarecieve ng ganto .kaya binuksn ko tlga at binilang yung laman..30pcs lang jusko,-0.3612,BAD,,mura +0.8; nipis -2.2
739,The photo shows 80 pcs per pack but the actual item received contains only 30 pcs per pack. Will never purchase this item!!!!,0.0,NEUTRAL,,
740,gg good vg Palagi ako na order nito pero ngaun ko lng binilang ang laman 80pcs ang alam ko laman pero noon binilang ko 30pcs lng pala..,0.6597,GOOD,,good +2.4; order +1.0
741,1/10 1/10 8/10 Smaller than the picture not the same as advertised. Napakakonti ng laman pra s 80 wipes madaya!,-0.7574,BAD,,madaya -1.7; 1/10 -2.5; 1/10 -2.5; 8/10 +2.5
742,ang kunti ng laman parabg di naman 80pcs kaloka.. kalahati lang lama kaya pala mura parang hinati ung laman sa loob hindi pala ako nakatipid .. 🙄🙄. mura nga sya pero ang kunti ng laman .. lagi naman ako nag oorder ng wipes na ganito pero sa ilang beses kung nakaorder ito lang yung kunti ang laman lahat kaunti ang laman.. ang layo ng kapal nya . parehong walang bawas pero kaunti yung laman.,0.6124,GOOD,,mura +1.5; mura +1.5
743,5/10 5/10 5/10 Walang bango .10packs lng kala ko 20pack wipes,-0.357,BAD,,bango -1.5
744,serve the purpose but not enough quality is good but the sheets are thin okay but limited its use sobrang nipis at liit. will not recommend. kaya pala magaan for 60pcs,-0.8171,BAD,,good +1.2; okay +0.5; nipis -2.8; liit -2.0; recommend -2.4
745,1/10 1/10 1/10 Sira yung packaging pag ka deliver at 10pcks lang ang natanggap ko it's so sad I expected 20 packs kasi yun yung nakalagay😓,-0.9485,BAD,,Sira -2.5; sad -1.6; 1/10 -2.5; 1/10 -2.5; 1/10 -2.5
746,3/10 3/10 3/10 Sabi sa seller big size. Ang dumating subrang liit. Parang ang I pack na wipes. Hinati sa tatlo. 0/0,-0.9161,BAD,,liit -1.4; 3/10 -2.5; 3/10 -2.5; 3/10 -2.5
747,Lumabas tubig loob at wala man lang carton or bumble wrap nilagay kompleto nga pisa naman paano ko bebenta to hay kakainis,-0.6486,BAD,,wala -1.0; kakainis -2.3
748,5sTaR THaNks sa B̊aB̊y wiPes sayo ako oRDeR uLiT gRaB̊e NakaTiPeD ako sa mga PiNagkokoNaN ko .,0.7096,GOOD,,THaNks +1.2; oRDeR +1.0; uLiT +1.7
749,Walang problema sa pag deliver kasi mabilis lang naman dumating tsaka very friendly yung delivery rider.,0.802,GOOD,,problema +1.1; mabilis +1.8; friendly +2.3
750,"HINDI BIG WIPESSS HINDI SIYA BIG WIPES HINDI SIYA BIG WIPES Anliliiittt, HINDI BIG",0.0,NEUTRAL,,
751,ang order ko is 10 pack big wipes ang dumating small sobrang liit hindi kayang punasan ang pwet ng baby😡😡😡,-0.9239,BAD,,order +1.0; liit -1.4; 😡 -3.0; 😡 -3.0; 😡 -3.0
752,Such a scam ! The packaging says 80 wipes but obviously it’s not 80 in the package as I was able to buy the same from 168 mall but the quantity inside was right but not this one !,-0.7256,BAD,,scam -3.5
753,madaling damating pero parang tubig lang Yung Naka mix sa wipes wala man lang amoy na mabango.,0.3134,GOOD,,wala -1.5; amoy -0.2; mabango +3.0
754,actually i want to refund this lier it said it 80 pcs.. but i count it only have 30 pcs.. well buy 3 all will go back to seller.. tell the truth what is inside your package.. 🎃 80 series what's that .. lier more.,-0.7992,BAD,,refund -0.8; lier -1.1; lier -3.3
755,good nakalagay big pero hindi naman tapos sa feature items nyo iba kesa sa dumadating okay Ilagay ang tamang description sa items/products para di mag expect too much ung buyers nyo☺,0.5719,GOOD,,good +1.2; okay +1.5
756,5 5 5 Not as ive expected.,0.0,NEUTRAL,,
757,"0 0 0 Scam to, ang nipis maxado kalahati lng ang lmn, 80 series daw pero wala pang 40laman, wag kau bibili d2 Una photo un ung d2, 2nd photo ung dati ko pa nbili sa ibang seller",-0.7184,BAD,,Scam -1.8; nipis -0.8; wala -1.5
758,1 0 Bat ganito tong dumating saken ..basa lahat ..nkaka disapointed tlga dina aqou ulit bibili,-0.25,BAD,,disapointed -2.7; ulit +1.7
759,"quality is good and okay hndi sya totoong kada isang wipes 80pcs binilang ko 30pcs lng ang laman..so nsan ang ibang 50pcs? mraming kulang..20pcs wipes binili ko so kulang ako ng 1,000 pcs!",0.126,GOOD,,good +2.4; okay +1.0; kulang -1.5; kulang -1.7
760,actual quantity is 30small wet wifes only 😭 😭,-0.6124,BAD,,😭 -1.5; 😭 -1.5
761,why does it have so much liquid and less wipes??? ok not like the first ones we got Not what i expected. Disappointed that i bought so much.,-0.4019,BAD,,ok +1.0; Disappointed -2.7
762,"20packs small lang hindi big😔 not yet tried small lang po,akala ko big,kasi nakalagay big wipes 20packs😊",0.4588,GOOD,,😊 +2.0
763,1/10 1/10 1/10 Ang nipis nya 😡compare sa nabili ko dati sa beautiful woman ph.di nako uulit dito sa shop nato😡,-0.9538,BAD,,nipis -1.5; 😡 -3.0; beautiful +2.7; 😡 -3.0; 1/10 -2.5; 1/10 -2.5; 1/10 -2.5
764,"walang 80pcs laman ng wipes sobra isang pack maghapon lng sa bby ko ..di kgya una kong order umaabot ng 3days. hays , thank you nlnh",0.128,GOOD,,order +1.0; hays -1.5; thank +1.0
765,iNsted of 80 sheets every pack ang naa sa sod ky 30 sheets only 10 pcs,0.0,NEUTRAL,,
766,Grabe naman si seller nakalagay 80pcs ang wipes..sa nipis nitong lalagyan mukhang 20 lang to..nakakalungkot naman sa ibang seller kahit manipis yung wipes pero 80 naman ang laman..😢 Sorry seller di na mauulit,-0.7579,BAD,,nipis -0.8; manipis -0.8; 😢 -3.0
767,Ang pangit sobrang pangit tlga as in HNdi ka nakkatuwa seller wlng hiya ka aq nahiya na nagrecieve grabe ka wla ng wipes na tulad nung pinadala sobrang nipis na nga ang liit pa nung midmong items na wipes mukhang pera,-0.9594,BAD,,pangit -2.8; pangit -3.1; wlng hiya -3.0; wla -1.4; nipis -1.9; liit -1.0
768,1/10 1/10 Akala ko Malaki sya pero maliit pala. Ok sana Kong maliit Kong makapal lang kaso Hindi rin haystt 😌,-0.9001,BAD,,maliit -0.5; Ok -1.0; maliit -1.5; 1/10 -2.5; 1/10 -2.5
769,"0/10 0/10 -0/10 I'm so disappointed at your quality!!! This not what I'm expecting. Ang layo sa picture, at subrang nipis pa. Pangit subra ng quality.",-0.9717,BAD,,disappointed -2.9; nipis -1.9; Pangit -2.8; 0/10 -2.5; 0/10 -2.5; 0/10 -2.5
770,di nkpavkage ng maau ..ubos ang tubig sa wipes di hlatang 80sheets prang 10sheets,0.0,NEUTRAL,,
771,"Nakaka dismaya namn napaka nipis lng pala neto mas makapal pa daliri ko 🤦 isang gamitan lng to kada isa , nakalagay sa post nyo 80pcs 🤦 ayusin nyo nmn po ung nga ipopost nyo maging honest nmn kau 🥺 bumili ako ng 20 pcs para kahit papano pang matagal un pala hindi nakaka disappointed kau seller angsarap ibalik netong order ko !!!!!!!!",-0.3757,BAD,,Nakaka dismaya -2.8; napaka nipis -1.9; matagal -1.2; disappointed +2.0; angsarap +2.5; order +1.0
772,"It's quite deceiving because it is indicated BIG wipes , even the video showed they are big , but the package received was small. I was not able to take a picture of the items because we are in a hurry to distribute those supposed to he BIG wipes which turned out to be small only. Completely disappointed!",-0.7959,BAD,,deceiving -0.8; disappointed -4.0
773,Akala ko 20pcs dumating saken 6pcs..di na makakaulit seller budol kayo. Dipa nagreresponse sa chat huhuhuhu,-0.6124,BAD,,budol -3.0
774,"FOR CLEANING ETC POOR OKAY NAMAN FOR ME MAGAGAMIT KO SA PAGLILINIS & PAMUNAS NG LAPAG. HINDI LANG SATISFIED SA AMOY KASI WALA SYANG AMOY, TAPOS SOBRANG NIPIS PARANG KULANG ATA YUNG LAMAN🥲 GINAGAMIT KO DIN KAY BABY PAMUNAS NG KAMAY NYA PAG TAPOS KUMAIN, COMPLETE ORDERS & NO DAMAGE❤️ TY",-0.8931,BAD,,POOR -2.0; OKAY +1.0; SATISFIED -1.6; AMOY +0.2; WALA -1.0; AMOY -0.1; NIPIS -1.9; KULANG -1.6; ❤ -1.9; TY +1.2
775,ang laki ng nasa picture pero pag dumating syo maliit. lalo na yung kitchen wipes. disappointed malala,-0.8201,BAD,,maliit -1.5; disappointed -4.0
776,Ang kapal kapal nang sa picture tapos ang nipis sa personal. Ang 20pcs katumbas lang ang 4 packs (80 sheets) na wet wipes. Ang liit liit ng laman. Kakaimbiyerna.,-0.6705,BAD,,nipis -1.5; liit -1.0; liit -1.0
777,Sabi 80pcs yung wipes pag bukas ko 30pcs LNG nagbabayad naman ng maayos tz pakukulangin nyo pa.. parang scam LNG,-0.3182,BAD,,maayos +2.0; scam -3.3
778,"10/10 10/10 10/10 mabilis nmn po delivery, pero decieving kasi yong 80pcs big wipes binilang ko 30 pcs lang laman. thank u",0.8555,GOOD,,mabilis +0.9; decieving -2.2; thank +0.2; 10/10 +2.5; 10/10 +2.5; 10/10 +2.5
779,it is a big scam! i rceived the small packed not the big packed wipes..so frustrating..kaya pala ang bilis kasi scam ..,-0.8858,BAD,,scam -3.5; frustrating -1.9; bilis +1.8; scam -3.5
780,okay naman ung wipes nextime pakiayos nman po ang pag wrapped kasi lumabas na ang mga tubig kasi naipit matubig ang loob ng platic,0.25,GOOD,,okay +1.0
781,good okey maganda Hello po seller bakit po 16 lang po eh 20 pck ang order ko po at ang bayad tama naman po bakit ganon lage naman ako ga order piro now kulang ano po sa tingen nyo dapat eh tama naman kc po paninda din po yon wala po akong magandang comment kc kulang at sa rider god bless po,0.836,GOOD,,good +2.4; okey +1.0; maganda +2.5; order +1.0; tama +1.0; order +1.0; kulang -1.5; tama +1.0; wala -1.0; kulang -1.5
782,Hindi na sya katulad ng quality ng dati. Noon yung meron pang cover yung wipes ngayon plastic nalang yung cover as you can see sa photos and videos,0.0,NEUTRAL,,
783,Na scam ako dito kala ko Nakamura ako napamahal pa pala. binilang ko Isa Isa KC nagtaka ako bkit sobra nipis Ng lagayan parang bawas pero Hindi naman bukas. Naka indicate 80 sheets sa Isang pack pro sobrang nipis Ng Isang pack so binilang ko nalang para sure. 30 sheets lng pala Ang laman Wala pa sa kalahati. 20packs nga sya. pero 30 sheets lng laman per pack kaloka Kya pla Ang nipis. Juicekopo Dami scammer talaga ngayon,-0.9485,BAD,,scam -1.8; nipis -0.9; nipis -0.9; Wala -0.5; nipis -2.2; scammer -5.2
784,Ang dudumi ng items kita nmn sa vid and pic. Ang baho parang ang tagal ng naka stock. Dry na rin yung more than half ng wipes. Di rin magagamit. Di na ako uulit sa seller na ito. May ibang seller na kahit affordable di nmn kagaya ng items dito. Never again 😡😡😡👎🏻👎🏻👎🏻,-0.9647,BAD,,baho -2.0; tagal -1.3; magagamit -2.3; affordable +1.8; 😡 +2.2; 😡 -3.0; 😡 -3.0; 👎 -2.2; 👎 -2.2; 👎 -2.2
785,"ang ge deliver nga item sobra ka gagmay ambot nlang gyud big wipes ang nka butang tas ang ge deliver sobra ka gagmay ,dghan pud ga order sa inyo ngaa wla may klaro inyong item nga gedeliver",0.0,NEUTRAL,,order +1.0; wla -1.0
786,"good disappointed 80 series daw, di malaman kung bakit baga series yun? Binilang ko 30 sheets lang per pack, nakakadisappoint, hirap na nga kitain ng pera eh may mga tao pa na ganito, di mo alam kung nanloloko oh nananadya talaga. Sa mga oorder pa dont expect na kung ano yung nakaphoto yun ang ibibigay.. 😒",-0.8552,BAD,,disappointed -1.9; nakakadisappoint -2.7; 😒 -1.8
787,kala ko big wipes ok Yung quality maganda un lang Mali ang pangdescribe sa photo sna ilagay kung big wipes or small wipes sa photo,0.4019,GOOD,,ok +1.0; maganda +2.5; Mali -1.8
788,Look how thin per pack.it certainly is not 80 sheets. Quality is ignificantly gone compare to the previous order. Defintely it's th last time im buying these crap.,0.5423,GOOD,,order +1.0; buying +1.5
789,Bago sana po magpack bilangin nyo muna ng mabuti kc tulad nito ang daming kulang 8pcs. ang kulang..nag chat ako di naman kayo sumagot..,-0.3612,BAD,,mabuti +3.0; kulang -2.2; kulang -2.2
790,hindi sya malaki as advertised parang half lang ng regular size wipes but the packaging is compact can bring anywhere,0.0,NEUTRAL,,
791,Order ko big ipapadala nyo small nagbabayad kami ng tama dapat maayos at tamang item ang ipadala ninyo grabe ugali ng mga seller.,0.7184,GOOD,,Order +1.0; tama +1.0; maayos +2.0
792,ung nasa taas na photo ay bawas na sa ibang shop ko binili. Makapal at madami laman mabango ng konti unlike dun sa dati ko unscented maliit at manipis. 1st time ko mag rate ng ganito sa product. Hindi na ako uulit,-0.128,BAD,,mabango +2.0; maliit -1.0; manipis -1.5
793,Ga basa waman lang gi cartoon kabalong ma dat ogan sa uban parcel nawa lata neya ga basa pag abot,0.0,NEUTRAL,,
794,SOBRANG ONTI NG LAMAN okay naman kaso onti laman 1/10 Sa picture Kala mo talaga maganda product. Pero not what you see is what you get. Sobrang pipit pa ng product. And kahit nayupi sya alam mo parin pinagkaiba ng maraming laman sa onti laman.,0.4678,GOOD,,okay +0.5; maganda +4.0; 1/10 -2.5
795,"20pcs wipes nga, Yung wipes naman wala pa sa kalahati yung laman",-0.25,BAD,,wala -1.0
796,"Fast delivery And the product is good, well packaging will order again soon thank you seller and shopee more sales",0.8807,GOOD,,Fast +1.8; good +2.4; will order +2.0; thank +1.0
797,Items do not have the hard plastic flip-top cover that helps prevent the tissue from going dry (first photo). Photos in the ad as well as items previously ordered show the items with this plastic cover (2nd photo). Seller should have messaged me if the product packaging was changed already or replaced the photos in the ad.,0.0,NEUTRAL,,
798,2/10 3/10 1/10 Items are not as what is shown in the picture. Very thin compared to the picture. I don’t suggest buying this product.,-0.912,BAD,,buying -1.1; 2/10 -2.5; 3/10 -2.5; 1/10 -2.5
799,75% 50% 70% Ayusin mo Naman Ang pag package seller. Grabe butas Ang iba dahil Marami tubig lumabas sa packing ! Customer not satisfied on your items! I'm so disappointed!,-0.8128,BAD,,satisfied -1.6; disappointed -2.9
800,"I'll just change my review once I get the exact package I want. I ordered 4 for 20 packs. So, I'm expecting that its 80. But, I only received 40 pcs. Thank you!",0.3164,GOOD,,Thank +1.0
801,skbrang dugyot mapapamura ka sa kababuyan wag na wag kayong bibili sa shop na itooo grabeee kayooooo nag babayad kami ng tama bago ganito ang product nyoooo😡😡,-0.8793,BAD,,dugyot -2.1; tama +1.0; 😡 -3.0; 😡 -3.0
802,"1/10 1/10 1/10 Kakareceived ko lang ng parcel. Napaka liit ng mga sheets, at ang konti unlike sa nabili ko date. Wag na kayo mag aksaya ng oras nyo bumili dito, madidisappoint lang kayo",-0.9169,BAD,,Napaka liit -1.4; 1/10 -2.5; 1/10 -2.5; 1/10 -2.5
803,Hindi mnlang naibox Alam. Nman. Na.wipes Basang basa ung iba at naiipit Hindi manlang. Inayos Qng ayaw nyoh ayusin ang pag ppdala Ng product nyo wag kayo magbenta sayang Pera qng cra ang nadating pinaghihirapan ang pambili,-0.5859,BAD,,sayang Pera -2.8
804,"The seller is not honest, madaya ang seller, sobrang ga-muta pala sa liit ng mga wet wipes samantalang ang pang-come on nila ay BIG WIPES kuno na kabaliktaran naman dahil pang dwarf lang ang pwedeng gumamit nito, biro mo 2.5 inches lang ang lapad at 6.5 lang din ang haba ng mga wet wipes, wala din xang plastic outer cover gaya ng kino-commercialize ng store na ito!!!! So BAD, no good, will never ever recommend this product so with this store!!! Poor performance of these TOO SMALL in size wet wipes, FIRST IMPRESSION lasts, dishonest Seller!!!! My first and last time to purchase in this store, so disgusting, I'm so disappointed and dissatisfied!!!",-0.9805,BAD,,madaya -1.7; liit -1.0; wala -1.0; BAD -3.4; good -1.8; recommend -1.6; Poor -2.0; TOO SMALL -2.7; disappointed -2.9
805,Nag order ako ng wipes 20 packs big wipes Ang dumating ang liliit ano ba yan seller di man lang chineck ng maayos ehhh nag expect panamn ako na big wipes Yun dadating Yun Pala Ang liit🤦,-0.1779,BAD,,liit -0.7
806,nakaka disappoint ang seller ng product na ito . pag dating ng items skin subrang basa at nag tubig ang loob ng plastic hndi man lng nilagyan ng bouble rap.. halos n piga lhat ng tubig sa wet tissue,-0.5719,BAD,,nakaka disappoint -2.7
807,good good Sabi don sa naka lagay big bat pag dating Dito anliit pala tapos mukang Hindi 80 sheets Pa naka dismaya,0.7003,GOOD,,good +2.4; good +2.4; anliit -1.0
808,Ang sabe BIG WIPES daw! Ang dumating ewan. Di na ko mauulit sa store na ito. Fast naman yung delivery.,0.4753,GOOD,,Fast +1.8
809,Ayusin nio nman un order.20 pack un order ko.18 praso lng na received ko.Ngbyad ako pra sa 20 pack!!!,0.5962,GOOD,,order +1.0; order +1.0
810,Sana sinecure Naman Yung packaging Po. Ang pangit nag pagkakalagay. Dry na Yung iba Kasi napiga na siguro. Dapat secured Yung pagkakabalot like naglagay Dana Ng patigas or what para Naman Po kahit mapatung patungan Hindi Po mapitpit Ng ganyan.,-0.7351,BAD,,pangit -4.2
811,"2 2 2 40 pcs lang po ito at hindi 80 pcs nililito nyo ang mga buyer pakitanggal nyo ang 80 series at di po ""big"" niloloko nyo mga buyer wag kayo magadvertise ng di totoo",0.0,NEUTRAL,,
812,Madaya c seller. Big ang order ko at nakalagay big ang dumating size lang ng panty shields.,-0.1779,BAD,,Madaya -1.7; order +1.0
813,2/5 1/5 1/5 Small wipes not big wipes good for small areas only,-0.9228,BAD,,good -1.8; 2/5 -2.5; 1/5 -2.5; 1/5 -2.5
814,"Terrible akala ko mapapamura ako dito, literal na mura pala maeenconter ko. napakacareless ng seller, wala bubble wrap or karton to protect the items from damages nagleak ung wipes, parang timpay na naupuan, as in flat, wala ng air sa wipes, parang na-vacuum irereturn ko sana pero napaka-hussle nito not recommended ito wipes na ganito also this shop, they didn't care for parcel 📦",-0.851,BAD,,Terrible -1.5; mura -1.0; wala -0.5; wala -0.5; recommended -2.8
815,not recommended no! no! no!👎 Hindi sya big wipes guy's first time ko na disappoint sa order ko for affiliate sana to.. Ang taba nya sa picture kaso un dumating malnourished 😆,-0.8491,BAD,,recommended -1.9; 👎 -2.2; disappoint -2.3; order +1.0
816,kung makacompare ka sa kleenfant eh talong talo ng kleenfant ang product mo ang 80 sheets ng kleenfant makapal at malaki samantlang tong item niyo na 80 sheets tatlong patong ng product mo para magkasing laki ng kleenfant.nxt time wag mo ikumpara product mo sa ibang product maliit lng yung product.yung kapal niya prang 20 sheets lng,-0.25,BAD,,maliit -1.0
817,poor poor quality poor Hindi ko alam kung mali ba yung product na sinend sa akin kasi hindi naman ganito yung mga dati kong nabibili sa shop na ito. Ang nipis na. Hindi same quality ng nabibili ko dati. Mas okay na bumili ng mas mahal ng konti kesa sa product na ito. So disappointing. 👎🏼👎🏼👎🏼,-0.9799,BAD,,poor -1.4; poor quality -2.0; poor -1.4; mali -1.3; nipis -1.5; Hindi same -1.8; okay +1.0; mahal -1.2; disappointing -2.9; 👎 -2.2; 👎 -2.2; 👎 -2.2
818,fungit bulok may tae nubanaman to ilang beses na ko na order dto tapos ganto mareresib ko pangatlong order ki na yata to,-0.25,BAD,,bulok -3.0; order +1.0; order +1.0
819,"2/10 2/10 2/10 Akala ko may matigas na rectangle sa opening, drawing lang pala un. Ung tissue nasa 20 sheets lang yata at super nipis. Humahaba pag hinila. Not sure if safe pa to sa baby may konting kakaibang amoy. Sayang ang pera dami ko pa namang inorder.",-0.9463,BAD,,nipis -1.9; amoy +0.0; Sayang -2.0; 2/10 -2.5; 2/10 -2.5; 2/10 -2.5
820,Big wipes daw.. Pack lang Malaki.. subrang cute Ng laman..,0.4854,GOOD,,cute +2.1
821,"Ang nipis at puno ng tubig! Disappointed ako Kay seller, nsa 80pcs daw Ang laman ng product pro ang dumating sakin ay super nipis at binilang ko at nsa 30pcs lang ito!! Scammer!! Puno pa ng tubig Kya pla Ang bigat!!",-0.9405,BAD,,nipis -1.5; Disappointed -2.7; nipis -1.9; Scammer -3.5
822,"I am disappointed with the condition of the wipes I received. The products look old, and the packaging arrived wet and dirty, which raises serious concerns about storage and handling. Since wipes are hygiene products, cleanliness and proper packaging are very important. The items did not appear fresh or well-maintained upon delivery, and this greatly affected my confidence in using the product. I hope the seller improves their quality control, packaging, and shipping process to ensure customers receive clean and properly stored items in the future.",-0.6249,BAD,,disappointed -2.7; dirty -2.2; clean +1.8
823,"Hindi maayos packaging,, lumabas lahat ng liquid kumatas kelngan pa punasan isa isa kc sobrang basang basa",-0.357,BAD,,maayos -1.5
824,pipis lahat 0/100000 0/1000000 LEGIT REVIEW LANG Kapanget ng packaging di man lang inayos🙄 pipis na lahat lukot lukot pa kakadismaya umorder🙄,0.6408,GOOD,,LEGIT +3.2
825,"Item received is not what I expected. Sobrang nipis for safety hindi 80 sheets ang nakalagay sa packaging, 80 series. So walang habol si customer. For the price guess it's fair. Please use exact picture and videos of the actual item para iwas budol.",-0.7814,BAD,,nipis -1.9; budol -3.0
826,sobrang konti n alang ng laman ng wipes napakabilis at napalaan parang 1/4 n alang ang laman,0.4939,GOOD,,napakabilis +2.2
827,I ORDERED 20 PCS PERO 10 LANG PINADALA. KINAKAUSAP NG MATINO SA CHAT PARA SANA PAG USAPAN KUNG REFUND OR PAPADALA YUNG KULANG PERO ILANG ARAW NA WALA PA DIN REPLY! I WILL NOT ORDER AGAIN FROM YOUR SHOP. POOR CHAT SERVICE. 👎🏻👎🏻👎🏻👎🏻👎🏻👎🏻👎🏻👎🏻👎🏻👎🏻,-0.9957,BAD,,REFUND -0.8; KULANG -0.8; WALA -1.5; NOT ORDER -2.2; POOR -3.0; 👎 -3.3; 👎 -3.3; 👎 -3.3; 👎 -3.3; 👎 -3.3; 👎 -3.3; 👎 -3.3; 👎 -3.3; 👎 -3.3; 👎 -3.3
828,✖️ ✖️ ✖️ Kita naman na iba ang photo sa pinadalang item. Basang basa nung dumating naka double pouch lang and sobrang nipis. Hindi na mabebenta to sayang lang.,-0.705,BAD,,nipis -1.9; sayang -2.0
829,4/10 3/10 1/10 Hindi siya totoong 80 pcs per parck sobrang konti ng laman mg wipes and tuyot na yung iba. Never na gagastos sa ganitong kura pero budol,-0.9517,BAD,,budol -4.5; 4/10 -2.5; 3/10 -2.5; 1/10 -2.5
830,SCAM! BUY 10 TAKE 10 DAW DUMATING SAKEN 10PCS LANG? TAPOS 80 SHEETS DAW PERO NAPAKANIPIS WALA PANG 80 SHEETS ISANG PACK! LAKAS NYP MANG BUDOL MAGPAPASKO NA MAGBAGO NA KAYO!!!!,-0.9499,BAD,,SCAM -1.8; NAPAKANIPIS -2.9; WALA -1.5; BUDOL -4.5
831,good good good Good,0.9274,GOOD,,good +2.4; good +2.4; good +2.4; Good +2.4
832,"THE WIPES IS SO SMALL the wipes is soooo thin PINAG COMPARE KO SA AKING OLD STOCK NA NASA LEFT YUNG AKIN, YUNG RIGHT INORDER KO DITO NAPAKANIPIS AT YUNG LALAGYAN MADALI LANG MASIRA, SAME WITH MY OLD STOCK YUNG NASA REVIEWS NIYA.",-0.6523,BAD,,NAPAKANIPIS -2.6; MADALI +2.5; MASIRA -3.2
833,hindi 80 pcs laman 30pcs lng Napakakonti ng laman 25-30 pulls lng wag maniwala sa store na toh,0.0,NEUTRAL,,
834,ok medyo ok medyo ok Akala ko Malaki Ang liliit pala,-0.0644,BAD,,ok +1.0; ok +0.8; ok -2.0
835,0 0 nakalagay 20 big packs db ano yang pinadala nyoang galing niyo kasi mangbudol,0.5423,GOOD,,galing +2.5
836,2 set po order ko dumating 1set lang sakto Ang bayad ko kulang Isang set Kulng p0 Pina Dala ninyo 2set po order ko but 1set lang po palagi po ako ng oorder sa inyo ngayon lang po palpak please need refund sa Isang set po sayang po pera ko Kaya pala maliit Ang plastic kasi 10pcs lang laman 🤦🤦🤦 Miron po akong video,-0.936,BAD,,order +0.5; sakto +0.4; kulang -0.8; order +0.5; palpak -4.2; refund -2.2; sayang -3.0; maliit -1.5
837,not good ok lang carry lang yan na 80sheets nyo na wipes?! basta lang talga mgkapera eh no?! grabi kanipis! binilang q 29sheets lang!! ngbayad aq ng maayos tapos kau ni di nyo maayos products nyo!!! 😡😡😡gganda ng reviews nyo pero sa totoo di nman maayos items nyo!!!,-0.9052,BAD,,good -0.6; maayos +1.0; maayos -0.7; 😡 -1.5; 😡 -1.5; 😡 -1.5; maayos -2.2
838,ubos na Ang tubig nag wipes yupi na Ang lahat nag wipes pati tissues yupi na din ..,-0.4588,BAD,,yupi -1.0; yupi -1.0
839,Budol! This is not even half of what I usually get from other sellers! Definitely not 80 sheets as shown. Leaked too as outer packaging are wet.,-0.6792,BAD,,Budol -3.0
840,poor poor poor i ordered 2 sets of 20packs but not satisfied coz the wipes is obviously smaller or half of the packaging only..dont know if its really 80 sheets..you can see the photos that it is so thin..very very dissappointed customer here☹️☹️☹️,-0.8147,BAD,,poor -1.0; poor -1.0; poor -1.0; satisfied -2.4
841,poor Poor poor Napakatagal ko ng bumibili ng ganitong wipes dito sa Shopee and yet this is the first time na nabudol ako! 😢 The LABEL OF 80 SERIES WAS ONLY DECEIVING that only suggests of 80 contents when its only maybe 20 or less. Huwag po kayong bibili dito ng ganito despite is low price since this a form of deceit o panloloko. Be honest in selling. Sana kahit ibenta n'yo ng mahal basta totoo.,-0.9034,BAD,,poor -1.0; Poor -1.0; poor -1.0; Napakatagal -0.9; 😢 -1.0; DECEIVING -1.1; mahal -1.8
842,okay nman sya medyo makapal parang maganda din nman masyadong maliit It seems very small to use. Ibang iba na sya sa dati long nabili. Masmura pero MAs Mali it na Ang wipes. Pero okay na sya pang linis sa kamay ng mga bata. Ma aksaya nga lang kasi sobrang ulit na nya. Infairness nman kompleto na 20 pcs yung pinadala ni seller,0.7641,GOOD,,okay +0.5; maganda +1.0; maliit -0.6; Mali -0.9; okay +1.5; ulit +3.1
843,5/10 5 5 Akala ko malaki siya sobrang liit pala di kasya pampunas sa popoo ng baby..,-0.6858,BAD,,liit -1.4; kasya -2.3
844,not like what is projected sa picture. Yong wipes mukhang hinati pa. Kaloka. Ang nipis ng package. Mukhang fake. Parang ayoko na gamitin. Scam,-0.93,BAD,,nipis -1.5; fake -3.0; ayoko -1.8; Scam -3.5
845,not good not good not good 80 pcs ba talaga ung laman nito? ung nasa unang picture yan ung product nla then ung second pic ung makapal na klase un ung inorder ko sa iba ung kanila ung payat... sana d kayo nanloloko... ung nabilhan ko is same price pero super magkaiba magkaiba cla ng laman mukang hnd aabot ng 80 tong sa inyo... nakakadisappoint lang po pasensya na po super sama ng loob ko first time ko po nakaorder ng ganito kakonti ang laman,-0.8366,BAD,,good -0.6; good -0.6; good -0.6; nakakadisappoint -4.0
846,unsatisfied not good Sa pag unbox pa lang Nakita ko na manipis lang Ang package Ang nakalagay sa pic. 80pcs. Per pack sakto nmN dumating 20 packs pero each pack is 30 PCs lang Ang laman nag open aq Ng Isa para malaman ko talaga 80pcs. Pero it's a prank lang kita nmN sa package na Hindi ganun Ang laman nakabili Kasi aq nito Ng ibng brand 100pcs./pack makapal siguro kung ito 80pcs. Hndi nmN ganito kanipis.,-0.5386,BAD,,good -1.8; manipis -1.5; sakto +0.8
847,3/10 0/10 0/10 Napakanipis naman. Parang 10 sheets lang laman.,-0.9246,BAD,,Napakanipis -1.9; 3/10 -2.5; 0/10 -2.5; 0/10 -2.5
848,sobrang nipis per pack. Parang bawas na ang mga packaging. hindi sya katulad ng ibang nabibili kong 80sheets na sobrang kapal. Not recommended,-0.6908,BAD,,nipis -1.9; recommended -1.9
849,"3/10 3/10 310 hindi maganda kaya mumurahin lang, hindi din maayos ang pagkaka package ni seller basta plastic na black lang hindi naka box tapps kumakatas ung water nya basa basa pa sa labas, sooooo disappointed seller....sana manlang inayos, para hindi mukang cheap...",-0.9454,BAD,,maganda -1.9; maayos -1.5; disappointed -2.9; 3/10 -2.5; 3/10 -2.5
850,"Stil not happy with my purphase. I order big wipes, yung dumating same lang nang dati kung in order. Akala q magka iba na kaya sinubukan q ulit mag order sa shop nato. Never again to this shop",0.5722,GOOD,,happy -2.0; order +1.0; order +1.0; ulit +1.7; order +1.0
851,"pangit sayang lng ang pera ,kung bibili kayo doon nalng sa iba store!! sobrang nipis peke binigay sa akin",-0.9389,BAD,,pangit -2.8; sayang -2.0; nipis -1.9; peke -3.3
852,"not 80 pieces. since I started ordering this product to live selling, I always compare the thickness of each pack and measure the length of packing that may affect the thickness if the seller would justify. this one is not 80 pieces. you cannot press also because it's wet. poor good The picture I uploaded. From other seller(upper images) vs from this seller (down below) You may take note buyers of the black image from the front and the name.",0.1027,GOOD,,poor -2.0; good +2.4
853,poor poor wag kayo bumili dito ang payat ng wipes nila 80 pcs. pa raw pero ang lang siguro nasa 20pcs. or 30pcs. ibang iba sa post nila sa rider naman matagal diniliver ang parcel....ayusin nyo po ang binibinta mo seller,-0.7003,BAD,,poor -1.0; poor -1.0; matagal -1.8
854,zero zero Akala ko yung big size e big pero hindi pala Totoo pala ang issue ng product na to Grabe ang nipis ang liit sobra May zero star po ba na rating pra sa seller E zero ko sana yung rate nyan 😡,-0.7634,BAD,,issue -0.4; nipis -0.7; liit -0.3; 😡 -3.1
855,Sabi BIG WIPES pero ang binigay SMALL!! Nakaka gigil!!!! Iilan lang rin laman ng wipes na small na yan.,0.0,NEUTRAL,,
856,1/10 1/10 1/10 Very poor packaging. Sana nilagay sa karton since marami. Ang nangyari nag leak ang water nya so tendency tuyo na ang products. Sayang!,-0.9512,BAD,,poor -1.1; Sayang -3.0; 1/10 -2.5; 1/10 -2.5; 1/10 -2.5
857,paano ako mag bigay ng magandang rate sa shop na ito.bago Ako nag order binasa ko nman ung ibang comment ng mga buyer at malinaw nman nkalagay 20packs at malinaw nman Ang price.ang dumating sken 8packs lang nag message Ako sa seller until now Wala reply,0.0,NEUTRAL,,order +1.0; Wala -1.0
858,"packaging is so big, but the dimension of the product inside the packaging is very small. nice performance. I like it. It's so cheap & affordable. And I expected something nice. But I was disappointed. I felt scammed. Don't purchase cheap wipes, the size is too small, the big packaging is misleading.",-0.9498,BAD,,nice +0.9; I like +0.9; affordable +1.0; nice +0.9; disappointed -4.0; scammed -5.0; too small -3.0; misleading -3.5
859,Bwest wag na kayong omorder kasi di nman wipes ang dumating 200+ ang na bayaran ko talos di wipes ang dumating dipa ne refund yong na bayad ko pweee!!!,-0.5229,BAD,,refund -1.5
860,Seller sana man lang nilagay nyo sa box khit 20pcs lng to para d natuti mga wipes naglabasan tuloy tubig ...tatite na nung dumating sakin...ang pangit ng packaging nyo hnd safe ang item parang nilagay nyo lng sa GARBAGE BAG yong wipes... Wag nyo sisihin ang mga rider kc HINDI NAMAN CLA ANG NGPPACK NG ITEM NA GALING SA INYO...gamit rin po kayo ng common sense HA.,-0.7351,BAD,,pangit -4.2
861,. . . Kumatas lahat dahil sa packing!,0.0,NEUTRAL,,
862,1/10 Bwesit yong product nyo ang laman parang Hindi 80 pcs at sobrang liit pa. makadismaya kaau. Yong sudlan lng yong Malaki pero sa loob sobrang liit..😤😤😠😠😠,-0.9867,BAD,,liit -0.7; liit -2.0; 😤 -2.9; 😤 -2.9; 😠 -4.2; 😠 -4.2; 😠 -4.2; 1/10 -2.5
863,Pagbukas mo palang ng parcel kita mo agad na nag leak yung wipes. Maliit pati masyado. Parang Di 80 sheets yung laman. Kala ko pa naman isa to sa mga quality product but at a cheaper price HINDI PALA. Not worth buying!,-0.193,BAD,,Maliit -0.5; worth -2.2; buying +2.2
864,Umorder akong 20pcs bakit kulang ng 2pcs maayos naman ang binayad ko,0.128,GOOD,,kulang -1.5; maayos +2.0
865,haynako kala ko kong ano ang nakikita natin sa live nila ay yon ang makukuha natin ang nipis sayang ang binayad ko hnd worth it ang pera ko na scam ako dito sa binili ngayon nakabili ako before hnd dito sa shop nato dapat pala hnd naako buli dito kaya pala mura kono dahil fake naman ibibigay sayo hnd maganda quality ang nipis ang liit pa ito tingnan niyo sa picture compare niyo sa mga post nila iba kaya sayang ang pagbili ko dito,-0.9748,BAD,,nipis -1.5; sayang -2.0; worth it -2.1; scam -3.5; mura +1.5; fake -3.0; maganda -1.9; nipis -1.5; liit -1.0; sayang -2.0
866,Umay sa product nyo. Ibang iba yung mga unang review sa mga huling delivered na product. Iba din nasa pictures ng pagpo promote. Be kung mang t*t*nga kayo ng customer nyo tigilan nyo nalang magbenta. Kainis.,0.0,NEUTRAL,,
867,Hindi 80 sheets ito.. Tapos ung wipes parang hinati lang at sobrang nipis. ibang iba sa pinapakita. bogus!!! sayang lang bayad ko!!!! hindi maganda.,-0.871,BAD,,nipis -1.9; sayang -2.0; maganda -1.9
868,1/10 1/10 1/10 Hindo 80 per pack,-0.8885,BAD,,1/10 -2.5; 1/10 -2.5; 1/10 -2.5
869,"Very bad, I ordered wipes only but I received 20 wipes and 20 very small tissue.",-0.5845,BAD,,bad -2.8
870,I bought 2 quantities. Only got 10 wipes and tissues. Missing 10 wipes and tissues!,-0.5848,BAD,,Missing -2.5
871,💩💩💩💩💩 💩💩💩💩💩 💩💩💩💩💩 Seller f*ck you ka 80pcs??????💩 Loko (30'pcs) ang laman per pack kaya pala 130💩 pesos kasi kulang ang laman na wipes🤬💩😡,-0.9964,BAD,,💩 -2.0; 💩 -2.0; 💩 -2.0; 💩 -2.0; 💩 -2.0; 💩 -2.0; 💩 -2.0; 💩 -2.0; 💩 -2.0; 💩 -2.0; 💩 -2.0; 💩 -2.0; 💩 -2.0; 💩 -2.0; 💩 -2.0; 💩 -2.8; 💩 -2.8; kulang -1.5; 🤬 -3.2; 💩 -2.8; 😡 -3.0
872,"Kaya pala mura lang mapapamura ka din sa product, manipis, maliit, walang amoy, para tissue na binasa ng tubig ang quality. Kung maselan ka wag kang bibili dito.",-0.2842,BAD,,mura +1.5; manipis -1.5; maliit -1.0; amoy -0.1
873,poor packaging Super poor packaging. I ordered 20 packs. Siniksik masyado naglabasan lahat ng liquid. Sobrang compress sya nagmukas syang 8 packs kahit 20 packs sa sobrang nipis dahil nacompress. Wala man lang box nasa plastic lang sya basang basa nagtapunan ang liquid mula sa loob.,-0.8807,BAD,,poor -2.0; poor -2.4; nipis -1.9; Wala -1.0
874,mabilis ang delivery 3/10 Note sure kung 80 sheet talaga ang laman .. kc ang nipis nya ..,-0.5,BAD,yes,mabilis +1.8; nipis -1.5; 3/10 -2.5
875,very poor no quality not good Honest review para sa mga next na oorder. Hindi worth ang 220 ko rito. Next time po pakiayos po ang packaging. Ang liit ng tissue sa loob then tumagas na kaya basa na. Puro tubig ata ang tissue. Pwedeng ibenta 5 pesos or less kada pack. So sad and disappointed.,-0.9435,BAD,,poor -2.3; good -1.8; worth -1.5; liit -1.0; sad -1.6; disappointed -2.9
876,very poor very poor very poor Complete 20 packs but 30 series lang per pack😡🤬 binilang ko.talaga kasi dudang-duda ako kung bakit nipis na nipis grabi naka hhrrrrr🤬🤬🤬 Di na talaga ako oorder ulit sa shop na itu.. Di rin responsible si seller sana di ko nalang tinanggap una nainis ako sa seller dahil nag tanung ako about update sinagut nya lang ako na di nya control ang delivery ... Tapes na dagdagan pa sa rider..hhrrr grabi subrang dissapointed😡😡😡Kala ko pa naman makakasave ako nitu kasi mura lang .,-0.9909,BAD,,poor -1.1; poor -1.3; poor -1.3; 😡 -1.5; 🤬 -1.6; nipis na nipis -1.0; 🤬 -1.6; 🤬 -1.6; 🤬 -1.6; ulit +0.9; dissapointed -4.6; 😡 -5.0; 😡 -5.0; 😡 -4.5; mura +2.2
877,"no double lock, looks fake, not as advertised… don’t think i can use for my pet!! no double lock…. Just a sticker cover!!! doesn’t even look like there are 80 quality wipes in this!!! Find another seller who sells real product as advertised!! Seller needs to be banned!!",-0.858,BAD,,fake -3.0; not as advertised -2.3
878,Dapat kayo na nagtitinda nagsasabi kayo ng totoo di Yong magsasabi kayo at nagpopost kayo na di naman pala totoo ang laman ...basta magkapera ok lang sainyo mahiya kayo bagsak alam mo napaka sinungaling mo na seller sabi mo 80pcs per pack pero ang nipis nipis nito di kayo nagsasabi nag totoo sa namimili!kaka bwesit,-0.7777,BAD,,nipis -2.2; nipis -2.2
879,jusko halos wala n atang tubig SA sobrang yupi Ng wipes at sobrang alikabok! inayos KO Nalang pang benta KO pa Naman!!!!,-0.7413,BAD,,wala -1.8; yupi -1.4
880,"Ang liit sobrang ng wipes, Wala syang 80pcs. sana mag benta kau ng maayos, lakas maka scam,🤬 binabayaran Naman kau ng maayos",-0.7935,BAD,,liit -0.5; Wala -0.5; maayos +3.0; scam -5.2; 🤬 -4.8; maayos +3.0
881,pisa na dumating ung wipes poor poor Grabe c seller hindi man lang pinagka abalahan i box kaya ang itsura ng wipes napisa kaya basang basa,-0.7184,BAD,,poor -2.0; poor -2.0
882,poor poor quality poor dumating saakin lumang stocks ang baho ng amoy at ang dumi dumi ng wipes 😡😤,-0.9612,BAD,,poor -2.0; poor quality -2.8; poor -2.0; baho -2.0; amoy +0.2; 😡 -3.0; 😤 -1.9
883,nice good very good,0.8826,GOOD,,nice +1.8; good +2.6; good +2.9
884,super thin 5/10 80 sheets ang nakalagay but its only 30. Pinagtiyagaan ko talagang icount dahil ang nipis at ang gaan. Seller sana po kumuhakayo ng product na totoo sa description.,-0.5023,BAD,,nipis -2.2
885,Madaya tong store natu ang sabi 80 sheets ungpala 30 sheets lng sobrang nipis lng ang laman ta sobrang posyaw ung pack nya ewan kng ilang dekada natu nakatago kainis kau!!!!,-0.7729,BAD,,Madaya -1.7; nipis -1.9
886,nagtataka ako bakit sobrang nipis na. at binilang ko 29 pcs lang. sana ginawa manlang tag 40 pcs. tapos umiksi pa sobra.,-0.431,BAD,,nipis -1.9
887,"sobrang liit, manipis at poor quality poor quality will not purchase from this store again Plastic tape seal lang, hindi yung hard lid Half lang ng regular size ng wipes",-0.9091,BAD,,liit -1.4; manipis -1.5; poor quality -2.8; poor quality -2.8
888,bakit nmn po kulang Ng ISA ?? 40 pcs order KO tapos 39 LNG ang . Kulang 1. Sana nmn o bilangin nyo Ng mabuti.. salamat,0.5461,GOOD,,kulang -0.5; order +0.5; Kulang -0.8; mabuti +3.0; salamat +0.3
889,Not good looked like every sheet was cut in half to make it look like a filled up pack it seems like just water I ordered the big pack but no luck on that too,-0.4168,BAD,,good -1.8
890,0/5 0/5 0/5 I may have bought it on a cheaper price pero ang panget talaga haha. Napakaliit at walang scent. Parang 80 sheets nakalagay pero dahil 1/4 lang ng mga normal na wipes. Malaki pa yung mga mini wipes dito e.,-0.9628,BAD,,panget -4.2; Napakaliit -2.1; 0/5 -2.5; 0/5 -2.5; 0/5 -2.5
891,"The external and internal package were wet, these are supposed",0.0,NEUTRAL,,
892,Nakaka diss appiont..napaka nipis ng laman. Tas ang packaging di manlang maayos..sana kinarton manlang ng maliit kc nagtagas tagas na yung tubig ng wipes. Dina Ako uulit mag order sa shop na to..,-0.3999,BAD,,napaka nipis -0.9; maayos -0.7; maliit -1.5; order +1.5
893,bad Picture number 1 ang ibinigay ni seller. 80 sheets daw ah eh di meow! Sayang ang pera dito. 20pcs nga ang ibinigay manloloko naman. Yung 2nd pic galing yan sa iba. Ganyan ang 80. Sana ginawa nyo na lang na 20sheets. Disgusting,-0.807,BAD,,bad -2.5; Sayang -2.0; manloloko -3.0; galing +2.5
894,ekis ekis ekis Yung mga Laman Ng wipes Sa loob is 25pcs Lng bawas lahat hays nako pati wipes dinadaya,-0.3612,BAD,,hays -1.5
895,"5/10 18pcs lang Ang dumating, Hindi 20pcs.",0.0,NEUTRAL,,
896,manipis at maliit sya hindi maganda budol si seller. nakalagay sa discription big wipes kaya ako umorder tapos dumating maliit lng aya super nipis pa. nakakadismaya ka seller,-0.9584,BAD,,manipis -1.5; maliit -1.0; maganda -1.9; budol -3.0; maliit -1.0; nipis -1.9; nakakadismaya -2.8
897,😡😡😡 dirty smeĺklmm,-0.9451,BAD,,😡 -3.0; 😡 -3.0; 😡 -3.0; dirty -2.2
898,"poor Ngtaka Ako pg open ko bat Ang nipis,ngbukas tlaga Ako Ng Isa binilang ko Kya Palaanipis KC 30sheets of wipes lng Pala,nakapag order KC Ako sa ibang shop before makapal Ang Isang pack ito Ang nipis tlaga,Scam Ang 80sheets",-0.8885,BAD,,poor -2.0; nipis -1.5; order +1.0; nipis -1.5; Scam -3.5
899,Not good not satisfied not worth it Im not satisfied with my order Malapit 600 binayaran ko for 60pcs akala ko same s nabibili ko na mas makapal ito parang half lg ng mga nauuna ko nabibili. Di ng sesend ng items yung seller bago padala kaya kala ko same s mga nauna ko na order s ibang shop 80pcs dw pru yung thickness d same s nauuna ko na order haist. Marami na talaga mirror copy ngayun SCAM yung 80pcs -40pcs lang talaga sya manipis pa at ang mahal sayang dinamihan ko pa huhu,-0.9736,BAD,,good -1.8; satisfied -1.6; worth it -2.1; satisfied -1.6; order +1.0; order +1.0; d same -1.8; order +1.0; haist -1.5; SCAM -4.2; manipis -1.7; mahal -1.2; sayang -2.0
900,Seller according s description nyo ang nakalagay BIG wet wipes pero ang liit at manipis pa! Huwag po Kyong maniwala sa s shop na ito,-0.722,BAD,,liit -1.5; manipis -2.2
901,"Bakit wala ng matigas sa gitna? So kpag na open mo sya hindi makontrol kasi walang matigas na haharang kaya diretso sya napunit. Lalo na sobrang dikit! First time ko maka receive ng ganito. Sa tagal ko umoorder Ng wipes..Nainis tlga Ako. Alam mo yung feeling na scam ka ganun! Hindi porket nakuha ko sya sa mabbang price, tinipid nyo Ako. Haaayy...",-0.8513,BAD,,wala -0.7; tagal -1.5; scam -3.5
902,"Kulang!!! Kulangggg!!! Kulangggggg!!! Panget kabonding ng seller. Bakit naman ganun oorder ka ng 20pcs tapos ibbigay sayo 19pcs. Nagbabayad ka ng ayos tapos lolokohin ka lang !!!!! kahit pa isa lang yung kulang , nagbayad ako ng buo , ng sapat !!!!",-0.9036,BAD,,Kulang -1.5; Kulangggg -1.5; Kulangggggg -1.5; Panget -2.8; ayos +1.8; kulang -1.5
903,pangit pangit ang nipis! Ang liit!! Maliit!!!wag na kayo bumili,-0.9357,BAD,,pangit -2.8; pangit -2.8; nipis -1.5; liit -1.0; Maliit -1.0
904,1 1 1 Poor packaging hindi secure dapat naibox man lang pag gantong 20pcs walang fragile sign sa packaging kya napisa tumagas ang tubig ng mga wipes kaya basang basa loob ng parcel,-0.4588,BAD,,Poor -2.0
905,"Products were immediately shipped kaso hindi naman secured ang pagkaka pack. Knowing na wet wipes to, all these itemes were squished and wet. Sana binubble wrap manlang ni seller para secure 🙁",0.0,NEUTRAL,,
906,Grabe halos walang laman ang wipes napakaliit po ndi katulad nakasanayan na wipes pls naman seller wag ganoon dapat fair sa customer pati tissue lahat kuntinlaman cguro nirerepack ninyo ang regular laman kaya ganito kaliit,-0.34,BAD,,napakaliit -1.4
907,It was written in d description na big wipes so expected malalaki pero Ng matqnggap q maliliit na packs lang pala....dapat mag nganung accurate description para Hindi ma wow mali,-0.7988,BAD,,wow -2.4; mali -2.7
908,"4 3 9 Sana man lang nilagay sa carton, poor packaging basa lahat Kasi na compres.",-0.6124,BAD,,poor -3.0
909,"0 0 0 Hindi man lang kinahon, pinilit magkasya..nayupi mga wipes naglabasan mga tubig..",0.0,NEUTRAL,,
910,Kulang nang isa ang item nato...pero sakto ang binayad ko...ayosin niyo naman yan...nakakadismaya kayo sa mamimili sa shop ninyo...ayaw ko na sa shop nato...,-0.6956,BAD,,Kulang -0.8; sakto +1.2; nakakadismaya -4.2
911,Ang liit ng laman manipis parang kalahati lang kumpara sa iba puno.dismayado ako kasi binibinta ko yon tapis napapansin ng mga kostomer ko ang liit ng laman. Ang bilis dumating parang 2 days lng pero parang scam ang liit ng laman,-0.9087,BAD,,liit -0.5; manipis -0.8; dismayado -1.4; liit -0.5; bilis +0.9; scam -5.0; liit -1.2
912,Scam Scam Scam SCAMMER! 10pcks lang! Pwee!,-0.9706,BAD,,Scam -3.5; Scam -3.5; Scam -3.5; SCAMMER -4.2
913,kaliit not good not recommended,-0.6834,BAD,,good -1.8; recommended -1.9
914,Does not appear the size LARGE as it has been describe. Poor quality. NOT RECOMMENDED FOR BABY USE. THINK TWICE BEFORE BUYING. Overhyped. Waste of money and time to begin with. I don't how it garnered many buyers.j hh bh hbhhhhhhbhb vvvbb need Stop deceiving the buyers!!!!,-0.9123,BAD,,Poor quality -2.8; RECOMMENDED -2.4; BUYING +2.2; Waste of money -3.0; deceiving -1.5
915,"Next time po paki ayus naman po ng packaging niyo para po di nadadamage yung product, we're paying for that naman po it's not libre so better na ipack niyo po ng maayos",0.7003,GOOD,,ayus +1.8; maayos +2.0
916,item not 80 sheets barely managing poor The product came in acceptable condition and it's complete with correct variation. The parcel is in a standard packaging and the delivery is around schedule. Thanks for the fast shipping.,0.25,GOOD,,poor -2.0; Thanks +1.2; fast +1.8
917,"d nmn cea mukhang 80 sheets,,nkakadissapoint hindi lang ako limang beses nkpg order nang wifes bukod tangi dito lang ako nadissapoint ng ganito ...not recomended ung product pagdating palang ung naipit pigang piga ei 😔😔😔",-0.2144,BAD,,order +1.0; recomended -1.9
918,0 Akala koba 80 PCs bkit 30 PCs lang ang laman ng wapes kakarating lang ng order ko grabi nmn daya,-0.1779,BAD,,order +1.0; daya -1.7
919,"dont buy in this store, i expect 20pcs. of wet wipes and received Only 10pcs. is this a scam? i raised this issue to the seller and didn't do anything.",-0.6858,BAD,,scam -2.5; issue -1.2
920,"Sobrang Manipis, kumpara sa binili sa Ibang seller malayo ang difference pero ña kalagay 80 series pero ang nipis nya masyado Para sa 80",-0.634,BAD,,Manipis -0.9; nipis -2.2
921,"poor poor poor Big wipes ung binayaran ko,,ang liliit Neto😡",-0.9186,BAD,,poor -2.0; poor -2.0; poor -2.0; 😡 -3.0
922,"disapointed, hanip yung parcel pag dating puro basa , yung socks na pam baby nahalo sa wipes basa din, next time seller paki ayos ng packaging niyo para walang ma disappoint sa inyo. next time sa ibang store nalang ako bibili, baka maulit na naman pag umulit ako ng order sa inyo. disapointed, hanip yung parcel pag dating puro basa , yung socks na pam baby nahalo sa wipes basa din, next time seller paki ayos ng packaging niyo para walang ma disappoint sa inyo. next time sa ibang store nalang ako bibili, baka maulit na naman pag umulit ako ng order sa inyo.",0.2969,GOOD,,disapointed -2.7; ayos +1.8; disappoint +1.7; ibang store -1.2; order +1.0; disapointed -2.7; ayos +1.8; disappoint +1.7; ibang store -1.2; order +1.0
923,Sure kayo na 40 sheets ito? Ang nipis na. Wala pang cap. Nakakadisappoint. 3rd time ko pa naman bumili dito. Hindi naman ganito dati. Hays. Wag naman sana magka rashes pwet ng anak ko. Babalikan ko kayo.,-0.8658,BAD,,nipis -1.5; Wala -1.0; Nakakadisappoint -2.7; Hays -1.5
924,Grabi nman !hnd manlang s kahon inilagay n para h d ma yupi yupi. Ito ouro ousat nawawalan n ng tubig yong tissue pag bukas basang basa dahil n pisat. Salamat s packing.,0.3031,GOOD,,yupi +0.7; yupi -1.0; Salamat +1.2
925,Terrible Sabi 80 pieces pero sobrang nipis ng packaging. Kaloka. Budol,-0.9149,BAD,,Terrible -1.5; nipis -2.8; Budol -4.5
926,good for newborn after urinatinf so-so 1/5 so-so 2/5 Not big at all as advertized. Very small than usual small wipes. I think Ive bought long ago for 5 pesos per pack.,-0.5574,BAD,,good +2.4; 1/5 -2.5; 2/5 -2.5
927,0 0 0 Wag kayo bumili scammed lng laman ng wipes kunti lng laman sabi 80 sheets pero nasa 10 lng ata scammer 👎👎👎👎,-0.9819,BAD,,scammed -1.6; scammer -5.2; 👎 -3.3; 👎 -3.3; 👎 -3.3; 👎 -3.3
928,So disappointed. Sobrang liar ng seller nito. Misleading yung 80 series kuno. Eh 30 pcs lng nmn each pack? Expectation vs. reality tlga. Check nyo mga pics at vid ko. Pang-wipe lng to ng cp eh. Jusko! Don't buy to this shop.,-0.901,BAD,,disappointed -2.9; liar -2.5; Misleading -2.3
929,10/10 10/10 10/10 Mabilis mag ship ung seller pero ung delivery nang rider pangit ako pa msmo ung kumukuha nga parcel ko Kasi Hindi nila denideliver msmo sa address ko,0.7351,GOOD,,Mabilis +0.9; pangit -4.2; 10/10 +2.5; 10/10 +2.5; 10/10 +2.5
930,"poor, bad smell bat ganun amoy kili kili naman to di naman ganito ung order ko noon🥲😩😤😿",-0.802,BAD,,poor -2.0; bad -2.5; amoy +0.2; order +1.0; 😤 -1.9
931,"good good good 1star lang binigay q sa seller dahil nanloloko sila ng customer na nagtitiwala sa kanila katulad q.matagal na aqng bumibili ng baby wipes na 80pcs simula pa nung months palang ang baby q,pero ngayong 7yrs old na ang bunso q nag try aqng omorder sa shop na e2 kc mura na tas 80pcs pa pero nung dumating sakin ok naman 20packs pero ang pinagtataka ko bat ang nipis niya para sa 80pcs.kaya naisipan kung bilangin ang laman sa loob at nagulat talaga aq na 30pcs lang pla siya at hindi man lang nangalahati sa 80pcs kya pala ang nipis at mabilis maubos.hindi na aq bibili ulit sa shop na e2.akala q nakatipid aq dahil mura na sa 20packs na 80pcs ang laman sa loob pero aq pala ang naisahan at tinipid nila. Try nyo bilangin ang laman sa loob para ma prove nyong hindi tama ang nakasulat na 80pcs dahil 30pcs lang ang totoong laman niya pandaraya at panloloko sa customer ginagawa ng seller na ito.",0.457,GOOD,,good +1.2; good +1.2; good +1.2; matagal -0.6; mura +0.8; ok +0.5; nipis -0.8; nipis -0.8; mabilis maubos -1.2; ulit +0.8; mura +0.8; tama -1.1
932,kulang laman no good ngayon ko lang na basa mga bad comments at rates grabi 30 pcs nga lang talaga laman ng wipes tagal ko na nag oorder pero ngayon lang ganito ka unti kaya pala ang gaan ng 20 pcs na wipes manipis bawat isa.kala ko naman okay tong wipes na na order ko di na mauulit👎🏻,-0.8477,BAD,,kulang -0.8; good -0.9; bad -1.2; tagal -0.8; manipis -2.2; okay +1.5; order +1.5; 👎 -3.3
933,oki naman nice oki naman sa baby Nice,0.6808,GOOD,,nice +1.8; Nice +1.8
934,Poor Good Poor Different from what have been endorsed at online platform,-0.3818,BAD,,Poor -2.0; Good +2.4; Poor -2.0
935,"Order received , Kumpleto naman 20pcs , kaya lang maliit lang pala ang size , maliit lang ung size ng wipes. Anyway , sakto lang sa price nya.",-0.25,BAD,,Order +1.0; maliit -1.0; maliit -1.0
936,"Hassle magsoli seller ha. Ang liit Ng wipes Malaki lang po lalagyan. Pero well pack sya,kaya lang lugi eh. Thanks anyway. First time ko maka encounter Ng ganito po.",-0.7684,BAD,,Hassle -1.0; liit -0.5; lugi -3.5; Thanks +0.3
937,"Unsatisfied customer, ginupit Ang Isang sheets , nakaka dismaya Minsan lang magshoppe nabudol pa, . Expected ko good for 3 months na nabili Kong wipes . .d kanais nais to recommend. .",0.4215,GOOD,,nakaka dismaya -2.8; good +2.4; recommend +2.2
938,"panget . malaki lang balot . panget panget BIG SIZE DAW TA*NA . MAS MALAKI PA YUNG MALIIT NA WIPES KO DTO SA BAHAY EE . DPAT YUNG TIG 50 PESOS NA LANG INORDER KO 10 PACKS DIN NMAN , BAKA MAS MAKAPAL AT MALAKI PA YUN .",-0.9341,BAD,,panget -2.8; panget -2.8; panget -2.8; MALIIT -1.7
939,bat ganyan basa pag bukas sa loob at parang piniga-piga yung 20pcs para mag kasya sa lalagyan hindi gaya ng nasa video na maumbok yung wipes,0.0,NEUTRAL,,
940,not good not good Sabi 80 PCs bat 36 lng Ang laman binilang ko pa yan and ung wipes parang tubig lng,-0.6759,BAD,,good -1.8; good -1.8
941,"Hindi Maganda Manipis hindi ko gusto ung wipes na inideliver sakin,hindi sya gaya nung nabilhan ko ng una maganda sya ung product at medyo mabango kunti LNG ung tubig ngayon na nabili ko walang Amoy grabe ung tubig at manipis parang bang babawasan na..",-0.4731,BAD,,Maganda -1.9; Manipis -1.5; gusto -1.3; maganda +2.5; mabango +1.8; Amoy -0.1; manipis -1.5
942,poor ito lang yung nabili kong wipes na napaliit ng loob tapus ang nipis grabe,-0.6705,BAD,,poor -2.0; nipis -1.5
943,"okay Naman sya, pero sobrang onti at liit lang di tulad ng mga nabibili Kong wipes pero ganyan din makapal . pwede na mapag tatyagaan",-0.3554,BAD,,okay +0.5; liit -2.0
944,Grabe and liit naman tapos sinabi duon big wipes daw! Nagsisi ako!,-0.4523,BAD,,liit -1.4
945,"Hindi ganitong kulay yung mga nakaraan kong order dito.. itong pinadala ngayon hnd na wet wipes, dry wipes 😡 hindi pa maganda ang amoy.. sobrang nipis pa..nnakakadismaya naman..",-0.8176,BAD,,order +1.0; 😡 -3.0; maganda -1.9; amoy +0.2; nipis -1.9
946,1/10 1/10 1/10 subrang nipis ng wipes. wag kayo bibili dito.,-0.9239,BAD,,nipis -1.9; 1/10 -2.5; 1/10 -2.5; 1/10 -2.5
947,8 7 7 Never to buy to this store again ..20pcs pero 18 pcs lang ang actual...hindi na ako bibili pa sa store na ito .hindi marunong mag bilang..kulang kulang ang ipinapadala..madali lang naman magbilang kung maayos kayong seller . Never buy to you again..,0.296,GOOD,,kulang -2.2; kulang -2.2; madali +2.7; maayos +3.0
948,Will not order again. Sabi 10 big packs pero kabaliktaran. Xs ata tong bingay hayys,-0.3612,BAD,,not order -1.5
949,75% 25% Sa totoo lng ang pangit ng product nato kla ko pa nmn maganda sya ang pagit pala.. ang liliit lng pla nito .. ibang ibang sa pinakita nyo..,-0.0772,BAD,,pangit -2.8; maganda +2.5
950,PLEASE DONT ORDER IBA YUNG PAPADALA NILA TAPOS PEKE SOBRANG NIPIS LANG NETO WALANG 80 PCS. SILA DIN YUNG NA RAFFY TULFO WAG NA KAYO BUMILI DITO MAKA MAGKA RASHES PA BABY NYO,-0.822,BAD,,ORDER -0.7; PEKE -3.0; NIPIS -1.9
951,"0/10 1/10 0/10 Sa ibang shop nalang kayo bumili ng wipes, sobrang konti ng laman per pack, di na nga ata 80 leaves yon eh. Scam ang 20 packs tas kokonti lang laman.",-0.9432,BAD,,Scam -3.5; 0/10 -2.5; 1/10 -2.5; 0/10 -2.5
952,POOR POOR MADAYA KAYO SELLER Ang linaw na 80 Series ang nakalagay pero ang laman 20 lang ata sa sobrang nipis!! MAGING PATAS NAMAN KAYO!! WAG KAYONG PALOLOKO SA SHOP NA TO! First time kong naloko dito sa Shopee,-0.9523,BAD,,POOR -1.4; POOR -1.4; MADAYA -1.2; nipis -2.8; naloko -4.2
953,"Ganito lang pala sya kaliit. Ang layo sa pictures. Nakakadisappoint. Sana true to the displayed photos, hindi yung ganyan para kayong nangsscam.",-0.5719,BAD,,Nakakadisappoint -2.7
954,Tama order ko 20 pcs 164.00 pero ala 80 pcs binuksan ko kc binilang ko tlga kc paninda ko30 pcs lang laman hwag nmaan ganyan pa promo pa kayo,0.4588,GOOD,,Tama +1.0; order +1.0
955,Halos wala ng laman hays nakaka dismaya seller nilagay nyo pa 80 pcs e kahit nga sa 30 pcs wala na e .napaka nipis na grabe,-0.9042,BAD,,wala -1.0; hays -1.5; nakaka dismaya -2.8; wala -1.0; napaka nipis -1.9
956,Maganda ung wife's kaso Nung binuksan ko Basa tapus puro napipi dapat inaus pag balot😅🥲,0.5423,GOOD,,Maganda +2.5
957,no 50 50 Big babywifes Ang inorder ko small Ang dumating,0.0,NEUTRAL,,
958,"not good 20 packs ang nka lagay pero 10 packs lng ang dumating,depo nmen pinopulot yong pera.haysssssss",-0.6295,BAD,,good -0.9; haysssssss -2.2
959,1/10 5/10 ok lng,-0.5423,BAD,,1/10 -2.5
960,Deceiving shoppee picture no plastic closure. Only sticker to close the tissue. Should use the actual product picture. DO NOT ORDER THIS TYPE AGAIN.,-0.694,BAD,,Deceiving -1.5; NOT ORDER -2.2
961,"poor poor poor grabi ka seller tubing lugaw ka sa items po apaka nipis ng laman,80pcs nkalagay pero parang wala pang bente laman ng wipes. nabudol mo ko sobra,sayang pera!",-0.9279,BAD,,poor -1.0; poor -1.0; poor -1.0; nipis -0.9; wala -1.2; sayang pera -4.2
962,Scammer Scammer scammer scammer sobrang nipis . Almost 10sheets only Not recommended,-0.9769,BAD,,Scammer -3.5; Scammer -3.5; scammer -3.5; scammer -3.5; nipis -1.9; recommended -1.9
963,wipes pa din pero very poor ganun pa din dami kulang Wag kayo maniwala hindi sya 80 sheets sobrang nipis. Magrefund daw mag wait ng 2days pero 1 week na wala pa din tapos biglang 20pesos na lang ibabalik Napakdaya. Mahirap kausap,-0.7446,BAD,,poor -1.1; kulang -0.8; nipis -0.9; wala -1.5
964,"Kung claimed sya as big size, ano na lng ang small? OMG! Ok lng sya kung ang intensyon ng pupunasan ay daliri, dahil as in maliit lng talaga. Nakakadismaya. Wag kayo magpabudol sa big wipes na sinasabi dahil hindi totoo.",-0.7263,BAD,,maliit -1.0; Nakakadismaya -2.8
965,Sabi big wipes but all are small 😒 nakaka dismay very expensive pa SA price nya,-0.872,BAD,,😒 -2.7; nakaka dismay -4.2
966,isang gamitan Lang bawat isang balot napakanipis..ang layo SA naka post nyo Wag maniwala s post nito..ang layo SA katotohanan. Ang liit na Nga ang nipis pa..malaki pa palad KO..,-0.7506,BAD,,napakanipis -1.9; liit -1.0; nipis -1.5
967,not good subrang liit Literal na nabudol Ako 20 pacs nga Naman pero subrang liit at Ang nipis grabi kung alam ko lang di na sana Ako omorder sayang nang Pera.,-0.8397,BAD,,good -0.9; liit -0.7; liit -0.7; nipis -0.8; sayang -3.0
968,Very disappointed.. qng description is big wipes with 80sheets... small wipes lng to at amg nipis pranh 20wipes per pack lang. Nakakaloko so seller... sayang ang pera! Please dont buy on this shop kung ayaw nyo maloko,-0.8684,BAD,,disappointed -3.0; nipis -1.5; sayang -2.0
969,napaka nipis po 80series nakalagay pero mukhang walang 80 ito sobrang nipis ang gaan pa Nakaka dismaya po napaka nipis po kasi 80 series nakalagay ehh mukhang wala pa to sa 40 series ehh sa sobrang nipis.,-0.9684,BAD,,napaka nipis -0.9; nipis -2.8; Nakaka dismaya -4.2; napaka nipis -2.9; wala -1.5; nipis -2.8
970,Hindi sya oki 30pcs lang ang laman Talos maiksi sya malambot naman scam to di sya legit na katulad ng nasa pic nila makapal pero.pag dumating Sayo parang walang laman kaya napabilang tuloy Ako kung.ilang piraso 30 PCs ung laman nya- Hindi ko satisfied Dina Ako uulit,-0.8279,BAD,,maiksi -0.6; scam -1.8; legit -0.9; satisfied -2.4
971,Very bad Sobrang nakaka dismaya. Ang pangit nang quality. Lahat po ganyan ang itsura lupyak2 na. Wla na pung hangin sa loob ng wipes at dry na po lahat. Kakainis po sayang lang ang Pera,-0.9652,BAD,,bad -2.8; nakaka dismaya -3.4; pangit -2.8; Wla -1.0; Kakainis -2.3; sayang -2.0
972,bad bad bad Kaya pla mura kasi yung laman parang hinati lang tapos manipis pa haha.. hndi ko tuloy alam kung sulit buy to or budol buy 😅,-0.9001,BAD,yes,bad -2.5; bad -2.5; bad -2.5; mura +1.5; manipis -1.5; sulit +2.5; budol -3.0
973,1/10 0/10 0/10 Disappointed 😡ako dahil sobrang nipis parang walang 80 sheets at ang liit ng wipes parang nahati sa dalawa.hindi gaya ng mga nauna kong order sa ibang shop.di na ulit oorder sa shop na ito😡,-0.9805,BAD,,Disappointed -2.7; 😡 -3.0; nipis -1.9; liit -1.0; order +1.0; ulit -1.3; 😡 -3.0; 1/10 -2.5; 0/10 -2.5; 0/10 -2.5
974,wet sana sobrang liit amp literal na expectation vs reality e sa pic malaki pagdating sobrang liitHAHAHA,-0.6731,BAD,,liit -2.0; expectation vs reality -1.5
975,grabeng wipes yarn 80pcs daw .. parang 30pcs lang... ang nipis jusko.. matubig pa.. hindi gaya nung nakukuha ko dati.. mahaba siya eto sobrang nipis anong gagawin ko jan.. pamunas ko kay baby sana ilang piraso magagamit ko ubos na HAHAH not recommended,-0.7543,BAD,,nipis -0.8; nipis -0.9; recommended -2.8
976,Kumpleto sana kaso palpak guy's... Lhat Ng pinadala wlang hangin Ayan lahat nakapada.... Hinde ko mainbenta yan sayang lng Hinde ko mabawi Ang puhunan ko.... TPS Ang nilagyan pa plastic lng Dapat sna nilagay nlng sa carton... Prang Hinde nga wipes order ko KC bukod sa plastic lng nilagyan maliit pa🥲😁 kaya Cguro ganyan nangyari sa wipes problema ko Hinde ko magbinta KC wlang hangin🥺😭,-0.6808,BAD,,palpak -1.4; sayang -1.0; order +1.5; maliit -1.5; 😁 +3.3; problema -2.2; 😭 -2.2
977,😡😡😡 😡😡😡 😡😡😡 Big dw subrang nipis ng laman,-0.9911,BAD,,😡 -3.0; 😡 -3.0; 😡 -3.0; 😡 -3.0; 😡 -3.0; 😡 -3.0; 😡 -3.0; 😡 -3.0; 😡 -3.0; nipis -1.9
978,"Ai grabe nmn kyo mang budol 3packs of 20pcs gi order ko tapos 20pcs lng dumating it means kulang ng 40pcs, sana nmn bago kayo mag pack ng order tignan nyo muna kung ilan ang gi order sainyo, hahay e bebenta kupa nmn sana ito pero nabudol pa ako kulang na kulang, sayang din un pra sa tulad kong nag nenegosyo akala ko pa nmn ok ito kc halos goods ung mga reviews pero budol pla, sana mabasa nyo ito at paki balik nlang ung pera na sumobra hind kuna e rereturn ito kc ang layo layo pa ng J&T saamin, please lng malaking pera na ito saakin🙏",-0.4588,BAD,,budol -1.5; order +0.5; kulang -0.8; order +0.5; order +0.5; kulang na kulang -1.0; sayang -1.0; ok +0.5; goods +1.0; budol -1.5; 🙏 +0.8
979,okay naman kaso basa masyado ang wipes. naka bili ako before ng ganito na wipes pero sakto lang.pero itong enorder ko subrang basa pero yung tissue okay yung tissue. maganda yung tissue pero yung wipes for me masyadong basa,0.8294,GOOD,,okay +0.5; okay +1.5; maganda +3.8
980,mura kunti not worth it 🙅 Dati madami 80 pulls ngaun binilang ko 40 pulls nlng pero nka indicate 80 pulls 🤦,-0.1461,BAD,,mura +1.5; worth it -2.1
981,Yung 80 sheets Ang ichura half Ng packaging half Ng 80sheets lang. Nakakadismaya,-0.5859,BAD,,Nakakadismaya -2.8
982,"Maliit Kulang ang na receive ko Hindi din big gaya ng sabi sa description. Baby ang size, pinaka baby sa lahat ng wipes.",-0.5423,BAD,,Maliit -1.0; Kulang -1.5
983,5/10 5/10 5/10 Hindi maganda,-0.431,BAD,,maganda -1.9
984,Sobrang ninipis Grabe ang nipis tpos sira2 ang panget ng quality Grabe ang nipis tpos ang panget ng quality compare sa mga nabili kong ibang shop,-0.924,BAD,,nipis -1.9; panget -2.8; nipis -1.9; panget -2.8
985,😊 😊 😊 Sorry seller ha pero disappointed po ako kasi order ko big..bakit ang dumating small 😭😭😭 ayaw ko na omorder ulit sa inyo.,-0.6956,BAD,,😊 +1.0; 😊 +1.0; 😊 +1.0; disappointed -4.0; order +1.5; 😭 -2.2; 😭 -2.2; 😭 -2.2; ulit +2.5
986,missing the 10packs sobrang nipis unlike sa ibang wipes na bnbli ko. ndi nagrerespond si seller. missing 10packs ung dinilever. Sana pkidouble check niyo muna bago niyo isend sa receiver. Kumpleto kong binyaran tpos darating sken 10packs lang. Pano na yung 10packs.,-0.8705,BAD,,missing -2.5; nipis -1.9; missing -2.5
987,"Hindi manlang nilagay sa box, nag tubig Yung plastic sa loob dahil na Pisa Yung wipes. Hays",-0.3612,BAD,,Hays -1.5
988,"puro basa yung item pinunasan ko nalang yung iba may amoy pa, basta nalang pinack yung order di man lang inayos kahit mura dapat good yung quality parang napisa e",0.7964,GOOD,,amoy +0.2; order +1.0; mura +1.5; good +2.4
989,Poor Poor Poor Sobrang liit ng tissue. Hindi siya 80 pcs. Hindi din siya wet wipes.,-0.8847,BAD,,Poor -2.0; Poor -2.0; Poor -2.0; liit -1.4
990,kala ko malaki halos di na basa ang iba. sayang pera.,-0.5859,BAD,,sayang pera -2.8
991,Marami yung tubig nya tapos manipis yung wipes tumatagos yung dumi ng bata pag nag lilinis ako humihiwalay yung sheets pag hinihila mu sa nilalagyan 😭ayoko na mag order ulet,-0.7184,BAD,,manipis -1.5; 😭 -1.5; ayoko -2.0; order +1.0
992,ok ok ok Basa ung loob nadaganan cgro to basang basa ung mga wipes aww😔,0.6124,GOOD,,ok +1.0; ok +1.0; ok +1.0
993,Ntwa lng aq sa 80 piraso ng wipes sa 30 pcs ng nbili q wipes 30 pcs mas mkpal pa 30 pcs sa 80 pcs..tas bsang bsa pa sa loob ng pckge ung mga wipes....d secure package kya sa sobrang pisat cguro sumabog n mga tubig laman ng wipes .prang pinaghati hati lng...,0.0,NEUTRAL,,
994,"2/10 2/10 2/10 Honest review: 1. Poor packaging- basang-basa yung supot kasi napitpit yung wipes sa loob, nagleak at wala man lang karton na nilagay di kagaya nung iba na naka-kahon. 2. Poor service- hindi marunong mag- update - kulang ng 20 pieces yung pinadala - hindi makapag-update about sa refund ng payment ko 3. Yung sheets maliliit lang, goods para sa pets *Sa customer service ako medyo naiinis, hindi sa pera na irerefund nila na di nila masend send, kasi maliit na halaga lang naman yung irerefund nila. * Sana next time i-double check kung tama ba yung product at bilang na ipapadala para iwas abala sa customer at sa inyong seller na din. P.S gusto nila tanggalin yung review ko para daw irefund nila yung payment ko.",-0.9062,BAD,,Poor -1.0; wala -0.5; Poor -1.0; kulang -0.8; refund -0.8; goods +1.0; maliit -0.5; gusto +2.7; 2/10 -2.5; 2/10 -2.5; 2/10 -2.5
995,bomba ung wipes na pinadala mo seller tpos konti Ang laman kumpara sa mga iBang binili q sa online bomba Ang wipes dito,0.0,NEUTRAL,,
996,not good not worth it sa pera EXPECTATIONS VS REALITY 😔😔 sobrang liit at hindi madaling iopen sayang ang budget REAL TALK lang 🥹,-0.8806,BAD,,good -1.8; worth it -2.1; liit -1.4; sayang -2.0
997,"Not as described Maliit ng per sheet niya parang ginupit sa dalawa yung normal na size ng wipes Hindi maganda Ang layo sa picture, false advertising.. napakaliit ng dumating hindi totoo na 80 sheets as you can see sa photos kalahati pa ang size ..not sure if safe to use",-0.9224,BAD,,Not as described -2.5; Maliit -1.0; maganda -1.9; false advertising -2.5; napakaliit -1.4
998,Di manlang binalot ng wrapper ng bubble wrap kaya natupi at basang basa ang item,0.0,NEUTRAL,,
999,bagsak hinde Tama ang order na nabigay Malaki na babywifes na enorder ko nakisuyo lang ako ng aking payments nag Iwan lang ako ng bayad ko sa parcel Kasi may importante akong dapat lakarin kaya Hinde ako nakakuha ng video nakadismaya puro maliliit ng buksan ko aking parcel de Bali na .nakaabala na kung ereturn to sender ko Sana NAMAN seller huwag ninyo Gawin sa iba ang ginawa ninyo sa order ko . ratexxxxxxxxxxkau Hinde kaaya aya,0.5423,GOOD,,Tama +0.5; order +0.5; order +1.5
1000,ok ok poor Kala ko yung Malaki na na. Tapos kulang pa ng 1. 😮‍💨,-0.3612,BAD,,ok +1.0; ok +1.0; poor -2.0; kulang -1.5
1001,not good same quality naman xa kaso hinati nila ang wipe para maging 80 pcs..huhu nabodol ata ako..hahays,-0.4168,BAD,,good -1.8
1002,budol sobrang nipis budol sobrang nipis walang 80 pcs to,-0.9329,BAD,,budol -3.0; nipis -1.9; budol -3.3; nipis -1.9
1003,20pcs.nga Ang dumating pero Hindi nman big pack ung maliit lng nman pla.ay wala pinadami nyo lng para madami bumili.,-0.6124,BAD,,maliit -1.5; wala -1.5
1004,"poor poor poor Ang naka lagay ay 80pcs,,pero binilang namin ang laman 30pcs lang,,,kaya pla manipis ang manga pack,,di kagaya nung inorder ko sa ibang seller 80pcs tlaga ang laman..will not order again!..",-0.8955,BAD,,poor -1.0; poor -1.0; poor -1.0; manipis -2.2; not order -2.2
1005,Ang hirap gamitin napaliit akala ko malaki. Ang hirap niya ipunas sa mukha ang liit talaga akala ko malaki kaya pala mura.,0.128,GOOD,,liit -1.0; mura +1.5
1006,bbhjjh gehehshsbbshshsb bbbjjhjhj peke amp wag kayo bibili dito di maganda yung wipes parang di naman 80 sheets yung wipes HAHAHAH nag sayang lang ako ng pera sainyo,-0.8705,BAD,,peke -3.0; maganda -1.9; sayang -2.0
1007,waste of money poor Sobrang nipis ng pack parang half lang ng original at ung mismong wipes kalahati lang din size. Tila hinati ung buong pack at nilagyan ng tubig para mukhang basa. Hindi maganda.,-0.8807,BAD,,waste of money -3.0; poor -2.0; nipis -1.9; original +1.5; maganda -1.9
1008,super wet no smell super thin image not as advertised bought the largest option,-0.5596,BAD,,not as advertised -2.6
1009,"Poor Poor Poor Would give 0 star if I could. Waste of money. Sobrang nipis, ang kaunti ng laman. Clearly did not receive the wipes as advertised. Poor quality na, poor packaging pa. 👎",-0.9824,BAD,,Poor -2.0; Poor -2.0; Poor -2.0; Waste of money -3.0; nipis -1.9; did not receive -2.5; Poor quality -2.8; poor -2.0; 👎 -2.2
1010,"Poor quality. Sobrang nipis unlike sa previous items. Same price lang naman. Tas walang lock, pag open mu punit agad ang plastic tas di na madikit. Ei wlang lock exposed na ngaun ang wipes. Hays.",-0.899,BAD,,Poor quality -2.8; nipis -1.9; punit -1.8; Hays -1.5
1011,panget law ay Wala pulos ni man puro nagkupos paano ni magamit Wala na tubig Wala gensulod sa karton ano ni nga seller man plastic lang gensulod de nagkupos lahat Ang dami pa Naman 20 kaputos napiga Ang mga onod na tube sa wife Wala klaro pagbalot,-0.8689,BAD,,panget -2.8; Wala -1.0; Wala -1.0; Wala -1.0; Wala -1.0
1012,poor poor poor nakapa.nipis..halos walang laman..makikita mo sa picture..,-0.8885,BAD,,poor -2.0; poor -2.0; poor -2.0; nipis -1.5
1013,"Nakaka diri,mabaho na ang wipes,sana naman wag na ibenta pag defective na ang product nyo.nd na pwd magamit,pang baby pa naman.tapos ganyan ang quality,",-0.8608,BAD,,Nakaka diri -1.4; mabaho -1.0; defective -4.2
1014,the square plastoc lock is missing the product is alao smller as compared to the regular size products of the same nature there is no alcolmsmell when opened this is only soaknin water,-0.5423,BAD,,missing -2.5
1015,"The items I received are not what's described. 80 sheets pero 80 series ang nakalagay. Bad advertising whose intention is to gain profit and not gain trust of the customers. Ang nipis ng packing, Kaya up to now hindi ko ginagamit kase lugi ako. Hindi na nagriresponse si seller kung ano ga ang kanyang plano",-0.9253,BAD,,Bad -3.8; nipis -2.2; lugi -3.5
1016,Duda Naman Ako sa 80sheets nito seller!! kayA binilang ko tlga Isa Isa KC Ang nipis so ayon n nga 30sheets lang..hayssst sorry s rate ko ha,-0.4738,BAD,,nipis -1.5
1017,"False ad, the tissue is not even 200 ply.. let alone a 300 one as shown in the photos. One star is far stretched as it only is below 50 ply.. wipes also are like the mini wipes in terms of its size not like the big ones that you normally buy at stores.",0.128,GOOD,,False +0.5
1018,Budol. Sobrang liit ng wipes at ang nipis pa ng laman grabe ha. Pati packaging tinipid. Hindi na ako uulit. Babalik nalang alo sa dati kong inoorderan. Tsk.,-0.8338,BAD,,Budol -3.0; liit -1.4; nipis -1.5
1019,"5 1 1 Ang sabi big.,bakit small Ang dumating.",0.0,NEUTRAL,,
1020,"bad not good for babies poor Manipis, scam! Pati ung tissue kaliit , what you see is NOT what you get, hnd sya 80series, kahit bilangin nyo pa",-0.9483,BAD,,bad -2.5; good -1.8; poor -2.0; Manipis -1.5; scam -3.5
1021,"not 80pcs ,only 30 pcs the actual size is too small i think it is only half than the actual size",-0.4588,BAD,,too small -2.0
1022,hindi maganda kasi katulad sa vedio ang denilever maliit ang wipes sabi big wipe ang dumating maliit,-0.705,BAD,,maganda -1.9; maliit -1.0; maliit -1.0
1023,Not happy. Kasi 10big packs order ko. Dumating 10small packs. Nakakadismaya,-0.7002,BAD,,happy -2.0; order +1.0; Nakakadismaya -2.8
1024,"👎 👎 Nakaka lungkot lang na nag bayad ng tamang halaga. Pero Di dumating yung tamang order, at kulang din ang laman ng wipes. Instead of 20pcs 18 lang. Sana lumaban kayo ng patas. Nag chat ako sa inyo. Wala kayong response. Ano aasahan ko sa sinend nyo na stickers na thank you. Ni wala akong makuha na dapat/ at tamang sagot kung bakit ganun ang ngyari sa binayaran ko. Kasi sayang ang pera na pinag paguran ng iba. May ipang bili lang sa shop nyo. Nag tiwala ako/kami na mga customers nyo na tama ang ipapadala nyo kasi tama ang ibinayad namin. Sana wag naman po ganito. Thank you. God bless na lang po sa inyo. May mata po si God.",-0.8481,BAD,,👎 -1.1; 👎 -1.1; Di dumating -1.2; order +0.5; kulang -0.8; Wala -1.5; thank +0.2; wala -1.5; sayang -3.0; tama +1.5; tama +1.5; Thank +0.2
1025,Kya pla nagtataka ko bat prang manipis ung wet tissue. Sa unang tingin d halata pro PG open mo pinunit punit na pla 😅 hnd nmn gnyn ung inorder ko. Nag Bago lng ako Ng shop. Ok nmn ung seller pro ung mismong item. Disappointed.,-0.7906,BAD,,manipis -1.5; punit -1.8; Ok +1.0; Disappointed -2.7
1026,hmm hmm hmmm I thought with the price i was expecting a bigger pack of tissues than what was delivered. The paper itself is half of what it should be and thin. One whole and a half packs could be used up in cleaning the baby. Dissappointed. Money lost.,0.0,NEUTRAL,,
1027,0 0 0 Wag na kayong bibili,0.0,NEUTRAL,,
1028,"Grabe this...iba tlaga pag nasayo na nakakapamghinayang kc akala ko di masyadong maliit yun tama lang,pero iba ang expectation ko versus reality..omg sobrang liit ng wet tissue pang kulangot lang sya.di sya pwede.pang pwet ng baby or else..pwede sya gamitin pang kulangot,masyado lang ata exaggerated yun post sa picture na akala mo malaki pero in reality it's a big No po...",-0.4492,BAD,,maliit +0.5; tama +0.6; liit -3.0
1029,"nakaka disappoint kase pitong wipes ang expired tapos tatlo lang yung hindi sa sampong wipes na inorder ko, tapos ang dugyut ng pagka packing, lesson learned dna ako order ng wipes sa shop nato... baka mapano pa skin ng baby ko HUHUHU",-0.8377,BAD,,nakaka disappoint -2.7; expired -2.5; order -0.7
1030,KULANG NA NGA UNG DINELIVER SOBRANG NIPIS PA NG PRODUKTO! EKIS NA TO!,-0.7126,BAD,,KULANG -1.5; NIPIS -1.9
1031,Not the same as advertised. Big daw pero maliit. Tapos wala Nung plastic na pangcover sa ibabaw. Katulad lang ng ads nyo...DRAWING!. Masama manloko ng kapwa.,-0.8762,BAD,,maliit -1.5; wala -1.5; Masama -3.8
1032,hindi maayos ang pack Hindi maayos ang pagpapack ni seller. Nagleak na yung mga wipes kasi hindi man lang nilagyan ng bubble wrap. Jusko waste of money,-0.8677,BAD,,maayos -1.5; maayos -1.5; waste of money -3.8
1033,"Diko nagustohan package nyo seller, grabi 20pcs wipes pero ginawa nyo lang parang damit, grabing siksikan ginawa nyo sa wipes ending tagos na tagos Ang tubig ng wipes kahit naka package pa, sana next time gandahan nyo naman, ilang beses na Akong umorder ng 20pcs wipes sa iba pero maganda pagka shield nila halatang ma effort,ahayyy",0.6956,GOOD,,maganda +3.8
1034,good good not the same anymore Ang size to small,0.7783,GOOD,,good +2.4; good +2.4
1035,Suki nko sa shop na ito pero ibamg wipes Pinadala sobrang liit nkk dis appoint😠😡,-0.9406,BAD,,liit -2.0; 😠 -4.2; 😡 -4.5
1036,pangif pangit pangit Nipis,-0.8779,BAD,,pangit -2.8; pangit -2.8; Nipis -1.5
1037,di man lang nilagay sa box. Basang basa sa loob! ang NIPIS pa ng wipes kaya pala mura. halos kalahati ng usual na inoorder ko!,-0.3219,BAD,,NIPIS -2.2; mura +1.5
1038,ang liit niya unlike sa other shop na makapal pero same price lang deng . tapos yung wipes nahati hati ba nmn.... hays..galing talaga..,0.25,GOOD,,liit -0.5; hays -2.2; galing +3.8
1039,"Napakadugyot ng pagkapack ng item: sa karton manlang Sana nilagay, pagdating Sakin parang galing basurahan, butas butas pa, fake seller to..sayang lang pera",-0.7992,BAD,,Napakadugyot -1.1; galing +3.5; fake -4.5; sayang -3.0
1040,"Akala q same sila ng dti qong binibili, same p nmn cla ng prce, nd pala mas maliit at mas manipis pala eto..20pcs p nmn binili q..",-0.5423,BAD,,maliit -1.0; manipis -1.5
1041,Sobrang nipis Not sutable. Maliit hindi sya big Next time be realistic on your listing and description of your products,-0.5927,BAD,,nipis -1.9; Maliit -1.0
1042,not worth it small and thin not good The sheet is very small. Not worth it. The quality is not good. It's also thin. Not recommended.,-0.9266,BAD,,worth it -2.1; good -1.8; worth it -2.1; good -1.8; recommended -1.9
1043,Nakakadismaya kulang ng dalawang pack 18 PCs lang ang binigay nio Sakin instead of 10..di na ako uulit sa inyo..,-0.743,BAD,,Nakakadismaya -2.8; kulang -1.5
1044,hindi manlang pinack ng maayos. nilagay lang sa pouch nagleak na tuloy tapos piping pipi,0.4588,GOOD,,maayos +2.0
1045,"20 packs nga pero maliliit naman Hindi gaya nga nasa picture, pang baby hand and mouth wipes lng hayss, diko na nirefund kase nakakahiya naman sa may-ari.",-0.5719,BAD,,nakakahiya -2.7
1046,MALIIT MALIIT MALIIT MAPAPAMURA KA NALANG TALAGA.. MAY SHIPPING PA SA SPX NA AABOTAN NG ISANG BUWAN BAGO MA SHIP!! NEVER BUY TO THIS SHOP!,-0.7074,BAD,,MALIIT -1.0; MALIIT -1.0; MALIIT -1.0
1047,"2/10 Ang pangit ng quality, ibng-iba sa usual na wipes na nabibili ko. 2/10 3/10",-0.936,BAD,,pangit -2.8; 2/10 -2.5; 2/10 -2.5; 3/10 -2.5
1048,1 lang po ang diniliver 20pcs ung order ko bakit po ganun porke bayad na ang order ko 153 pesos Binayaran ko baka pwede namn po bigay Nyo ibang order ko na wipes,0.6124,GOOD,,order +1.0; order +1.0; order +1.0
1049,poor none poor Sobrang liit Napakanipis,-0.8906,BAD,,poor -2.0; poor -2.0; liit -1.4; Napakanipis -2.2
1050,"kulang ng isa, pinalitan yung kulang ng ibang brand nakabukas pa.. kainaman na seller to",-0.6124,BAD,,kulang -1.5; kulang -1.5
1051,10/10 5/10 10/10 manipis ang wipes parang hindi 80pcs.,0.6705,GOOD,,manipis -1.5; 10/10 +2.5; 10/10 +2.5
1052,Inorder ko po is 80 series nung dumating tama naman 80 series po pero manipis kaya po binilang ko 30 series lang pala sya bawat pack nakakadismaya,-0.8381,BAD,,tama +0.5; manipis -2.2; nakakadismaya -4.2
1053,Panget ng wipes nila ngayon wala ng takip wala ng cover .di pa nag rereply seller naka auto reply sila pero di nila sinasagot yung mismong reklamo ko. ang liit pa ng wipes kalahati na lang din ang laman. ayoko naman ibalik at nahihiya ako sa delivery rider.. bwisit sayang pera ko sa inyo,-0.9776,BAD,,Panget -1.4; wala -0.5; wala -0.5; reklamo -2.7; liit -1.5; ayoko -3.0; bwisit -4.2; sayang pera -4.2
1054,10 big packs ordr ko pero small dumating.anu ba yung difference between small and big?,0.0,NEUTRAL,,
1055,good not matching the series Its 80 series. Misrepresentation ang bilang.,0.5267,GOOD,,good +2.4
1056,Poor quality.. the wipes were cut into half and it’s so thin. It will easily get teared.. not advisable for cleaning babies poops and etc. Looks like it’s not 80 pcs. because they are cut into halves. when you get 1 wet wipe it is half the cloth..,-0.5859,BAD,,Poor quality -2.8
1057,Maayos ung deliver kaso ung mismong item hnd goods pinag compare q xia sa binili q ba wipes before 80 pcs ung binili q pero etong dumating apaka nipis peke ung nakalagay sa packaging,-0.8427,BAD,,goods -0.5; nipis -2.0; peke -3.5
1058,poor poor poor Ang pangit ng wipes nyo d ko alam kung 80 sheets ang laman parang binawasan ehh kakaunti d na ako uulit sa shop nyo,-0.9153,BAD,,poor -2.0; poor -2.0; poor -2.0; pangit -2.8
1059,"No scent, parang binasa lang ng tubig.di maganda pang wipes",-0.431,BAD,,maganda -1.9
1060,Ok naman sana kaso dinadaya nyo ung laman naka lagay dun 80sheets dapat pero nung binilang ko ung laman ng bawat pack 29sheets lang ang laman. Tssskkkk 😡😡😡😡😡😡😡,-0.993,BAD,,Ok -1.0; 😡 -4.5; 😡 -4.5; 😡 -4.5; 😡 -4.5; 😡 -4.5; 😡 -4.5; 😡 -4.5
1061,poor sira ang plastic ng wipes. sana inayos man lang ang pag pack. ginawan ko pa ng paraan para di matuyo ang wipes I will never order again,-0.6553,BAD,,poor -1.0; sira -1.2; order -1.1
1062,Marunong ba kayo magbilang? Balik kaya kayo sa kinder. Buti pa bata marunong magbilang!! 20pcs daw 15 pcs lang pinadala nyo!!! Scamm kala naman nila ikayaman nila panloloko nila.,0.0,NEUTRAL,,
1063,"npakanipis,wlang amoy,fake so disappointed ,buti nlng d aq nag order ng marami sayang ang pera ko",-0.9151,BAD,,amoy -0.1; fake -3.0; disappointed -2.9; order -0.7; sayang -2.0
1064,"kulang kulang Ang naideliver na items ... D maganda, impis Ang mga wipes parang kalahati lang Ang laman. Sayang Pera! D na mauulit Ang order !!;",-0.8892,BAD,,kulang -1.5; kulang -1.5; maganda -1.9; Sayang Pera -2.8; order +1.0
1065,"not good I’m really disappointed with this purchase. The product is labeled as “80 series,” but the wipes are extremely thin and clearly look like they’ve been split in half, making them much smaller than expected. This is false advertising—the product does not match what was promised in the listing. Definitely not worth it. I wouldn’t recommend this to anyone looking for decent, durable wipes.",-0.5605,BAD,,good -0.9; disappointed -1.5; false advertising -3.8; worth it -3.1; recommend +3.3; durable +3.3
1066,"poor Super nipis, basang basa un loob ng plastic bag. Not worth buying.",-0.7032,BAD,,poor -2.0; nipis -1.9; worth -1.5; buying +1.5
1067,"Product Review: I ordered 20pcs of wipes, but unfortunately, I only received 16pcs in the package. I am disappointed with the discrepancy in the quantity. I hope the seller addresses this issue and ensures that the correct quantity is shipped next time.",-0.8338,BAD,,disappointed -4.0; issue -1.8
1068,"Not good sobrang nipis Sobrang nipis,.. Walang 80pcs Not good sobrang nipis,.. Wag na bumili dito,.. Kainis",-0.9248,BAD,,good -1.8; nipis -1.9; nipis -2.2; good -1.8; nipis -1.9
1069,I ordered 20 wet wipes but I receiver only 10 wipes and I pad the amount what the seller send me..very disapppointing,0.0,NEUTRAL,,
1070,"Okay ang nagdeliver pero ang mismong shop at seller hindi! Never na akong uulit dito sa shop na ito. And i will also let my friends and family know kung gano ka worst ang service dito! Binigyan ko pa sila ng chance bago ko magsend ng review, kaso isang beses na lang ako nireplyan then puro stickers na response? Ano ito lokohan! Alam nio lang pagkakitaan mga customers but you don’t know how to value them! Report na din ito sa shoppee para matututong umayos my gosh!",-0.816,BAD,,Okay +0.5; worst -4.8
1071,"0 0 0 Nakakainis dumating s akin pitpit, at yung liquid ng wipes labas sa buung plastic putu leek , naku nag try lang ako sa shop n ito, Not good 👎 Tapos 80 sheets daw ang liit ng wipes at ang nipis ,.",-0.9182,BAD,,Nakakainis -2.5; good -1.8; 👎 -2.2; liit -1.0; nipis -1.5
1072,ang nipis..ang pangit ng wipes..nagbabayad ng sakto pero hindi maganda ibibigay..sayang lang pera ko...wag kayo bili sa shop na to hindi maganda Ang nipis hindi maganda sobrang nakaka dismaya si seller..ngayon lang ako nakabili ng wipes na sobrang nipis..wag kayo bibili sa shop na to pangit ibibigay sa inyo sayang pera ko😡,-0.9942,BAD,,nipis -0.8; pangit -1.4; sakto +0.4; maganda -2.8; sayang -3.0; maganda -2.8; nipis -2.2; maganda -2.8; nakaka dismaya -4.7; nipis -2.8; pangit -4.2; sayang pera -4.2; 😡 -4.5
1073,Hindi naman ito yung inorder ko.. kung kaylan kailangang kailangan ng baby ko tapos ganito yumg ippadala nyo.. isang taon na akong umoorder sainyo padalawang beses ng palpak ang pinapadala nyo.. nanluluko nalang kayo ng umoorder..,-0.5859,BAD,,palpak -2.8
1074,not as good not good very bad Grabe ang liit sa video malaki tingnan pero nung na recieved ko na ang liit pla.,-0.8106,BAD,,good -0.9; good -0.9; bad -1.4; liit -0.7; liit -1.5
1075,very poor very poor very poor buset nascam ako sobrang liit yung binigay sakin last nag order ako makapal at madami kaso naubos kaya umorder ako ulit nag buy again ako sa inorder pero ang dumating napakapangit,-0.8961,BAD,,poor -1.1; poor -1.3; poor -1.3; liit -0.7; order +0.5; ulit +0.8; napakapangit -4.8
1076,very poor very very poor scam b Bakit kahalati ang tissue at malabo Hindi Malinis tingnan kaya di pwidi gamitin sa katawan.Tulfo ang dapat dito,-0.9352,BAD,,poor -2.3; poor -2.6; scam -4.0; Malinis -1.3
1077,"Sobrang nipis. It's like cut into half. Almost useless to wipe the poop of our baby. Anyway lesson learned . You get what you paid for. It's not really 80, I think it's cut half. Wala amoy. Tubig Ang liquid. Only 20 PCs inside.",-0.8401,BAD,,nipis -1.9; useless -3.0; Wala -1.0; amoy -0.1
1078,Nkakadismaya lang sana di nyo na inilalagay un BIGSIZE tpos hindi nman pala hayysssss 😁,0.4404,GOOD,,Nkakadismaya -1.4; 😁 +3.3
1079,Kulng ung laman...30pcs lng...imbes na 80...mura nga Peru ND nmn totoo mga nka lagay sa loob ng wipes😩 Kung gsto nyo maloko bumili kau!,0.4199,GOOD,,mura +1.5
1080,ang hirap iponas kase maliit ang liit nung wipes. hinati pa hay nako. poor,-0.8176,BAD,,maliit -1.0; liit -1.0; hay nako -1.5; poor -2.0
1081,"It's not for heavy tasks Actually, i thought those wipes were thick but i'm so disappointed. I'm using so much to clean my hands because of small and poor quality",-0.8215,BAD,,disappointed -4.3; clean +3.0; poor quality -4.2
1082,Pangit ng product sobrang basa need mopa pigain ang tissue para magamit. Pangit ng packaging mahirap buksan. Basta hindi maganda tapos sabi malaki maliit lang pala.,-0.9091,BAD,,Pangit -2.8; Pangit -2.8; maganda -1.9; maliit -1.0
1083,1 1 1 Walang amoy and sobrang basang basa ng wipes dikit dikit,-0.0382,NEUTRAL,,amoy -0.1
1084,"hay Nako ang nipis ang liit pa akala ko Malaki,Kase sa picture Malaki pero maliliit pala",-0.7184,BAD,,hay Nako -1.5; nipis -1.5; liit -1.0
1085,bad bad bad Ang konti lang laman nag wife's ninyo confair sa binili ko sa iba mataba un sakanila payat,-0.8885,BAD,,bad -2.5; bad -2.5; bad -2.5
1086,Inorder ko 20pcs tapos 18 lang dumating 😡 eto Yung pang 3x ko na mag order sa shop nato pero ngayun ko lang biniliang . Baka kulang din Yung mga nauna ko inorder,-0.6428,BAD,,😡 -1.5; order +0.5; kulang -2.2
1087,poor quality poor not okay Scaaaam,-0.9192,BAD,,poor quality -2.8; poor -2.0; okay -0.7; Scaaaam -3.5
1088,puro tubig hndi na ulit ako bibili nito poor Hndi na ulit ako bibili parang 20sheet un nipis,-0.8332,BAD,,ulit -1.3; poor -2.0; ulit -1.3; nipis -1.3
1089,"Not worth it Low Quality Not worth it Not worth buying. Hindi po sya 80 sheets as stated sa item description, parang nasa 30-40 sheets lang per pack. Manipis and low quality.",-0.9395,BAD,,worth it -2.1; Low Quality -2.5; worth it -2.1; worth -1.5; buying +1.5; Manipis -1.5; low quality -2.5
1090,"BUDOL NAMAN KAYO EI!!!! BUY 10 TAKE 10 ANG ORDER KO , NAG ORDER AKO NG DALAWA TAPOS ANG DUMATING ISANG ORDER LANG HINDI NAMAN BUY 10 TAKE 10 NAKAKAINIS NOH!!!! HINDI KAYO PWEDENG BALIK BALIKAN NA ORDERAN BUDOL KAYO MADAYA KAYO!!!! WAG NA KAYO MAG ORDER DITO MAIINIS LANG KAYO NG SOBRA!!!!!!!!!!!!!!!!!!!!",-0.8852,BAD,,BUDOL -3.0; ORDER +1.0; ORDER +1.0; ORDER +1.0; NAKAKAINIS -2.5; BUDOL -3.0; MADAYA -1.7; ORDER +1.0
1091,Manipis ang isang boong wipes at subrang watery nya at maraming nag lileak,-0.3612,BAD,,Manipis -1.5
1092,"poor poor bad bad bad im not happy,poor packaging.nka box nga pero pisat pisat naman ubos yong tubig nya at sobrang nipis na nya kc super leak.di tulad sa inoorderan ko dati na nag bobox nmn pero super safe ng wipes,na out of stock lng sila kya napa order ako dto.this is the first and last na oorder ako sa shop nato.",-0.88,BAD,,poor -1.0; poor -1.0; bad -1.2; bad -1.2; bad -1.2; happy -1.0; poor -1.0; nipis -0.9; order +1.5
1093,80 sheets daw Per pack pero Ung Pinadala 20packs na Napakanipis Wala pang 80sheets Ang Isang pack madaya,-0.872,BAD,,Napakanipis -2.9; Wala -1.5; madaya -2.5
1094,Good maganda yung laman kaso big wipes naka lagay pero subrang liit yunh dumating,0.1091,GOOD,,Good +1.2; maganda +1.2; liit -2.0
1095,not good Iban yong brand na inorder pero iba din yong binigay..Tama na 20pcs pero yong laman na dapat ay 80sheets..Iba din naka dismaya lng Dina ako order uli sayang.halos toyo na yong laman basang basa yong items dumating,-0.4382,BAD,,good -0.9; Tama +0.5; order +1.5; sayang -3.0
1096,sibrang liit niya not the same sa pinakita nila,-0.25,BAD,,liit -1.0
1097,Im not satisfied di kasi naka pack.. maliit ang wet tissue parang hinati lng ginupit para maging 80 pcs..,-0.5615,BAD,,satisfied -1.6; maliit -1.0
1098,"I advise the seller to pack it, in the hard or boxes para hindi masira ang wipes pack... Paano namin to magagamit ng matagal if yung moist ng wipes is lumabas na... 0",0.1655,GOOD,,masira +1.9; matagal -1.2
1099,Sobrang konti ang laman ng wipes at ung tissue ndi kagaya ng nauna kong nabili sa ibang seller. Pati tissue nyo ndi pa siksik ang laman,0.0,NEUTRAL,,
1100,Sorry pero na disappoint Ako di sya nka sealed ng maayos . Lumalabas Yung mga tubig tsaka nka open Yung pag kukuhanan Ng wipes,-0.1154,BAD,,disappoint -3.5; maayos +3.0
1101,pangit ang liit pala akala ko makapal...,-0.7003,BAD,,pangit -2.8; liit -1.0
1102,i thought 80pcs per pack?? binilang ko 30pcs lang haha sa susunod make it clear hindi yung papaasahin nyo yung customer nyo!,0.0,NEUTRAL,,
1103,"4 x 20 pcs. pack order ko, 4 x 10 pcs. pack lang dumating.",0.25,GOOD,,order +1.0
1104,"Upon checking the item, I noticed that the packaging appeared to have been compressed or placed under something heavy, causing the liquid inside to leak out. I hope you can look into this matter.",0.0,NEUTRAL,,
1105,poor Ang sabe 80 PCs bawat pack binilang kopo 30 PCs lang. Bat Naman Ganon. Para maka Venta Ng loloko kayo Ng tao. 😥,-0.4588,BAD,,poor -2.0
1106,not good mAbAho ndi mAbAngo n gAyA ng ibAng wipes..pAng punAs lAng sA pusA d pwede sA bAby kc mAbAho.tpos big sbe Ang liliit nmn..nAkkAdismAyA...,-0.8822,BAD,,good -1.8; mAbAho -2.0; mAbAngo -1.5; mAbAho -2.0
1107,"Not good quality. Thin. Expectation vs reality. Don't rely on the pictures shown by the seller, it's not true. My order is also lacking. So disappointed. Find other LEGIT and RESPONSIVE seller. Don't order here. Sayang pera!",-0.6449,BAD,,good quality -1.7; Expectation vs reality -1.0; order +1.0; disappointed -2.9; LEGIT +3.2; RESPONSIVE +1.9; order -0.7; Sayang pera -2.8
1108,ang pangit sira sira sira sira ng dumating ang tagal dumating tapos damage lahat hindi kuna magagamit Ang pangit damage lahat ng wifes,-0.9806,BAD,,pangit -2.8; sira -2.5; sira -2.5; sira -2.5; sira -2.5; tagal -1.5; magagamit -2.3; pangit -2.8
1109,Hahaha di Naman Yung Isa na receive namin iBang iba sa picture di Nako oorder Dito,-0.4939,BAD,,iba sa picture -2.2
1110,"dissapointed😓ang pangit ng product niyo, parang ni recycled😓pati packaging parang galing sa basura..hinugasan at ibenenta!!!",-0.9244,BAD,,dissapointed -2.7; pangit -2.8; basura -3.0
1111,it's so badd not good for babie late kona kasi nalaman na fake pala tong wipes na to nakakapang hinayang lang kasi yung inakala mong good quality ehhh haysss,-0.8229,BAD,,good -1.9; late -1.5; fake -3.0; good quality +2.3; haysss -1.5
1112,low low low Ang wipes parang di 80 sheets ang laman,0.0,NEUTRAL,,
1113,Messy looks and waste of money some of other wipes are dry and no cover i am very dissapointed to this product!!! I will not surely order again... thanks to the delivery rider very polite and friendly... Will change my review once it's installed thank you,-0.6304,BAD,,waste of money -3.0; dissapointed -3.0; order -0.7; thanks +1.2; friendly +2.3; thank +1.0
1114,"manipis sya tsaka maliit, now Lang ako naka experience ng ganyan malaki lalagyan Taz maliit UNG NASA loob parang ginupit SA gitna. 😛 Sana Di sya recycle 😢",-0.775,BAD,,manipis -0.8; maliit -0.5; maliit -0.5; 😢 -3.0
1115,"super nipis ng wetwipes, hinde siya 80pulls. compared to other seller ang kapal ng lagayan ng wetwipes. Won't buy again from this seller.....",-0.431,BAD,,nipis -1.9
1116,"ang liit liit naman,kala ko naman malaki.un kasi sabi jan sa picture,big size . kala ko naman big size pero ang liit,buti 10 pcs lang inorder ko hindi 20 pcs.tsaka d u man lang nilagyan ng buble wrap or nilagay nyu sana sa box na cartoon bagu nyu pinadala.",-0.5423,BAD,,liit -0.5; liit -0.5; liit -1.5
1117,"I paid for 2 sets with 20packs each set, but only 20pcs was delivered 😥",0.0,NEUTRAL,,
1118,"super nipis..parang 20 sheets lng Sad to say, not showing the real quantities of the item. Not recommended store to bought items.",-0.7964,BAD,,nipis -1.9; Sad -1.4; recommended -1.9
1119,Ang bastos nyu nmn bakit nyu nmn ginupit yung wipes? Pra lang mka rami??,-0.4515,BAD,,bastos -2.0
1120,bakit ang nipis iba yng sa actual compared sa video nyo..,-0.3612,BAD,,nipis -1.5
1121,"Not satisfied, Hindi nka box Hindi nka bubble wrap, yupi na siya, at watery na nung dumating, noy recommended, I will never order again.👎",-0.6209,BAD,,satisfied -1.6; yupi -1.0; recommended +2.5; order -0.7; 👎 -2.2
1122,1 1 2 Hindi nmn cya 80pcs ang nipis poat may leak tagas po ung liquid,-0.3612,BAD,,nipis -1.5
1123,"May MOLDS yung wipes, this is a health concern lalo pa kung gagamitin sa baby as advertised. Personally ginagamit ko lang to as basahan so I don't have to wash dirty rugs. Pero this is concerning.",-0.4939,BAD,,dirty -2.2
1124,Masyadong maliit at d tugma.sa. prodoktong inorder ko😕,-0.3071,BAD,,maliit -1.2
1125,1/10 1/10 1/10 Kaya pla mura kasi nd malapad ung wipes maliit tapos manipis😅,-0.91,BAD,,mura +1.5; maliit -1.0; manipis -1.5; 1/10 -2.5; 1/10 -2.5; 1/10 -2.5
1126,sobrang baho tapos stock expected ko malaki nung dumating sobrang liit tapos halatang nilagyan lng nang tubig don't buy this product sobrang nakakabudol ang babaho nang wipes,-0.6908,BAD,,baho -2.4; liit -1.4
1127,Scam ang word na BiG Size Kasi small ang mga dumating..,-0.6705,BAD,,Scam -3.5
1128,"Not good not good not good Disappoint, ung dati na inuorder ko maganda malapad ung wipes ,Now subrang tipid hahahahaah katawa anyare mygod Wala magawa ubusin nalng 🤣",-0.8453,BAD,,good -1.8; good -1.8; good -1.8; Disappoint -2.3; maganda +2.5; Wala -1.0
1129,"It says 20 packs wipes or 10 packs (big wipes), however, what I received was only 10 small wipes",0.0,NEUTRAL,,
1130,SELLER magreply ka nmn po sa messages ko! Kulang ung pinadala mong baby wipes! 2sets of 20packs (a total of 40pcs babywipes) ung order at binayaran ko pero ung dumating 20pcs lang! Be a responsible seller nmn po! Icheck nio dapat muna bago nio ipack at iship!😠,-0.8233,BAD,,Kulang -0.8; order +0.5; 😠 -4.2
1131,Kakunti ng laman kya pla mura lng di tulad s ibng store,0.3612,GOOD,,mura +1.5
1132,"nakalagay sa item description, big wipes.. dumating maliliit lang.. misleading ung description",-0.5106,BAD,,misleading -2.3
1133,Be careful with this shop. They initially listed this product as buy 1 take 1 and changed it later on. You will not receive buy 1 take 1 quantity.,0.0,NEUTRAL,,
1134,Nakaka inis bkit basa ung item nag taga po ung tubi ng wifes d nio man lng po nilgay sa box di sana di naipit o nadaganan ni rider,-0.5423,BAD,,Nakaka inis -2.5
1135,"Ito ooh honest review, Super nipis Niya promise 🥺 feeling ko di ito aabot Ng 80sheets mga 30 lng cguro to .. gusto ko sana ge refund ko nlg kso mahihirapan nku . Problema diku pa Na video'han huhu . Luging lugi Ako nito .. mukang bawas po talga sya .. Wala Ng binili nito Sakin . Kylngan ko nlg ibebta na tah 10pesos .",-0.9466,BAD,,nipis -0.9; gusto ko -1.0; refund -2.2; Problema -2.2; lugi -3.5; Wala -1.5
1136,yung tissue ok pero yung wipes madumi parang hindi bago,-0.5423,BAD,,ok +0.5; madumi -3.0
1137,Napaka sinungaling ng seller... 30pcs isang pack ang dumating ang order ko yung 80pcs isang pack tas ngayon pinacancel nila yung refund ko isesend lang nila 15pesos. Grabe. Kinalugi nila yan,-0.128,BAD,,order +1.0; refund -1.5
1138,good I ordered 1 20 packs. .pero they send 10 packs. .Ang hirap maka usap Ang seller it's a 😭. Kc I always order 20 packs per month Sayang Ang pera Sa iba nalang sana ako nag order,0.3506,GOOD,,good +1.2; 😭 -0.8; order +0.5; Sayang -1.0; order +1.5
1139,Ang pangit ng dumating sa akin puro pisa na puro pa basa LAHAT mga basa Madami nga ang order ko KC paninda ko Kasu ang seller hind man lang inisip na ilagay sa box....para hind mapisa Hind maganda serbisyo,0.1779,GOOD,,pangit -2.8; order +1.0; maganda +2.5
1140,The size is very deceiving. It is not big or large. It is very small The quality is not good. Easy to tore apart Poor,-0.8208,BAD,,deceiving -1.8; good -1.8; Poor -2.0
1141,very flat na nagleak yung parang tubig nya sa loob pano ko to mabebenta😡,-0.6124,BAD,,😡 -3.0
1142,1/10 1/10 1/10 halos walang laman... first time ko makabili ng wipes na maliit tapos ilan piraso lng ung laman kaya pala 20 packs masasayang ang pera mo,-0.91,BAD,,maliit -1.0; 1/10 -2.5; 1/10 -2.5; 1/10 -2.5
1143,"I WAS ASKING IF THIS ITEM IS BIG YOU ANSWERED YES BECAUSE I HAVE ORDERED FROM ANOTHER AND IM GOING TO LOST THE DIFFERENCE, THE GREEN ONE IS WHAT I ORDERED FROM YOU AND I WAS HOPING IT WOULD BE LIKE THE PINK ONE BUT AGAIN FALSE ADVERTISING",-0.6956,BAD,,FALSE ADVERTISING -3.8
1144,Ibang wipes naman pinadala wala man lang pasabi edi sana hindi na kami umorder,-0.25,BAD,,wala -1.0
1145,panget ugly zero Sayang lng binayad ko Nakamura ka nga I deliver sau Ang panget Ng product sobrang disqualified at dis appointed tlga sa kapanget scam na Naman aq sa product,-0.9442,BAD,,panget -2.8; Sayang -2.0; panget -2.8; scam -3.5
1146,not good MANIPIS KULANG YUNG LAMAN HAY NAKU WAG NA KAU BUMILI SA SHOP NA ITO HINDI SAKTO BINIBGY IMBES NA 80PCS. PER PACK BINILANG KO HALOS 30 PCS .LNG LMAN .MAGING HONEST SNA KAU HUSTO BNBYAD NMIN SA SHOP NYO,-0.8854,BAD,,good -1.8; MANIPIS -2.2; KULANG -2.2; SAKTO -1.1
1147,Na flattened lahat at lumabas ang tubig very irresponsible seller na kaka high blood paano to ibinta eh puro flat na.,-0.8069,BAD,,irresponsible -2.8; high blood -2.5
1148,poor Sobrang nipis Naman..halos Kasing nipis lng Ng AC remote ko...I'll count the contents kung talagang abot 80. So unhappy.,-0.81,BAD,,poor -2.0; nipis -1.9; nipis -1.5
1149,👍 👍 👍 Kumpleto naman,0.8402,GOOD,,👍 +2.0; 👍 +2.0; 👍 +2.0
1150,zero scam Ang inorder ko ay 20pcs wipes big Pero ang dumating...subrang liit at ang laman....hindi nga umabot ng 20pcs eh...nakakaloka...na scam pa ako,-0.919,BAD,,scam -1.8; liit -2.0; scam -5.2
1151,maganda sana may mga bukas nakaka desmaya,-0.4588,BAD,,maganda -2.0
1152,"not ok not ok not ok The is flattened, liquid of the wipes is not contained inside. It's clearly na 80pcs. Despite my instructions, to make sure the product is not flattened/ napiga. Walang ginawa Ang seller. Non sense na minessage.",-0.4973,BAD,,ok -0.7; ok -0.7; ok -0.7
1153,Sobrng nipis na kala m wlang 80 sheets mukang 20 sheets lang laman kaloka haha Gngmt ko lang ksi sa dogs ko kaya sabi ko ok pren pero if gnto n sya kakonti mas ok n sa ibng brand n mkapal at malki ang sheets. Sulit. Eto very wrong,0.7798,GOOD,,nipis -0.9; ok +0.5; ok +1.5; Sulit +3.8
1154,Grabe di maayos pagka pack pisa lahat kya pla basa at tumutulo nung pagdeliver sakin sana man lang nilagay sa box para secure syang lang pera,-0.4139,BAD,,maayos -1.8
1155,sabi big bakit ang liit parang larusn lng sana magsabi kayo ng totoo umaasa akong big sz kc yon ang sabi wipes for adult,-0.25,BAD,,liit -1.0
1156,Bumili kami sa inyo nitong wipes na nakalagay sa isang pack 80 pads.... nakakatuwa dapat kasi 20 pack ang halaga na bayaran ko 130 lang kasama na shipping....kaso nakaka dismaya kasi nakalagay ang laman daw ng isang pack ay 80pcs... pero ang nipis ng isang pack kaya nagduda tlga ako sa laman kaya binilang namin para sure nung nabilang ko ang laman 30 pcs lang.....saan ang 80 na sinasabi nyo? Galing nyo man luko...akala ko makatipid ako...yun pala naluko ako...,0.3071,GOOD,,nakakatuwa +1.1; nakaka dismaya -1.4; nipis -2.2; Galing +3.8
1157,Sobrang bagal ng delivery.. kawawa ung package pagka dating sa Amin . Thank you rider! Thank you dn sa shop . God bless you !,-0.2344,BAD,,bagal -2.4; Thank +1.0; Thank +1.0
1158,👌 🤔 👌 Ang nipis kala ko naman same lang sa picture. Akala mo e nabuksan at nabawasan na 😤😤😤,-0.8807,BAD,,nipis -1.5; 😤 -1.9; 😤 -1.9; 😤 -1.9
1159,Bkt ganyan kanipis samantala nakalagay s inyo 80pcs per pack ang laman.. parang wla png 80pcs ung laman nya...,-0.2023,BAD,,wla -0.8
1160,"poor scam scam This is ridiculously scam, I ordered 2 pack 20pcs each but I recieved only 1 pack only 20 pcs. Dont buy, this is scam.",-0.9477,BAD,,poor -1.0; scam -1.8; scam -1.8; scam -1.8; scam -5.2
1161,"Nakakasisi bumili 🙄 di na ako ulit bibili dito sorry to say pero its my opinion ,maganda ang expect ko pero ito dumating",0.6275,GOOD,,ulit -0.6; maganda +3.8
1162,bad not good not good Sobrang liit na ng wipes nyo..sobrang liit!!! Not worth it,-0.9493,BAD,,bad -2.5; good -1.8; good -1.8; liit -1.4; liit -1.4; worth it -2.1
1163,Ang konte ng laman at ang liit lang nung dumating pero ang order ko naman ang nakalagay BIG WIPES expected ko na malaki nga pero yan ang dumating kaninipis at maliit lng,-0.3612,BAD,,liit -0.5; order +0.5; maliit -1.5
1164,"Not good, sobrang nipis wipes Received the package but I was disappointed how thin the wipes are. Doesn't seem like it has 80 pcs inside because of how thin it is.",-0.897,BAD,,good -0.9; nipis -0.9; disappointed -4.0; like it -2.0
1165,"Sobrang basa ng wet wipes/lokot ang tissue, Item is damaged",-0.5423,BAD,,damaged -2.5
1166,kumakatas nung dumating sakin 4/10 may sira pa yubg isang balot ng wipes butas,-0.7906,BAD,,sira -2.5; 4/10 -2.5
1167,0 very bad very bad Seller pleased responsible for the item you send wasting money to order di man lng nilagyan ng carton ang balot alm nyo nmn na marami pede maupi lahat at mwla ang hangin paano p ibebenta kpag pirat na pirat alm nyon marami dpat nilagyan ng carton ang baloy pr safe ang item I need to refound,-0.8702,BAD,,bad -2.8; bad -3.0; wasting -2.0; order +1.0
1168,Budol is real..80 sheets daw Pero wala pang 30 sheets jusmiyo,-0.6124,BAD,,Budol -1.5; wala -1.5
1169,"ang nipis, ibang iba sa nakalagay sa picture",-0.3612,BAD,,nipis -1.5
1170,"4/10 iBang iba sa picture at sa deniliver .. Ang konti ng laman ,at Basa Yun parcel ko sa loob ng plastic.pero sa prize ok na din",-0.4767,BAD,,iba sa picture -1.1; ok +1.5; 4/10 -2.5
1171,Maling order pinapadala di marunong mag update ng stock if avail pa oh hindi na!!!!,-0.453,BAD,,Maling -1.8; order +1.0
1172,MANIPIS. walang silbi halos di magagamit MANIPIS. walang silbi halos di magagamit MANIPIS. walang silbi halos di magagamit,-0.9675,BAD,,MANIPIS -2.2; walang silbi -3.0; magagamit -2.3; MANIPIS +1.6; walang silbi -3.0; magagamit -2.3; MANIPIS +1.6; walang silbi -3.0; magagamit -2.3
1173,useless x x D man lang nilagay sa box. D nagisip. Pipi lahat ng wipes. Iresponsableng seller. Tuyo na mga wipes ano pang gagawin ko dito,-0.6124,BAD,,useless -3.0
1174,ung wipes di maganda 😢ung quality basang basa ung packaging ☹️,-0.705,BAD,,maganda -1.9; 😢 -2.0
1175,10 not good not good Ang nkasulat 20 PACks Ngunit 10 PCs lang Ang dumating... At sabi big wipes. Pero mallit Ang dumating not good seller,-0.7536,BAD,,good -0.9; good -0.9; good -2.7
1176,wala na yung matigas na cover kaya mabilis mapunit ang plastic.,-0.6808,BAD,,wala -1.0; mabilis mapunit -2.6
1177,ultra wet 18 packs lang dumating akala ko 20 packs & you have to squeeze it before using kase super wet baka masira ang gadget or things na gusto mong linisin. Sana they double checked before shipping para di kulang,0.2864,GOOD,,masira -1.4; gusto +0.9; kulang +1.7
1178,"Cloth is rough and too thin, small in size too! Certainly not big at all! Pack only contained 30 sheets. This is not only false advertising but deliberate fraud.",0.5321,GOOD,,false advertising +1.9
1179,sobrang nipis parang Hindi umabot Ng 80 series sobrang nipis talaga Ang expect ko talaga makapal pri d pala Kya pala sobrang Gaan non pag kuha ko Kay kuya rider sobrang nipis talaga,-0.8201,BAD,,nipis -1.9; nipis -1.9; nipis -1.9
1180,"too poor Wa-is din si Seller, they knew that the buyer need it and so they'll send you product that fakes. Per pack was describe as 80pcs wipes but in inside was 30pcs only. Although price say so., But seller/suppliers are deceitful.",-0.4588,BAD,,poor -2.0
1181,kulang 10 ang wipes. . sabi sa description 20 pcs pero 10pcs lang pagdating,-0.3612,BAD,,kulang -1.5
1182,0 0 -0 Hndi maganda sa shop nato. hnd mapakiusapan si seller. hnd manlang binox yung wipes. edi nadurog durog na. yuping yupi. basta lang ma pack yung mga order sa knya tong seller. nakakainis,-0.7469,BAD,,maganda -1.9; yupi -1.0; order +1.0; nakakainis -2.5
1183,SOBRANG LIIT NA WIPES ‼️ SOBRANG LIIT NA WIPES ‼️,-0.5719,BAD,,LIIT -1.4; LIIT -1.4
1184,kulang dalawa gara ninyo GAR Lage naman akong umoorder ehhh bakit ganon good naman ...........,0.2263,GOOD,,kulang -1.5; good +2.4
1185,wag na kayo bumili dito kulang yung item na pinapadeliver nila! ang hirap mag payment first hays kahit mag request ka ng refund nag dedecline sila!!😠😠,-0.943,BAD,,kulang -1.5; hays -1.5; refund -1.5; 😠 -2.8; 😠 -2.8
1186,not good saktong dumating 20pcs Ang order ko.pero kulang Ang laman ng bawat pack....nagtaka ako dahil kaunti Ang laman ng bawat pack binilang ko nasa 30pcs lang Ang laman wala pang 80pcs....nakakasad😞 Not good,-0.9337,BAD,,good -0.9; order +0.5; kulang -2.2; wala -1.5; 😞 -3.3; good -2.7
1187,"Super Sobrang nipis, halos walang laman. Hindi ako naniniwalang 80 sheets ito. Hindi naman ganito sa ibang store/seller.",-0.6578,BAD,,nipis -2.2; ibang store -1.2
1188,Sana nag effort nmn kayo na I box ang item khits use box or zesto box para man lang hindi kumatas yung tubig at d nagusot ang plastic ng wipes,0.0,NEUTRAL,,
1189,"watery but a super lil cut not good enough can't perform the purpose Very disappointed. Not the same on the picture. Will not buy again. Not to this shop anymore. If I could give zero rate, I will give to it. I inform them Tru chat but seller didn't response. No customer service.",-0.8793,BAD,,good -2.7; disappointed -4.5
1190,"liar liar liar WARNING, DON'T BUY FROM THIS SELLER!!!!!!! I would strongly recommend against buying wipes from this seller. Before buying, I specifically asked them whether each pack really had 80 pieces in it and they replied yes, but that couldn't be any further from the truth, it's more like 20-30 wipes in each pack, not even half of what you're paying for and they want even respond to you so it's best that you avoid this store altogether unless you like to be lied to and deceived.",0.8022,GOOD,,liar -1.1; liar -1.1; liar -1.1; recommend +1.1; buying +0.4; buying +0.8; best +5.1
1191,Seller Akala ko pa ba e 20pcs Yung inorder ko wipes..16pcs lang dumating saken..Hindi ko na lng napicturan KC Asawa ko Yung nagreceive.ung plastic na black sira..nilagyan lang Ng tape..very disappointed ako sa inyo..,-0.8171,BAD,,sira -2.5; disappointed -3.0
1192,"NO-GOOD Poor The description of the product does not align with what was received. The advertisement is deceptive! The wipes depicted appear large, but in reality, they are so small. It is important not to mislead customers merely for the sake of selling a product!",-0.555,BAD,,Poor -2.0
1193,"Ang nakalagay big wipes Ang dumating, kaliliit, bat naman Ganon seller? Tapos Wala pang amoy",-0.2842,BAD,,Wala -1.0; amoy -0.1
1194,"Piga na nun dumating, basang basa yung plastic kala ko naman naka box kapag deliver .hnd naman pla.eh di pangit na yung wipes..not satisfied!",0.1867,GOOD,,pangit +2.1; satisfied -1.6
1195,"0 0 0 wipes nag leak basa² ng dumating samin, Tissue all goods naman",0.4588,GOOD,,goods +2.0
1196,Panget sya Ang liit tas Hindi sya 80 sheets 30 sheets lang binilang ko KC nag taka ako bat apakanipis nya Hindi tulad sa dati Kong binibilhan,-0.8271,BAD,,Panget -2.8; liit -1.0; apakanipis -1.9
1197,"Maninipis,kaya Pala mura, ang pangetttttt ung wipes apaka nipis",-0.6369,BAD,,mura +1.5; pangetttttt -2.8; nipis -1.9
1198,sobrang nipis 😤😤😤😤😤😤😤 lumaki lng sya s 5 pesos n wipes daya nio NMn kunti lng laman,-0.9764,BAD,,nipis -1.9; 😤 -2.2; 😤 -2.2; 😤 -1.9; 😤 -1.9; 😤 -1.9; 😤 -1.9; 😤 -1.9; daya -1.7
1199,"manipis ung wetwipes ,tas sobrang liit, ung nasa picture is makapal pero manipis lng cea.kahit ung tissue naliit din",-0.6883,BAD,,manipis -0.8; liit -0.7; manipis -2.2
1200,Okay nmn sana pero kulang Ng 4 packs yong wipes dapat Kasi 40 packs pero 36 lng yong dumating! grabe parang sinasadya talaga nila para may gain pa sila jusko! Syempre kung may Hindi nagpa return refund eh di ginansya na sa kanila! Sainyo na yang apat na wipes!,-0.4594,BAD,,Okay +0.5; kulang -0.8; return +1.7; refund -2.2
1201,Iniexpect ko same sa product display yung darating ndi naman Pala. Manipis. To see is to believe na Lang sa video,-0.3612,BAD,,Manipis -1.5
1202,Attitude ang rider akala mo kong sino..kapag tatawag sya kailangan nandun kna kagad wala pang 1 minute,-0.25,BAD,,wala -1.0
1203,pangit ng quality parang galing nabasa sa tubig tapos pinatuyo yupi yupi,-0.5423,BAD,,pangit -2.8; galing +2.3; yupi -1.0; yupi -1.0
1204,"Sobrang dismaya ako,,sobrang nipis 80 ang nkalagay,pero sobrang nipis!!!.ang liliit pa ng laman!!!. Sayang lng ang pera ko!!.",-0.8972,BAD,,nipis -0.9; nipis -2.8; Sayang -3.0
1205,Makikita mo sa pic ang kapal pagka abot sayu ang nipis di worth it marami nga puro maninipis namn wlaang kwenta guys wag paloko..,-0.678,BAD,,nipis -1.5; worth it -2.1
1206,"Out of 10, only one will expire on 2027. The rest were expired since September and October 2025. The wipes were not properly packed that's why the fluids came out, as you can see in the photos, they're glistening. Despite cleaning and wiping them, it's no use. This is one of my frustrating orders here in shopee. Never again.",-0.8658,BAD,,expire -2.5; expired -2.5; frustrating -1.7
1207,"Sana inayos niyo yung pagbilang, bago kayo nagpadala. Sayang loyal sana ako dito sa shop na to. Sa sunod ayaw ko na. Yung 60 PCs na order ko. 59 lang yung dumating. Maka highblood kaya😡😡😡",-0.9584,BAD,,Sayang -1.0; order +1.5; 😡 -4.5; 😡 -4.5; 😡 -4.5
1208,"Super unexpected. Saka sabi 80 sheets daw. Parang di nman, sobrang nipis",-0.431,BAD,,nipis -1.9
1209,poor Sobrang nipis..nag Iba na Yung quality ng wipes..sobrang nipis na at yung hindi na tulad ng dati....,-0.8271,BAD,,poor -2.0; nipis -1.9; nipis -1.9
1210,"Gusto ko malaman kung ano ang ibig sabihin ng 80 series at 80 pulls with ""big wipes"" description gayong 30 pcs lng naman ang laman ng product nyo & maliliit lng/pc.🤔🤔🤔",0.5106,GOOD,,Gusto ko +2.3
1211,Ang nipis. At d katulad IBA ko bibili. Ang kapal ng laman Malulugi k lang Pag benta mo to.,-0.3612,BAD,,nipis -1.5
1212,1 PACK ( 30 sheets only ) NOT ❌ 80 sheets. Description is not accurate and misleading the buyers.,-0.5106,BAD,,misleading -2.3
1213,1star manipis manipis manipis subrang nipis,-0.8537,BAD,,manipis -1.5; manipis -1.5; manipis -1.5; nipis -1.9
1214,deceiving i should have trusted my gut felling 😔,0.128,GOOD,,deceiving -1.5; trusted +2.0
1215,"Budol, big wipes daw, hindi nmn, iba ang nasa pic kesa pinadala nyo..😤",-0.7845,BAD,,Budol -3.0; 😤 -1.9
1216,Nagleleak. Poor packaging. Binayaran ko thru my shoppee pay balance. Tapos ang tagal bago iship. Tapos ibibigay nyo pa sira sira..,-0.91,BAD,,Poor -2.0; tagal -1.5; sira -2.5; sira -2.5
1217,Binilang ko po hindi 80 wipes ang laman 30 wipes po at small wipes lang po,0.0,NEUTRAL,,
1218,pangit pagkabalot kaya hindi ko masasabi na maganda ang item dahil mukhang napiga nman nag tubig akala ko malaki maliit pala Sana man lang nilagay sa cartoon para HND masira magsilabasan na ang tubig ng wipes,0.481,GOOD,,pangit -1.4; maganda +1.2; maliit -0.5; masira +2.8
1219,Very poor quality. I am disappointed. I received opened item and you can see na may dumi or something siya. Sana naman maayos niyong pinapadala ang mga orders ng customer niyo.,0.0271,NEUTRAL,,poor quality -1.5; disappointed -1.4; maayos +3.0
1220,akala ko 80 sheets pero parang 30 sheets lang 😭,-0.5023,BAD,,😭 -2.2
1221,"Ma'am bakit kulang Yung order 20 packs Ang nakalagay, pero pag bukas ko 13 lang yong wipes, tiningnan ko yong sa package 20packs Ang nakalagay, kulang ng 7 ka wipes din Ang package di maayos may butas Pero ok lang sana po Dina maulit ito.....",-0.7731,BAD,,kulang -0.8; order +0.5; kulang -2.2; maayos -2.2
1222,Sabi Big wipes daw ang dumating maliliit nman tskk..tapos prang iba p yong dumating I'm disappointed,-0.5719,BAD,,disappointed -2.7
1223,bakit kulang ang dumating sa akin sampo lang eh 20 packs ang enorder ko..😡,-0.7579,BAD,,kulang -1.5; 😡 -3.0
1224,"good good good Hindi ko na received ang parcel. So I'm sad and disappointed. And give it a one star. Anyways, thank you so much seller and rider. Have a nice day everyone.",0.8276,GOOD,,good +2.4; good +2.4; good +2.4; sad -1.6; disappointed -2.7; thank +1.0; nice +1.8
1225,"kulang ang item na dumating, imbes 20 packs, 19 lng ang na received.",-0.3612,BAD,,kulang -1.5
1226,ND xa katulad Ng ibang wipes na ok ung size maliliit pla xa xakto lang,0.25,GOOD,,ok +1.0
1227,low quality This is fake!see the difference.,-0.8313,BAD,,low quality -2.5; fake -3.0
1228,According po sa description nyo big wipes ito but yung ibinigay nyo naman po small lang.,0.0,NEUTRAL,,
1229,Dumating sakin basang basa. Nag leak ung tubig tapos ang baho. Iba rin packaging di katulad sa naka post,-0.4588,BAD,,baho -2.0
1230,Kulang ang wipes nang isa sana nanan ayusin niyo pag balot,-0.3612,BAD,,Kulang -1.5
1231,Bakit naman po ganun? Iba nmn na po pinadala nyo? Dati po ung green & pink packaging ngayon itong BANNED na wipes pinadala niyo.,0.0,NEUTRAL,,
1232,"Big packs only not the content inside. Waste of space and individual packs is poor. Printed only not a plastic holder with sticker lip. When you pull the opening, it slips on whole length. End up not air tight packaging. Easy to dry.",-0.7579,BAD,,Waste -2.5; poor -2.0
1233,Misleading yung pictures. Manipis lang ung mare-receive tapos ung wipes maliit ung mga sheets.,-0.7783,BAD,,Misleading -2.3; Manipis -1.5; maliit -1.0
1234,"0 0 Nakalagay sa description big wipes pero napaka liit lang, Pocket size lang pala. Sobrang liit pati nung mismong wipes. Quality is not gold either. not happy with this purchase. waste of money",-0.9487,BAD,,napaka liit -2.1; liit -2.0; happy -3.0; waste of money -4.5
1235,"kahit 10 pesos isa mahirap ibenta. ang nipis ng talaga ng product, disappointed ako kc nasayang lang ang Pera,,,,Hindi talaga maganda ang quality....",-0.91,BAD,,nipis -1.5; disappointed -2.7; nasayang -2.3; maganda -2.0
1236,Akala ko Malaki sa personal Kasi Malaki sa picture Yun Pala maliit lang Pala sa peronal tapos sobrang delay pa bago dumating,-0.25,BAD,,maliit -1.0
1237,ma du mi ang tissue kulay di law na nga . ire turn ko na sana kaso ma gpasko nun b z masyado at di ako naka punta at na drop off f. expire din nakalagay sa date,-0.6956,BAD,,expire -3.8
1238,Not the specicified item indicated in the store.. I received a small pack of wipes which is declared big wipes.,0.0,NEUTRAL,,
1239,"Idk Idk Idk To be honest na imberna ako sa pinadala nyo kulng pa nng dlawa, 18 lng dumating Tas ang liit2 pa ng mga sheets, may pa big wipes pa kayong nalamn",0.0,NEUTRAL,,
1240,Sabi BIG daw... para kang bumili ng 30pcs na wipes ganun kdami,0.0,NEUTRAL,,
1241,"Pinagkaabalahan ko talagang bilangin kasi sobrang nipis, tagal ko na bumibili ng ganitong wipes kaso ito 29pcs lang yung laman.",-0.6542,BAD,,nipis -1.9; tagal -1.5
1242,poor poor quality poor quality ang panget walang amoy tpos prang nilgyan lng ng tubig....SAYANG LANG ANG PERA!!!!,-0.9659,BAD,,poor -2.0; poor quality -2.8; poor quality -2.8; panget -2.8; amoy -0.1; SAYANG -2.7
1243,Hindi mganda order ko malaki lahat ng dumating maliit tama ang binayaran ko pero demelever puro maliit napaka mahal naman ng wipes kung ganito puro maliit. Ayusin nio ang pang scam para lalo pa kayung yumaman.,-0.9439,BAD,,mganda -0.9; order +0.5; maliit -0.5; tama +0.5; maliit -1.5; napaka mahal -2.4; maliit -1.5; scam -5.2
1244,Super disappointed tlg ako sa shop na to lagi ako naorder sa kanila pero this will be the last time. Kukang ng 3 pacls or 30pcs tissue ung pinadala! Nagmessage ako sa kanila walang reply! Wag na kau umorder dito madadaya lang kau!,-0.7119,BAD,,disappointed -3.0
1245,"An order specifying 20 packs of these at a given price, but i only received 10 packs. This constitutes a breach of contract and deceptive business practice, causing significant customer frustration. I am returning these..",-0.5807,BAD,,order +0.5; frustration -3.3
1246,Paqno ka magiging happy ung item butas na ung item nawala na ung pag ka wipes niya kasi d man lang iningatan ang item walang bubble wrap. Kumpleto nmm ang item .. dapat sana ikahit sa maliit na box nilagay eh hindi alam nmn niya cguro na pinag papatong patong ang mga item..,-0.0387,NEUTRAL,,happy +1.4; maliit -1.5
1247,Ang liit nya Ang liit talaga okay naman,-0.2023,BAD,,liit -1.0; liit -1.0; okay +1.2
1248,ung una dq gusto at un ang ipinadala Nyo ung pangalawa un ang gusto q paiba iba Kau ng pinadadala! OK now qlng npancin kulang ng 1 ung pinadala nyo na supposed to be 20 pcs... haaaayyyy sss grabe.😏...,0.729,GOOD,,gusto +1.8; gusto +1.8; OK +1.7; kulang -1.5
1249,WAG KAYO MAG ORDER DITO KULANG SILA MAG BIGAY NG ORDER SAYANG PERA. At YANG WIPES NILA ANG PANGIT KALA MU MAKAPAL SA PICTURE PERO SA PERSONAL SUBRANG NIPIS LANG. YUNG BOTTLE DALAWA ORDER KO ISA LANG DELIVER TRY KO CONTACT SI SELLER PERO WALANG REPLY.,-0.8271,BAD,,ORDER -0.6; KULANG -1.1; ORDER +0.9; SAYANG PERA -1.8; PANGIT -1.8; NIPIS -3.9; ORDER +2.6
1250,"di maganda, dikit dikit at pgkukuha instead 1 eh mga 3-4 sheets ang nkukuha. saka i doubt kung aabot ng 80 wipes per pack kc ang nipis nipis.",-0.7814,BAD,,maganda -1.9; nipis -1.5; nipis -1.5
1251,"not good very small poor its not what i expect, very tiny pack and the wipes i think its only 10 pcs. very unsatisfactory",-0.7229,BAD,,good -1.8; poor -2.3
1252,Ang liit hnd katulad Ng NASA pic at Ang tissue maliit din Akala ko tulad Ng NASA pic Marami pa naman kinuha ko.....,-0.4588,BAD,,liit -1.0; maliit -1.0
1253,not good very poor bagsak sobrang liit ng wipes di nakakapunas ng maayos. Mura lang kasi,-0.8124,BAD,,good -1.8; poor -2.3; liit -1.4; maayos -1.5; Mura +1.5
1254,expired product very poor mabaho 1 year ng expired ang mga wipes,-0.9269,BAD,,expired -2.5; poor -2.3; mabaho -2.3; expired -2.5
1255,10 10 1 Size of sample picture is different from actual received item,0.0,NEUTRAL,,
1256,Mabilis ang delivery kaya lang sibrang liit yong mga products pang baby lang talaga.,0.2023,GOOD,,Mabilis +1.8; liit -1.0
1257,"mas maliit at mas manipis pa yung wipes nyo, parang di makapunas naman eto",-0.5423,BAD,,maliit -1.0; manipis -1.5
1258,"low Grabeee litteral na wet wipes hindi man lang naka box , naka bubblewrap lang sya sa sobrang higpit pa ng balot ipit ipit sya so basa sya hanggang labas naubos nabung pagka wet wipes nya, sana sa sususnod kung 20pcs naka box sana.",0.0,NEUTRAL,,
1259,Iba sa naka post na picture vs dumating. Walang takip at napaka nipis/onti ng laman.,-0.4404,BAD,,napaka nipis -1.9
1260,poor poor poor Got my wipes kaso sobrang konti ang laman unlike sa ibang store sulit laman . Unsatisfied for the items di na muling U-ulit umorder,0.4735,GOOD,,poor -1.0; poor -1.0; poor -1.0; ibang store +1.3; sulit +3.8
1261,good good good Maliit Ang laman parang hindi 80pcs subrang nipis...,0.7469,GOOD,,good +2.4; good +2.4; good +2.4; Maliit -1.0; nipis -1.9
1262,Doesn't look new and old stock Low quality Incomplete item. I ordered 10 pieces and I only received 9. Di na ko ulit oorder dito.,-0.6964,BAD,,Low quality -2.5; ulit -1.3
1263,malaki na yan sayo seller?parang laruan lang ng anak ko yan sa liit tapos nakalagay sa paninda mo big wet wipes patawa ka😂😂😂,-0.25,BAD,,liit -1.0
1264,30 sheets lang yung laman ng wipes pero 80 sheets nakalagay🤦,0.0,NEUTRAL,,
1265,poor bakit? ganon halos wala ng hangin flat na flat na yung wipes,-0.5267,BAD,,poor -1.4; wala -1.0
1266,"poor poor poor Sobrang Nipis,",-0.8968,BAD,,poor -2.0; poor -2.0; poor -2.0; Nipis -1.9
1267,Akala ko malaki!!🥹maliit lang pala..Peru ok lang Yun kasi fit Naman sa price niya... salamat seller,0.1984,GOOD,,maliit -1.0; salamat +1.2
1268,7/10 5/10 Not 80sheets I think 30sheets only,0.0,NEUTRAL,,
1269,Bakit prmg hindi sya 80 sheets ksi sobrng nipis nya.. pra sken lng ksi nagoorder ako lgi ng wipes ng ibng brand.. pag80 sheets mejo mkpal...pero ito sobrng nipis po.,-0.6908,BAD,,nipis -0.9; nipis -2.8
1270,"Sobrang konti ng laman, ang nipis na as you can see sa picture",-0.3612,BAD,,nipis -1.5
1271,POOR dati itong klase ng wipes na to kasing laki nya mismo yung lagay.. ngayon Half size na lang sya then numipis pa.. kaya di na ganun kaganda quality,-0.5766,BAD,,POOR -2.7
1272,pangit ang ninipis tas mukhang ginupit gupit lang cheap,-0.5859,BAD,,pangit -2.8
1273,poor poor poor Sobrang nipis ng tissue at amg liit parang packet tissue lang not worth the price hindi tugma sa advirticing nyo 😭,-0.9504,BAD,,poor -2.0; poor -2.0; poor -2.0; nipis -1.9; liit -1.0; worth -1.5; 😭 -1.5
1274,Sobrang nipis halos wla Ng laman at basng Basta LAHAT..Ng leak ung water nya,-0.6328,BAD,,nipis -1.9; wla -1.3
1275,3/10 subrang liit ng laman ng wipes..dn hindi abot ng 80pcs...nakakadismaya.,-0.8641,BAD,,liit -1.4; nakakadismaya -2.8; 3/10 -2.5
1276,nkkdisappoint ng wipes na to my gosh sabi big dw eh anliit nman ne toh ba naman yan seller,-0.1779,BAD,,anliit -0.7
1277,"mali sa picture same mali ang picture, akala ko makapal at 80 pull ups.. mapanlinlang.. hindi na ako uulit",-0.6808,BAD,,mali -1.8; mali -1.8
1278,expectation vs reality. HAHAHAHA E mas makapal pa yung mukha ko kesa dito. Hahahahahaha,-0.25,BAD,,expectation vs reality -1.0
1279,Wag kayong oorder sa shop nato !!!! Kulang ang pinapadala nila tapos wala pang refund!!! 50 pieces order ko wipes...40 lang dumating😡😡😡😡😡😡😡😡😡 tapos yupi yupi ang wipes...basang basa ang karton ..natapon lahat ng tubig ngwipes...,-0.9912,BAD,,Kulang -1.5; wala -1.0; refund +1.1; order +1.0; 😡 -3.0; 😡 -3.0; 😡 -3.0; 😡 -3.0; 😡 -3.0; 😡 -3.0; 😡 -3.0; 😡 -3.0; 😡 -3.0; yupi -1.0; yupi -1.0; natapon +1.6
1280,Panget bumili dito. Di pa marunong yung seller mkipag usap. 25pcs per pack lng naman yung pinadala nya. Iniba pa yung lagayan para magmukang malaki e halata naman kase sobrang nipis. Di na uulit sa store na to,-0.7684,BAD,,Panget -2.8; nipis -1.9
1281,"no good Nagleak na mga item nyo, walang silbi. Hindi na pwede ipagbili..last na yong pagbili ko sainyo.😬",-0.7767,BAD,,good -1.8; walang silbi -3.0
1282,ahahahahah tag tipid na ang wipes nipis at sobrang liit na !!!,-0.6933,BAD,,nipis -1.5; liit -1.4
1283,Budol sayang pera di ko alam saan ko gagamitin to Wipes nyo isang poop lng ng bata isang pack na yata maubos sayang pera.,-0.9337,BAD,,Budol -3.0; sayang pera -2.8; maubos -1.5; sayang pera -2.8
1284,"Kaya mura kase pangit ang quality, sobrang nipis. Matubig yung loob. Not gonna buy again",-0.631,BAD,,mura +1.5; pangit -2.8; nipis -1.9
1285,disapointed po ako sa dumating..kulang po kasi ng 2...20pcs dapat tapos ang dumating 18 pcs lang..bakit naman po ganon dapat po itama nyo din ang pag pack ng itim..ksi malulugi din kami..pambinta din kasi namin to.,-0.7351,BAD,,disapointed -2.7; kulang -1.5
1286,not satisfied Big wipes nakalagay pero pinadala 10 pcs n small wipes iba sa nakalagay sa post,-0.3875,BAD,,satisfied -1.6
1287,"walang bubble wrap at may Punit po yung packaging may mga Punit yung ibang mga wipes, Pag ka open po nang box is Basa po dahil sa damage. 😔",-0.6808,BAD,,Punit -1.8; Punit -1.8
1288,poor poor poor Sobrang liit ung wipes niya and nag leak xa,-0.8847,BAD,,poor -2.0; poor -2.0; poor -2.0; liit -1.4
1289,manipis sobrang nipis Manipis tsaka maliit super pero okay lang kase mura naman tsaka madami na pero not recomended talaga para sa nag hahanap ng good quality na wipes,-0.3952,BAD,,manipis -0.8; nipis -0.9; Manipis -0.9; maliit -0.5; mura +0.8; recomended -2.8; good quality +3.5
1290,maliit manipis maliit no kitang kitang yung cut sa gitna its like reused na yung wipes lol,-0.6705,BAD,,maliit -1.0; manipis -1.5; maliit -1.0
1291,"1 1 1 Fake! wala man katas..,",-0.7424,BAD,,Fake -3.0; wala -1.0
1292,nipis pla nang tissue nyu jan sa pic kakapal pag dating hahahahahaha,-0.3612,BAD,,nipis -1.5
1293,Hindi pareho ang expiry date at halos wala ng hangin sa loob🙄,-0.5859,BAD,,Hindi pareho -1.8; wala -1.0
1294,not good scammmmmm 0© Parang wala pang 80pcs ang laman My goddd konti tas nag lilinis ung ibaa Ndi secured ang pagkabalot scammerrrrr kauuu🤬🤬🤬,-0.9802,BAD,,good -1.8; scammmmmm -3.5; wala -0.8; scammerrrrr -3.5; 🤬 -3.2; 🤬 -3.2; 🤬 -3.2
1295,"Yung 20 pieces siniksik sa maliit na pouch ng J&T. Sobrang poor the packaging, wala man lang bubble wrap or karton. Ang nipis pa ng wipes. Nakakadisappoint. I won't order from this shop anymore. 'Wag po sanang ganito seller, para makabenta lang.",-0.923,BAD,,maliit -1.0; poor -2.4; wala -1.0; nipis -1.5; Nakakadisappoint -2.7; order -0.7
1296,manipis bad di na ko uulit,-0.7184,BAD,,manipis -1.5; bad -2.5
1297,"NOT SATISFIED POOR POOR SOBRANG KONTI NA NG LAMAN, SOBRANG NAKAKADISSAPOINT!!! NOT WORTH IT!!!",-0.9164,BAD,,SATISFIED -1.6; POOR -2.0; POOR -2.0; WORTH IT -2.1
1298,Iba ang order sa dineliver .. . although same wipes but different brand ...thats I why namili Ako ng brand pero ganun padin iba ang ibinigay...dapat nakalagay random di ung may choices pero iba ang ishiship out..btw okay din nman ..kesa I refund ko hassle naman,-0.6428,BAD,,order +0.5; okay +1.5; refund -2.2; hassle -3.0
1299,a grabe big packs nga....ang packaging.......????? pano naging 80pcs ang laman nun ang pagkanipis ang liit pa ng wipes packaging lng ang malaki....sana nd nio na pinadala qng ganun lng din ang marrcv....,-0.25,BAD,,liit -1.0
1300,Luko tong store nato WAG NA KAYONG BUMILI SA STORE NATO HINDI BINIBIGAY NA COMPLETO YUNG ITEM NIYO!!!. 3 item Po kulang sa parcel ko complete Naman binayad ko. 😏,-0.5229,BAD,,kulang -1.5
1301,80 series kunti lang laman subrang nipis pa double check ulit salamat,0.2617,GOOD,,nipis -1.9; ulit +1.7; salamat +1.2
1302,"Budol, mag ingat sa ganitong mga seller. 20packs ang sabi pero ang dymating 10packs only, nag message ako sa seller para ipaalam pero di nagreply man lang. Packaging poor din. SELLER IS REQUESTING ME TO UPDATE THE FEEDBACK, COMPLETE MY ORDER FIRST, MIGHT CHANGE OR EDIT THIS, BEWARE OF THIS KIND OF SELLER.",-0.4405,BAD,,Budol -1.5; poor -3.0; ORDER +2.6
1303,"Super liit pals ng wipes, sa description kc big wipes di naman pala. Fast delivery naman. Thanks pa rin po",0.3919,GOOD,,liit -1.4; Fast +1.8; Thanks +1.2
1304,"no good no good no good Hindi kayo naging patas..binayaran kayo ng tama pero nanloko kayo ng costumer..ung isang buo na 80pcs gnwa nyo hinati nyo sa tatlo para palabasin na 20 packs ang binigay nyo, pero ang laman nasa 25-30pcs lang dahil dinaya nyo..hindi nyo aq maloloko dahil alam q qng gaano kakapal ang 80pcs na wipes..",-0.7452,BAD,,good -1.8; good -1.8; good -1.8; tama +1.0
1305,Ang liit pero Sabi 20 packs Big wipeand deliver s akin 20 packs small wipes Not recommend this shop So lie my link pa mga wipes so disappointed 😔😔 sayang Pera q dto,-0.9686,BAD,,liit -0.5; recommend -2.4; lie -3.6; disappointed -4.3; sayang Pera -4.2
1306,matubig bad malipis I regret that I bought it,-0.5423,BAD,,bad -2.5
1307,Nakakapikon sira agad ng mga takip hndi p maayos pagkabalot nabasa kaya mabilis matanggal ang takip,-0.8116,BAD,,Nakakapikon -2.5; sira agad -3.2; maayos -1.5; mabilis +1.8
1308,I ordered big pack 40pcs? Why i received small pack ?,0.0,NEUTRAL,,
1309,palpak sobrang nipis mabaho!!!! ang limit mg lman sobra nipis!!! syang pera,-0.9325,BAD,,palpak -2.8; nipis -1.9; mabaho -2.3; nipis -1.9
1310,2/10 poor quality ang nipis.. kunti ang laman,-0.8689,BAD,,poor quality -2.8; nipis -1.5; 2/10 -2.5
1311,Maliliit lang pala yung wipes and tissue akala ko kagaya nung nasa pic. Disappointed ako kasi pati yung pagkakalagay ng wipes hindi maayos.,-0.7335,BAD,,Disappointed -2.7; maayos -1.5
1312,Received my order kaso big wifes inorder ko small dumating 🥺,0.25,GOOD,,order +1.0
1313,Yupi yupi yung wipes tapos nag tagasan na yung liquid ng wipes sa sobrang yupi,-0.6542,BAD,,Yupi -1.0; yupi -1.0; yupi -1.4
1314,"okay okay okay yung product okay, pero yung pag pack ng product sobrang hindi okay, nagleak na yung water ng wipes dahil napipi, di man lang napack sa bubble wrap!",0.2054,GOOD,,okay +0.5; okay +0.5; okay +0.5; okay +0.5; okay -1.5
1315,Kumatas na yung mga wipes..Yung rider nyo po nagpasend ng payment sa gcash then naningil pa ulet ng bayad upon delivery👎👎,-0.7506,BAD,,👎 -2.2; 👎 -2.2
1316,"not good not good not good picture and video not related to the product. sobrang disappointed ako sa mga wipes na order ko ngayon. halata na bawas, and sobrang nipis unlike don sa mga binibili ko before.",-0.9221,BAD,,good -1.8; good -1.8; good -1.8; disappointed -3.0; order +1.0; nipis -1.9
1317,big no ..ang sabi big ..pero kabaligtaran ng dumating sobrang nipis .. iba ung big sa small,-0.5824,BAD,,nipis -2.8
1318,Karamihan sa wipes ko Ang nipis parang Hindi Naman 80pcs wag na kau bumili dito,-0.3612,BAD,,nipis -1.5
1319,Ang nipis ng wipes na na order ko tas ang mahal pa,-0.4019,BAD,,nipis -1.5; order +1.0; mahal -1.2
1320,poor packaging complete products are totally wet and leaking so the products got wet and package plastic may butas.,-0.4588,BAD,,poor -2.0
1321,subrang nipis ng wife at tissue .ND katulad dati mura na at maraming laman Ang wife at tissue ngayun putol na bawas na manipis pa..,-0.431,BAD,,nipis -1.9; mura +1.5; manipis -1.5
1322,Kulang kulang Yung pinadala order ko diaper at wipes and tissue diaper lng Yung pinadala,-0.4588,BAD,,Kulang -1.5; kulang -1.5; order +1.0
1323,"Wag kayo bumili sa shop nato, ung wet tissue sobrang unting nung laman sa loob, binilang ko 30 wipes lng ung sinasabing 80 wipes.... Diyos ko, hinati hati n yata nila ung laman....",0.0,NEUTRAL,,
1324,grabe Naman hirap buksan ng wipes na to nakadikit masyado sa dulo Yung bukasan pakiayus Naman sa susunod,0.0,NEUTRAL,,
1325,Hindi niyo ni pack ng maayos nag leack ang wipes basang basa Basta basta niyo nalang nilagay sa packaging,0.4588,GOOD,,maayos +2.0
1326,Ang Sabi big wipes pero ang liliit lang binigay . Binudol mo ako,-0.7579,BAD,,Binudol -4.5
1327,sobrang nipis at liit nman. sabagay nag try lang nman ako at hindi na mauulit pa😂,-0.6328,BAD,,nipis -1.9; liit -1.3
1328,Napakanipis 40 lng ata ito nipis masyado nkakahitang ebenta sayang lbg pera,-0.8236,BAD,,Napakanipis -1.9; nipis -1.5; sayang -2.2
1329,No unboxing video but kulang padin ng 2 yung 20pcs na wipes!,-0.5487,BAD,,kulang -2.2
1330,Product very nice verygood verygood Thank u the freebies.,0.6451,GOOD,,nice +2.1; Thank +1.2
1331,I did not receive this!,-0.5848,BAD,,did not receive -2.5
1332,flag-label32/65/75/85 Inch TV Stand Floor Stand Movable Universal TV Stand Base with Tray Can Bear 250KG vehicle compatible icon,0.0,NEUTRAL,,
1333,umiilaw usb type c Product good Delivered immediately No missing Zero damage Leak free Shipped right away Packaged securely Thank you For Christmas Will buy again With batteries,0.8047,GOOD,,good +2.4; missing +1.9; Thank +1.0
1334,"good Product nice size and price wala akong nahanap na ganito sa raon and quiapo. perfect for us kasi maliit lang. waves din ang lights nya, perfect for acoustic night, instead of disco lights.",0.9042,GOOD,,good +2.4; nice +1.8; wala -1.0; perfect +3.0; maliit -1.0; perfect +3.0
1335,Light effects: The aurora and wave of lights create a calming atmosphere inside our bedroom. It works well with various settings and remote control. I never expected such an excellent product at a very affordable price. 🥰 Super ganda niya! Highly recommended talaga. I will order another one again for our living room. 🙂 And thank you to the seller for the very fast shipping. I received it in less than a week.,0.9799,GOOD,,excellent +3.2; affordable +2.1; 🥰 +3.0; ganda +2.9; recommended +2.5; will order +2.0; thank +1.0; fast +2.1
1336,light speed is adjustable super worth it Product light but okay super sulit na ng 99 pesos mo. sana di lang madaling masira🤞🏽,0.8699,GOOD,,worth it +1.6; okay +0.5; sulit +1.4; madaling masira +3.3
1337,lights movement worth it for it's price Product good Parcel arrived in good condition it packed well and shipped out immediately. Thank you seller and courier services.,0.9118,GOOD,,worth it +2.8; good +2.4; good +2.4; Thank +1.0
1338,Good Product Worth the price Sumasabay sa beat ng music ang light Maganda naman ang product. 2nd time to order this item. Bili na rin kayo guys!,0.9041,GOOD,,Good +2.4; Worth +2.0; Maganda +2.5; order +1.0
1339,"same as i expected po same as i expected Product same as i expected i suggest this product po, kala ko in the first place scam siya kasi may umaalog talaga yun pala pentel pen siya which is more on freebies talaga siya now lang ako nag order nito pero grabe sa lahat ng na orderan kong seller ito yung madaming freebies, which is ung quality ng product rin is matibay maayos siya lalo na ang pagkaka pack napaka responsible talaga, and swack siya sa budget...",0.7935,GOOD,,scam -1.8; order +0.5; matibay +3.3; maayos +3.0
1340,"very great aurora lights Product great For an affordable price, may aurora lights na ako. Very quick transaction and very fast shipping. The light is great pang night light, nakakahekp siya sa akin na antukinbako, hehe.",0.9693,GOOD,,great +3.4; great +3.1; affordable +1.8; quick +1.8; fast +2.1; great +3.1
1341,"nice Product nice nice Nakuha Kona po Ang parcel ko..pasensya na po huli na nmn pag rates, maganda Siya ..and kakatuwa namn..next time po order ulit Ako..sana tumagal pa Siya Sakin🥰",0.9335,GOOD,,nice +0.9; nice +1.0; nice +1.1; maganda +1.2; order +0.5; ulit +0.8; 🥰 +4.5
1342,very good very good Product very good ok naman po yung product and super worth it po for its price,0.9569,GOOD,,good +2.7; good +3.0; good +2.7; ok +1.3; worth it +3.1
1343,"Product good for it's price bright led, compact I hope it'll last Correct variant northern lights , complete with type c cable and remote , no damage and mostly it is functioning properly . It has 3 led red green and blue , compact size it's about 3 inches in diameter",0.5267,GOOD,,good +2.4
1344,"Product Excellent Excellent 👌 Aurora Lights Effects Super excellent product for its price. My kid loved it and instantly made our room more cozy. Highly recommended product. Thank you Seller, Shopee and courier service provider ⭐⭐⭐⭐⭐",0.9734,GOOD,,Excellent +3.2; Excellent +3.2; excellent +3.5; loved +3.0; recommended +2.5; Thank +1.0
1345,"Light effects: all goods the light if work and I use it every night The item shipped immediately, well-packed, Very aesthetic and worth buying. Legit shop! i recommend this product and will order again. Kudos also to the rider. God bless ü",0.9568,GOOD,,goods +2.0; worth +2.3; buying +1.5; Legit +2.5; recommend +2.2; will order +2.0
1346,very nice can stop the moving of light Product nice very nice can stop the moving of light Product nice,0.8994,GOOD,,nice +2.1; nice +1.8; nice +2.3; nice +1.8
1347,"Finally dumating na siya! And one thing that I can say after opening it and testing it out if it’s working or not and king tama ba ang dumating which pasado naman is I am obsessed! Complete siya, working, no errors naman and very secured. Thank you very much seller!",0.2815,GOOD,,tama -0.7; Thank +1.0
1348,normal Product normal good Otem arrived on time it is small and qorking hope it lasts thank seller will buy again,0.6597,GOOD,,good +2.4; thank +1.0
1349,Item is well packed. Mabilis din ang delivery. Item is easy to use with remote siya. Nagustuhan ng anak ko. More features to select kaya magugustuhan ng anak niyo. Will buy again soon,0.7269,GOOD,,Mabilis +1.8; Nagustuhan +2.3
1350,"Light effects: grabe akala ko di maganda and sobrang liit, hindi pala, sakto lang yung laki nya and gumagana, akala ko may sound.buti nalang wala perfect nag rorotate din at maayos yung function nung una nag dadalawang isip pako if mag oorder ako kase 2022-21-23 year pa yung mga review na nakikita ko, hanggang sa nanood ako ng live and then ayon meron daw sila non, so I take the risk for only 88 pesos kasama na protection ng product. WORTH IT 100 percent",-0.5,BAD,yes,maganda -1.9; liit -1.4; gumagana +1.5; wala -1.0; perfect -2.2; maayos +2.0; WORTH IT +3.5
1351,"10/10 10/10 Product excellent Super nice this sobrang ganda sa room , sa sala at sa garden legit shop recommended...Thank you seller and kuya rider for fast delivery.. satisfied client apat na po ang nabili ko dito sa shop 🥰",0.9894,GOOD,,excellent +3.2; nice +2.1; ganda +3.0; legit +2.5; recommended +2.5; Thank +1.0; fast +1.8; satisfied +2.2; 🥰 +3.0; 10/10 +2.5; 10/10 +2.5
1352,"very nice good Product good the item is good and ang gandang tingnan parang nasa loob ka ng bar, very relaxing habang nakahiga ka nakakaantok habang pinapanood mo ang kulay...i like the design and the color...thank you",0.9568,GOOD,,nice +2.1; good +2.9; good +2.6; good +2.4; i like +1.8; thank +1.0
1353,goods to man Product nice hindi sira hmm 10 siguro,0.8312,GOOD,,goods +2.0; nice +1.8; sira +2.0
1354,"very nice Product very nice colors Ganda , sarap sa mata nakakarelax",0.9301,GOOD,,nice +2.1; nice +2.3; Ganda +3.0; sarap +2.5
1355,thank you seller for the fast delivery correct product complete and no damage item you have shipped out will order again soon,0.7783,GOOD,,thank +1.0; fast +1.8; will order +2.0
1356,"Good Product Good Good Thanks seller, the item is beautiful, and the light is wonderful it is good for agift . Thanks shopee",0.967,GOOD,,Good +2.4; Good +2.4; Good +2.4; Thanks +1.2; beautiful +2.7; good +2.4; Thanks +1.2
1357,"Working well. Very nice, my son would love this! Well packed. Correct and arrived on time and in good condition. Thank you very much. Will order again next time. ❤️🙏",0.9627,GOOD,,nice +2.1; love +3.0; good +2.4; Thank +1.0; Will order +2.0; ❤ +2.5; 🙏 +0.5
1358,Product goods love it aurora efects first time in shop so affordable the products and its quality till next order thank u,0.9186,GOOD,,goods +2.0; love +3.0; affordable +2.0; order +1.0; thank +1.0
1359,10/10 10/10 Product 10/10 I like it po super cute❤,0.9651,GOOD,,I like +1.8; cute +2.1; ❤ +2.8; 10/10 +2.5; 10/10 +2.5; 10/10 +2.5
1360,"super ganda Product good quality Maganda sya but di ko alam kung paano gamitin yung maliit na remote, hindi po kasi nag gagana, di ko alam kung part yung lalagyan ng battery HAHA but it's good namn talaga siya, superr Ganda nya sa kwarto but masisilawan ka kunti hehe,,but it's so very nice!!!! Sa experience ko naman ay, first ko bumili ng ganito kaya nakakapanibago lang namn hehe!!!",0.9384,GOOD,,ganda +1.4; good quality +1.3; Maganda +1.2; maliit -0.5; good +1.2; Ganda +1.2; nice +3.4
1361,Light effects: The aurora projection light is so relaxing that can promote a peaceful space😊￼ it works very well together with its remote and different colors❤️ ￼￼ Highly recommended specially those people that are stressed always😁 ￼ it can give a more relaxed feeling🥰,0.9531,GOOD,,😊 +2.0; ❤ +2.5; recommended +2.5; 😁 +2.2; 🥰 +3.0
1362,10 9 Product 8 Item received complete and without damage. Package is secured. Thank you seller and rider for awesome job. More blessings and sales to both of you. Satisfied customer here 😊,0.9062,GOOD,,Thank +1.0; awesome +3.1; Satisfied +2.2; 😊 +2.0
1363,Product fine fine fine,0.0,NEUTRAL,,
1364,Product good good good Ang ganda nya sa room.🥰order ulet ako.salamat shopee 🙂,0.9678,GOOD,,good +2.4; good +2.4; good +2.4; ganda +2.5; 🥰 +3.0; order +1.0; salamat +1.2
1365,Light effects: the wave lights create shining ambiance it works well and the remote control,0.0,NEUTRAL,,
1366,excellent Product good great,0.9136,GOOD,,excellent +3.2; good +2.4; great +3.1
1367,10/10 Product 10/10 10/10 Ganda nya. Nkaka relax,0.9325,GOOD,,Ganda +2.5; 10/10 +2.5; 10/10 +2.5; 10/10 +2.5
1368,northern lights Product good nice Maraming salamat po,0.8402,GOOD,,good +2.4; nice +1.8; Maraming salamat +1.8
1369,Light effects: calming atmosphere and more different lights. works well and has a remote control. Nagustuhan ko yung lights nya maganda malamig sa mata tsaka madami pagpipilian na design and maliit lang madali lang bitbitin. Meron din Kasama na wire para sa charger.,0.8225,GOOD,,Nagustuhan +2.3; maganda +2.5; maliit -1.0; madali +1.8
1370,Product good working good all of its features. Maganda sya at pati yung wave ng ilaw... Mabilis din naiship at may freebies pa. Salamat seller. God bless🙏🏻,0.9413,GOOD,,good +2.4; good +2.4; Maganda +2.5; Mabilis +1.8; Salamat +1.2; 🙏 +0.5
1371,10 Product 10 10 Sobrang Ganda sorry late na aq Ng review my 1month k n rin xa ginagamit at sobrang nkaka amazing..Kya I recommend to all my friends and relatives..thanks seller..,0.8994,GOOD,,Ganda +2.9; late -1.8; amazing +3.5; recommend +2.2; thanks +1.2
1372,Light effects: the aurora and wave lights create a calming atmosphere the projector works well with various setting and remote control Thank you so much seller very nice gumagana po sya at wala po sya damage ganda din po na packinging thank you po again,0.8901,GOOD,,Thank +1.0; nice +2.1; gumagana +2.0; wala -1.0; ganda +2.5; thank +1.0
1373,Light effects: sobrang ganda ng light effects tuwang tuwa talaga mga pamangkin ko at sobang nice bagay bagay talaga sa room or yung gusto mo ng peace time hindi sya sira dumatiny sfae na safe sya at sobrang safe ng product.,0.9493,GOOD,,ganda +2.9; nice +1.8; bagay +1.7; bagay +1.7; gusto +1.8; sira +1.9
1374,"Light effects: LED lights are a great way to upgrade any space with vibrant colors and a modern feel. They are energy-efficient, long-lasting, and easy to install. Perfect for bedrooms, gaming setups, or study areas, they create a cozy or aesthetic vibe while also being practical for everyday lighting needs.",0.8442,GOOD,,great +3.1; Perfect +3.0
1375,"Light effects: waves light create calming projector works well Delivered fast and packaged is in good condition,recommend this shop",0.8555,GOOD,,fast +1.8; good +2.4; recommend +2.2
1376,Light effects: The Aurora and the lights create calming atmosphere The projector works well and also the remote control Worth it sa price i like it nakaka ganda ng kwarto,0.8779,GOOD,,Worth it +2.8; i like +1.8; ganda +2.5
1377,"Received my parcel now, in good condition, with boxes and complete. They exceeded my expectations. Small yet the scope of light is wide. So nice and this novelty item is a good catch. Thnx guyz.",0.8689,GOOD,,good +2.4; nice +2.0; good +2.4
1378,Light effects: the aurora and wave lights create a calming effect it works well Malakas yung ilaw at nakaka relax sya. Good for its price,0.5267,GOOD,,Good +2.4
1379,Light effects: so cool differents shades if colors so far so good i really love it luminous colours and arts will order again soon thanks seller..,0.9221,GOOD,,good +2.8; love +3.2; will order +2.0; thanks +1.2
1380,"Light effects: maganda gumagana Mabilis ang shipping, maganda yung product, gumagana lahat, thank you seller, rider, buy ulit ng ibang design ng ilaw.",0.9552,GOOD,,maganda +2.5; gumagana +1.5; Mabilis +1.8; maganda +2.5; gumagana +1.5; thank +1.0; ulit +1.7
1381,"Complete items, may remote at cord for charging. Can't upload vid and pics ng lights kasi nareregister na blurry ng system kaya ayaw tanggapin huhu. Luv it tho, affordable, nakaka-relax, marami pang options. There are individual colors tapos combinations. You can change yung speed ng movement as well. Thank you, seller! Ordered & shipped 4/09 Delivered 4/11",0.6239,GOOD,,affordable +1.8; Thank +1.0
1382,"works well Product good quality ang ganda ng lights effect, lagi na namen ginagamit sa gabi, well package, thank you seller and shopee",0.8316,GOOD,,good quality +2.3; ganda +2.5; thank +1.0
1383,The item was great. Perfect packaging. Delivery was quick. Item is of first-rate quality. The description matched the item perfectly. No surprises.,0.891,GOOD,,great +3.1; Perfect +3.0; quick +1.5
1384,good good Product good,0.8807,GOOD,,good +2.4; good +2.4; good +2.4
1385,Product good northern lights the best,0.8225,GOOD,,good +2.4; best +3.2
1386,Product good cute 10/10,0.8658,GOOD,,good +2.4; cute +1.8; 10/10 +2.5
1387,i order yesterday and now i receive it so fast from batangas . cheap and complete parcel arrive thank you for fast shipping,0.8316,GOOD,,order +1.0; fast +2.0; thank +1.0; fast +1.8
1388,Excellent product quality. Maganda at maayos ang product. Value for money sobrang sulit at mura pa. Salamat shopee. More budol to come.,0.9389,GOOD,,Excellent +3.2; Maganda +2.5; maayos +2.0; sulit +2.9; mura +1.8; Salamat +1.2; budol -3.0
1389,Light effects: very calming works well Nakakapagpaantok sya talaga . Super Ganda,0.5927,GOOD,,Ganda +2.9
1390,Product nice assorted solif,0.4215,GOOD,,nice +1.8
1391,Light effects: very nice good Grabe sarap sa mata lalo sa gabi super ganda,0.9422,GOOD,,nice +2.1; good +2.9; sarap +3.1; ganda +2.9
1392,"Light effects: the aura And the wave light is so calming. The projector work well. Maganda Ang quality, di nakadula yung lights nya",0.5423,GOOD,,Maganda +2.5
1393,Light effects: The aroma and wave light create a calming The projector work well with various setting and remote control.,0.0,NEUTRAL,,
1394,goodd ncc Product OKAYY NAMAN THANKYOU I LIKE IT PO!,0.5893,GOOD,,I LIKE +2.5
1395,Light effects: The aurora and wave lights create a calming atmosphere. The projector works well with various settings and remote control.,0.0,NEUTRAL,,
1396,excellent small Product good Thank you seller for the good item received. It serves its purpose. The item was well packed and shipped immediately.,0.9186,GOOD,,excellent +3.2; good +2.4; Thank +1.0; good +2.4
1397,"Recib my parcel today, thank you. Very bright different colors, so nice most at night.",0.6124,GOOD,,thank +1.0; nice +2.0
1398,"Light effects: ang ganda nya po lalo na pag gabi para talagang totoong aurora okay din sha, may remote at pa iba iba color Ganda neto sobra😍",0.927,GOOD,,ganda +2.5; okay +1.2; Ganda +2.5; 😍 +3.4
1399,Light effects: ang ganda sobraaaaa😍😍😍 araw araw ilaw namin sa gab naka connect sa power bank sobtang ganda tipid sa kuryente pag sa power bank mo isasaksak lamig sa mata ng mga color,0.9682,GOOD,,ganda +2.5; 😍 +3.4; 😍 +3.3; 😍 +3.3; ganda +2.5
1400,"Light effects: The aurora lights creates a calming atmosphere effect. The projectors works well and remote is functional Overall, sulit sya nakuha ko lang sya nang 135. Then nakaka relax, not bad na. Hopefully it will last!",0.7678,GOOD,,sulit +2.5; bad +1.9
1401,Light effects: super Ganda🥰 it works well Sobrang napakaganda lalo na pag Gabi☺️🫶,0.9251,GOOD,,Ganda +2.9; 🥰 +3.3; napakaganda +3.2
1402,Light effects: 10/10 10/10 Ang Ganda nito. . Hahaha Perfect talaga to sa akin. Nagustuhan rin nang mga kaibigan ko ..,0.9571,GOOD,,Ganda +2.5; Perfect +3.0; Nagustuhan +2.3; 10/10 +2.5; 10/10 +2.5
1403,Product good good good maganda sya thanks seller,0.9423,GOOD,,good +2.4; good +2.4; good +2.4; maganda +2.5; thanks +1.2
1404,Di Naman ito Ang design na order ko. Yung Isa . Sayang 4 PCs pa nmn Yung binili ko,-0.25,BAD,,order +1.0; Sayang -2.0
1405,Light effects: -1 not good Ew,-0.6981,BAD,,good -1.8; Ew -2.0
1406,Light effects: ang ganda ng light niya the projector works well,0.5423,GOOD,,ganda +2.5
1407,Product good nice excellent,0.891,GOOD,,good +2.4; nice +1.8; excellent +3.4
1408,Light effects: the Aurora in Wave lights create calming atmosphere The projector works well Thank you seller sa product super na gustohan ko po maganda po yung light,0.6705,GOOD,,Thank +1.0; maganda +2.5
1409,"10/10 Product 10/10 10/10 Wow perfect so cute feel na sa ibang places ako nakaka relax. Thanks sa ganda mini lights nito Kay seller, Shopee at rider no damagem",0.9786,GOOD,,Wow +2.2; perfect +3.0; cute +2.0; Thanks +1.2; ganda +2.5; 10/10 +2.5; 10/10 +2.5; 10/10 +2.5
1410,Product 8/10 9/10 10/10 Maganda sya na-try ko na at buti nlang walang damage ng dumating kahit di .mkapal Yong balot nya..,0.9325,GOOD,,Maganda +2.5; 8/10 +2.5; 9/10 +2.5; 10/10 +2.5
1411,Light effects: perfect light good performance this is great for relaxation and have a different colors. thank you Shopee Seller and Courier..,0.926,GOOD,,perfect +3.0; good +2.4; great +3.1; thank +1.0
1412,Light effects: Colourful sobra working well Ang ganda it gives color to my night pag gabi ginamit ko syang night light,0.5423,GOOD,,ganda +2.5
1413,Light effects: wave lights create a calming effect works well with remote control,0.0,NEUTRAL,,
1414,it works Product the product is sturdy and easy to build naoakagandaaaaaaa super,0.0,NEUTRAL,,
1415,brightness Product good good Maganda sarap sa mata,0.93,GOOD,,good +2.4; good +2.4; Maganda +2.5; sarap +2.5
1416,Light effects: wave light create calming it's works Gandaaaaa nyaaaa,0.5423,GOOD,,Gandaaaaa +2.5
1417,Light effects: the aurora and wave lighst create a calming atmosphere the projector works well with various settings and remote control,0.0,NEUTRAL,,
1418,Light effects: calm and for night lamp this like disco ball It help sleep,0.0,NEUTRAL,,
1419,Product the project shipped safely no damage or crushed box. well bubble wrapped. works well for my intended purpose. hopefully will last long theres a lot option for lighting Will buy a few more thanks seller and shopee.,0.296,GOOD,,thanks +1.2
1420,Light effects: the light creates a calming and relaxing effect the product works well with various settings and remote control,0.0,NEUTRAL,,
1421,"recently purchased from Shopee, and I am extremely satisfied with both the product and the service. The item arrived on time, well-packaged, and in perfect condition. the product is exactly as described in the listing—great quality, durable, and functional. The price was very reasonable, and I’m impressed with how well it performs. Overall, this has been a smooth and positive shopping experience, and I’ll definitely return to Shopee for future purchases!",0.9468,GOOD,,satisfied +2.6; perfect +3.0; great quality +3.0; durable +2.2; smooth +1.8; return -1.5
1422,Light effects: 𝘵𝘩𝘦 𝘢𝘶𝘳𝘰𝘳𝘢 𝘦𝘧𝘧𝘦𝘤𝘵 𝘪𝘴 𝘷𝘦𝘳𝘳𝘺 𝘤𝘢𝘭𝘮𝘪𝘯𝘨 𝘵𝘩𝘦 𝘱𝘳𝘰𝘫𝘦𝘤𝘵𝘰𝘳 𝘸𝘰𝘳𝘬 𝘸𝘦𝘭𝘭 𝘐𝘭𝘰𝘷𝘦 𝘪𝘵,0.0,NEUTRAL,,
1423,ang ganda 10/10 Product sulit Ang ganda talaga nya kapag naka patay yong ilaw.,0.9325,GOOD,,ganda +2.5; sulit +2.5; ganda +2.5; 10/10 +2.5
1424,"Received the product in good condition, no damage. The product is very nice… will order again from your shop. Received complete and correct products. Items are well packed. Thank you and god bless.",0.8988,GOOD,,good +2.4; nice +2.1; will order +2.5; Thank +1.0
1425,Light effects: maganda at hindi masakit sa mata tuloy tuloy yung pag ilaw hindi nagkaka problema sa product,0.6818,GOOD,,maganda +2.5; problema +1.1
1426,"Product VERY GOOD OKII PO SIYA, GUMAGANA NAMAN I LOVE THE LIGHTS",0.9244,GOOD,,GOOD +3.4; GUMAGANA +2.2; LOVE +3.7
1427,Light effects: calming atmosphere so nice works well so many colors,0.4588,GOOD,,nice +2.0
1428,Light effects: the light creates a warm and calm feeling the projector works well especially in room,0.0,NEUTRAL,,
1429,Light effects: its so nice and calm in my room its all work well ang ganda napaka relaxingg,0.7579,GOOD,,nice +2.0; ganda +2.5
1430,Light effects: good very good no need for batteries,0.7958,GOOD,,good +2.4; good +2.7
1431,Light effects: the aurora and wave light create a calming atmousphere the projector works well with various settings and remote control,0.0,NEUTRAL,,
1432,maganda sya gomagana lahat Product good quality thank you seller,0.8316,GOOD,,maganda +2.5; good quality +2.3; thank +1.0
1433,"Dumating sa tamang panahon,small but terrible items,ang cute, no damage,secured with bubble wrap,cheaper price tama lang ung price nya,thank you po seller and shoppee",-0.0129,NEUTRAL,,terrible -4.5; cute +2.7; tama +1.5; thank +0.2
1434,Light effects: all good remote is working,0.5267,GOOD,,good +2.4
1435,Light effects: the light is so beautiful the projector is nice Very nice and a portable,0.8744,GOOD,,beautiful +2.9; nice +1.8; nice +2.3
1436,The product is in Good condition good quality 10/10,0.8807,GOOD,,Good +2.4; good quality +2.3; 10/10 +2.5
1437,10/10 10/10 Product 10/10 Super Ganda nakaka relax sa mata😍❤️,0.9714,GOOD,,Ganda +2.9; 😍 +3.0; ❤ +2.5; 10/10 +2.5; 10/10 +2.5; 10/10 +2.5
1438,👍 Product good Good Thank you Rider specially Seller Guys legit talaga maganda,0.9584,GOOD,,👍 +2.0; good +2.4; Good +2.4; Thank +1.0; legit +2.5; maganda +2.7
1439,GRABEH SOBRANG ANGAS. What you see is what you get talaga! Very fast shipping and delivery. Worth it ang 99 ko dito pwede pang giveaways,0.9177,GOOD,,ANGAS +3.8; fast +2.1; Worth it +2.8
1440,good good Product good maganda sya legit,0.9531,GOOD,,good +2.4; good +2.4; good +2.4; maganda +2.5; legit +2.5
1441,"Light effects: Nice Nice Ohhh,,,Napaka Ganda nito..Subrang nagustohan ng mga anak ko..Salamat Seller❤️❤️😊😊",0.9747,GOOD,,Nice +1.8; Nice +2.0; Napaka Ganda +2.9; Salamat +1.2; ❤ +2.5; ❤ +2.5; 😊 +2.0; 😊 +2.0
1442,Light effects: Ang ganda ng aurora effects nya GOOD👍🏻 madali gamitin may kasamang remote,0.9251,GOOD,,ganda +2.5; GOOD +3.1; 👍 +2.0; madali +1.8
1443,Light effects: 10 10 Recieved my order in great condition. Properly packed and delivered safe. Thank you seller and to the delivery man. Happy customer here. Looking forward on our next smooth transaction.,0.9274,GOOD,,order +1.0; great +3.1; Thank +1.0; Happy +2.7; smooth +1.8
1444,Product good nmn sya ang cute ng size tapos may pa freebies pa po si seller 10/10 9/10,0.9217,GOOD,,good +2.4; cute +1.8; 10/10 +2.5; 9/10 +2.5
1445,mukhang maganda Product good quality Ang ganda nya nagustuhan ng baby ko ang cute bang cute ng colors nya,0.9595,GOOD,,maganda +2.5; good quality +2.3; ganda +2.5; nagustuhan +2.3; cute +1.8; cute +1.8
1446,the best ang ganda good Quality Salamat seller at rider shoppe 0k po ang ganda the best-selling 👏👏👏🤞❤️,0.9821,GOOD,,best +3.2; ganda +2.5; good Quality +2.3; Salamat +1.2; ganda +2.5; 👏 +2.0; 👏 +2.0; 👏 +2.0; ❤ +2.5
1447,Light effects: The aurora and wave lights create a calming atmosphere The projector works well with various settings and remote control,0.0,NEUTRAL,,
1448,The projector works well with various settings and remote control.,0.0,NEUTRAL,,
1449,good Product ok good Guman MN pati remot nagustuhan ko magnda sia,0.9393,GOOD,,good +2.4; ok +1.0; good +2.4; nagustuhan +2.3; magnda +2.5
1450,"Light effects: perfectly calming good performance Product is good, very affordable and the benefits it gives is super!",0.8802,GOOD,,good +2.4; good +2.4; affordable +2.1
1451,"Maganda ang item, sulit ang pera... responsive din si seller at mabilis ang delivery, safe pagka packed at kudos din sa rider iningatan ang parcel, salamat 🫶",0.9217,GOOD,,Maganda +2.5; sulit +2.5; responsive +1.2; mabilis +1.8; salamat +1.2
1452,Light effects: aurora effect is so relaxing it works so well even in its affordable price.,0.4215,GOOD,,affordable +1.8
1453,Thank you po. Super nice Nung item. Correct and complete din po Nung dumating. Working po pati Yung remote. Sa sunod po ulit.,0.7814,GOOD,,Thank +1.0; nice +2.1; ulit +1.7
1454,"Good Good Product Good One of the things that immediately stood out to me about this product was its overall quality. After using it for a while, I can confidently say that it performs very well and lives up to its purpose. It is reliable, easy to use, and has consistently delivered good results throughout my experience. The product feels sturdy and well-constructed, showing that quality materials were used during its production. Unlike some alternatives that may feel flimsy or poorly made, this one gives a sense of durability and long-term reliability. Even with regular use, it continues to function smoothly without any noticeable issues. Another feature I appreciate is its practicality. It is designed in a way that makes it convenient for everyday use, helping save both time and effort. The user-friendly design makes it accessible, even for those who may not be familiar with similar products. Small details have clearly been considered, which contributes to a more enjoyable overall experience. In terms of value, I believe this product offers an excellent balance between price and performance. The quality exceeds what I initially expected, making it feel like a worthwhile investment. It successfully combines functionality, durability, and convenience in a single product. Overall, my experience with this product has been very positive. It has proven to be dependable, effective, and well-made. I would not hesitate to recommend it to others who are looking for a product that offers both quality and value. It is definitely a purchase that has met and even exceeded my expectations.",0.9605,GOOD,,Good +2.4; Good +2.4; Good +2.4; good +2.4; user-friendly +2.2; excellent +3.2; recommend -1.6
1455,Product 7/10 maganda naman pero feeling ko hindi siya magtatagal 10/10 10/10 what you see is what you get talaga,0.8885,GOOD,,maganda +2.5; 10/10 +2.5; 10/10 +2.5
1456,"Light effects: goodss goods Dapat nakasaksak talaga sya kasi pag hindi ., hindi din mag o-on. Kala ko chargeable sya hindi pala",0.7184,GOOD,,goodss +2.0; goods +2.0
1457,Light effects: Ang ganda ng aurora effect Works well at malakas ang ilaw so maliwanah sya sa paligid. perfect sa mga kids room. Napaka solid,0.9042,GOOD,,ganda +2.5; perfect +3.0; Napaka solid +2.7
1458,Light effects: nice shine bright Good,0.7491,GOOD,,nice +1.8; Good +2.6
1459,Same as advertise Very good Product Very nice Well packed and on time delivery. Legit and item works well I highly recommend this store.,0.9257,GOOD,,good +2.7; nice +2.1; Legit +2.5; recommend +2.2
1460,Light effects: the aurora and wave ligjts create a calming atmosphere🫶🏻 the projector work well with various setting and remote control. Ang ganda 🫶🏻,0.5423,GOOD,,ganda +2.5
1461,"Light effects: it looks very clear in person it's very cool, I just learned that it changes color when it recognizes a beat or if you clap",0.0,NEUTRAL,,
1462,"Product very good projection light very good Very good product, good packaging... Thank you seller and thank you shopee",0.9567,GOOD,,good +2.7; good +2.7; good +3.0; good +2.4; Thank +1.0; thank +1.0
1463,good Product nice,0.7351,GOOD,,good +2.4; nice +1.8
1464,Light effects: the Aurora and the wave lights is calming the projector works well with remote,0.0,NEUTRAL,,
1465,"Light effects: super duper ganda at affordable i like it, kuhang kuha buong kwarto ko I like it so much po talag, thank you so much seller sa uulitin!!",0.9302,GOOD,,ganda +2.8; affordable +1.8; i like +1.8; I like +1.8; thank +1.0
1466,Product nice relaxing color good fast delivery at woow me freebiz pa thanks po seller till next order legit 100%,0.9421,GOOD,,nice +1.8; good +2.6; fast +1.8; thanks +1.2; order +1.0; legit +2.5
1467,"Ang ganda Ng projector light nato nakakarelax sa mata ☺️, mas Lalo akong gaganhan nito sa kwarto dahil colorful ang kulay na makikita mo🥰, working din Ang remote Niya 🤗. Thank you seller super satisfied ako SA product niyo.",0.9464,GOOD,,ganda +2.5; 🥰 +3.0; 🤗 +2.3; Thank +1.0; satisfied +2.5
1468,"super ganda ng effect ng lightning, nakakabuhay lalo na pag nagla live ka.Legit and i recommend this store👍🥰💯",0.9684,GOOD,,ganda +2.9; Legit +2.5; recommend +2.2; 👍 +2.0; 🥰 +3.0; 💯 +2.5
1469,Light effects: 10/10 10/10 Hindi siya yung tipong mabilis uminit actually when I tried it 2 hours na yung nakalipas Hindi man lng uminit kahit onti yung product which is nice Such an amazing product it is really good guys I recommend this product to you guys,0.9426,GOOD,,mabilis uminit -2.3; uminit -1.8; nice +1.8; amazing +3.4; good +2.6; recommend +2.2; 10/10 +2.5; 10/10 +2.5
1470,Product good color changing ripples Affordable and good quality. Refreshing colors too! I expect it to be battery controlled.,0.8687,GOOD,,good +2.4; Affordable +1.8; good quality +2.3
1471,Product 10 10 10 sakto lights..relaxing,0.2023,GOOD,,sakto +0.8
1472,very good very nice Product high quality photo not related pero sobrang ganda niya worth it na worth it po oorder ako ulit thank you for your help 😘😍🤩💗,0.9876,GOOD,,good +1.3; nice +1.2; high quality +1.4; ganda +4.3; worth it +4.7; worth it +4.2; ulit +2.5; thank +0.2; 😍 +4.5
1473,Product nice good good Napaka relaxing ang vibes nito guys 💯💯 napaka Ganda at mura pa 😌wag mona eh add to cart 🥹 check out muna agad legit 💯,0.984,GOOD,,nice +1.8; good +2.6; good +2.6; 💯 +2.5; 💯 +2.5; napaka Ganda +2.9; mura +1.5; legit +2.5; 💯 +2.5
1474,quality Product good very nice Ang ganda niya akala ko hindi malakas ilaw niya pero malakas mukang hindi lng malakas pangit kasi cp ko HSHHAHAHA,-0.1229,BAD,,good +1.2; nice +1.0; ganda +1.5; pangit -4.2
1475,"Light effects: calming works well Sobrang nagustuhan ko sya. Relaxing tignan ,good for those hirap matulog.",0.7935,GOOD,,nagustuhan +2.6; good +2.4
1476,"Product hmm hmm hmm Buti nalang gumana, knowing ganyan ang nangyari sa packaging. Serves its purpose, somehow relaxing while working.",0.0,NEUTRAL,,
1477,Light effects: Wow. Astig ang ilaw sakto sa videoke time with family Sa presyo niya mgnda ang ilaw niya akala mo may disco lights k tlga Sa mga gusto magparty pero. Mas feel sa loob ng bahay ksma ang family sakto tong product na to.,0.8442,GOOD,,Wow +1.1; Astig +1.2; sakto +0.4; mgnda +1.2; gusto +0.9; sakto +1.2
1478,Nice good Goods Product Superrbbbb Thanks seller super nice 2x ko na po itong order ksi nagandahan po ako sa ibat ibang kulay niya,0.9427,GOOD,,Nice +1.8; good +2.6; Goods +2.2; Thanks +1.2; nice +2.1; order +1.0
1479,"Light effects: maganda ang ilaw nya nakakatuwa as of now diko pa alam if anu oras ang itinatagal nya sana umabot ng magdamag,very hoods products thank you seller!🙏☺️",0.6963,GOOD,,maganda +1.2; nakakatuwa +1.1; thank +0.3; 🙏 +0.8
1480,Light works well especially with a remote. Different modes and color for different moods. I assume the unit has no re-chargeable battery inside and has to be plugged in to work. Product Compact and light.,0.0,NEUTRAL,,
1481,Light effects: The aurora waves create a calming atmosphere The projector works well with various settings and remote control,0.0,NEUTRAL,,
1482,Light effects: The aurora and the wave lights create calming atmosphere The projector works well with various settings and remote control,0.0,NEUTRAL,,
1483,"Product cheap good light Ok na sana ehhh mura, sobrang bilis dumating (naorder ko ng 23, 24 dumating na) nagamit ko pa ng 24 ng gabi kaso nasira din ng 25 natanggal ung pinaka type c na saksakan nya 😭",-0.729,BAD,,good +1.2; Ok -1.0; mura +0.8; bilis +1.1; nasira -3.9; 😭 -2.2
1484,"10/10 Product 10/10 10/10 Ang ganda super mura pa, thank you seller and sa kuya ride",0.9575,GOOD,,ganda +2.5; mura +1.9; thank +1.0; 10/10 +2.5; 10/10 +2.5; 10/10 +2.5
1485,100000/10 that sound thingiii Product 10000/10 bruhhhh are you thinking what im thinking? hshshs,0.0,NEUTRAL,,
1486,"10 Product 10/10 10 It’s small but looks nice. It comes with a remote, so you can choose which lights to use. It’s also plug-in, so you can keep it on for as long as you want.",0.802,GOOD,,nice +2.7; 10/10 +2.5
1487,Natuwa naman ako kasi 99 lang sya pero function well naman maliit lang oero ganda ng effect sa room lalo na kapag kulob din at madilim,0.5023,GOOD,,maliit -1.5; ganda +3.8
1488,ok Product ok ok Mas maganda sana kng bre chargeable sya..,0.25,GOOD,,ok +1.0; ok +1.0; ok +1.0; maganda -2.0
1489,I'll buy again to this shop because of high and affordable items in their products. Thankyou for fast shipping delivery,0.6808,GOOD,,affordable +1.8; fast +1.8
1490,"Light effects: it has 7 colors and other switches sa remotes. ang smooth rin nya gamitin and naka safe pckaging sya. sobrang ganda nya sa dilim or sa kahit saang kwarto, thankyou!",0.7871,GOOD,,smooth +1.8; ganda +2.9
1491,Light effects: It creates a calming atmosphere works well with various settings and remothe control,0.0,NEUTRAL,,
1492,Light effects: The aurora and wave lights create a calming atmosphere to my room! The peojector works well. It has a various settings and a remote control. This is perfect. Thank you!,0.7639,GOOD,,perfect +3.0; Thank +1.0
1493,ok Product ok ok Diko pa nagamit maliit lang Pala sya,-0.0772,BAD,,ok +1.0; ok +1.0; ok +1.0; nagamit -2.3; maliit -1.0
1494,Product good beautiful multi color Parcel received in good condition. Nice color fell so calm and esthetic.,0.9231,GOOD,,good +2.4; beautiful +2.7; good +2.4; Nice +1.8
1495,"Maganda siya, works as intended. Nice yung aurora pattern and lights. Medyo soft ang plastic ng body nitong light, so be careful na lang if ipuplug yung type C cord sa mismong device.",0.743,GOOD,,Maganda +2.5; Nice +1.8
1496,Light effects: the aurora and wave lights create a calming atmosphere the projector works well with various settings The items are legit,0.5423,GOOD,,legit +2.5
1497,Good Super like po pang dim light👌😊😊👌👍🏼👍🏼,0.9371,GOOD,,Good +2.4; 😊 +2.0; 😊 +2.0; 👍 +2.0; 👍 +2.0
1498,Light effects: calming atmosphere so relaxing works well with various settings,0.0,NEUTRAL,,
1499,Light effects: super Beautiful good for your different mood,0.8309,GOOD,,Beautiful +3.0; good +2.7
1500,"the light works well Product it is sturdy and built to last it really good, love it so much, the light is so good, thank you so much seller, what you see is what you get",0.9224,GOOD,,good +2.6; love +3.0; good +2.6; thank +1.0
1501,Product good product nice for night light best performance Thanks you very nice seller...,0.9402,GOOD,,good +2.4; nice +1.8; best +3.2; Thanks +1.2; nice +2.1
1502,"indeed Product a1 northern lights style 2 days lnag dumating at superganda, parang nasa norway",0.0,NEUTRAL,,
1503,"Light effects: brings aesthetic sa room and looks peaceful, parang you’re watching real northern lights talaga!",0.0,NEUTRAL,,
1504,Product 99% 100% 99% Ang Ganda nakakarelax dn Ang mga galaw at ilaw nya.sana tumagal sya,0.5423,GOOD,,Ganda +2.5
1505,Light effects: ganahan akong anak kay naka feel siya ug comfortable ug warm environment perfect meron remote control madqli gamitin Nagustohan ng anak ko every night niya ginagamit,0.7906,GOOD,,comfortable +2.0; perfect +3.0
1506,Light effects: SUPER GANDAAA GOODS DI MASAKIT SA MATA BILI NA KAYO GUYS SUPER RECOMMENDED,0.9352,GOOD,,GANDAAA +3.6; GOODS +3.1; RECOMMENDED +3.6
1507,Light effects: calming atmosphere projector works very well sobrang ganda ng product at affordable pa!,0.8022,GOOD,,ganda +3.1; affordable +1.8
1508,very cutesy 🥴 HAHAHAH promise ang ganda in person😊 Product i bet matagal naman po masira just handle with care lang talaga 😇 napaka mira and deserve niyo din to mga besshh😁🥰,-0.8957,BAD,yes,ganda +2.5; 😊 +2.0; bet +1.8; matagal -1.2; masira -2.5; 😁 +2.2; 🥰 +3.0
1509,Order received in good condition Fast delivery Legit maganda parang Northern lights talaga ginaMitan ko ng power bank 😁,0.9545,GOOD,,Order +1.0; good +2.4; Fast +1.8; Legit +2.5; maganda +2.5; 😁 +2.2
1510,perfect 🥰 good Product good 👍 Ty seller at may pa free bees pa ang Ganda ty so much 🥰🥰🥰🥰 i like it 🤩 Bili ako ulit,0.9934,GOOD,,perfect +3.0; 🥰 +3.0; good +2.4; good +2.4; 👍 +2.0; Ty +1.2; Ganda +2.5; ty +1.2; 🥰 +3.2; 🥰 +3.2; 🥰 +3.0; 🥰 +3.0; i like +1.8; ulit +1.7
1511,good good Product good Ang Ganda beh,0.9287,GOOD,,good +2.4; good +2.4; good +2.4; Ganda +2.5
1512,"Light effects: gandaaa, may 6 siya na style ng ilaw. 👍🏻",0.7579,GOOD,,gandaaa +2.5; 👍 +2.0
1513,Light effects: it gives good effects as it on works well as of now I am happy upon seeing and testing with this item. So thank you seller,0.8519,GOOD,,good +2.4; happy +2.7; thank +1.2
1514,Ang ganda; super worth it. 99 pesos ko lang nabili hihi. Madami din pagpipilian ng color. With remote na pala ito kaya gora na!,0.8378,GOOD,,ganda +2.5; worth it +3.1
1515,10/10 Product 10/10 Okay namn s price nya maganda.,0.91,GOOD,,Okay +1.0; maganda +2.5; 10/10 +2.5; 10/10 +2.5
1516,it works well and the aurora waves are nice.,0.4215,GOOD,,nice +1.8
1517,Light effects: cute okay lang maganda okay siya budget friendly tas ang ganda dumating na walang sira thankyouu so much seller 129pesos ko lang nabili,0.9489,GOOD,,cute +1.8; maganda +2.5; okay +1.0; friendly +2.0; ganda +2.5; sira +1.9
1518,sync with music perfect Product excellent Nagandahan kapatid ko kaya nagpa order din,0.8807,GOOD,,perfect +3.0; excellent +3.2; order +1.0
1519,10/10 10/10 Product 10/10,0.8885,GOOD,,10/10 +2.5; 10/10 +2.5; 10/10 +2.5
1520,Product ok good good Sana magtagal d agad masira,0.6678,GOOD,,ok +0.5; good +1.2; good -1.0; masira +2.8
1521,Product good 10 10 maganda sya mura lang,0.8555,GOOD,,good +2.4; maganda +2.5; mura +1.5
1522,Light effects: good good Lagi ako na bili binebenta ko eh,0.7783,GOOD,,good +2.4; good +2.4
1523,Light effects: The aurora and wave light gives warm atmosphere The projector works well Super nice the product must good and give more good vibes when sleeping,0.8735,GOOD,,nice +2.1; good +2.4; good +2.4
1524,"Light effects: 10/10 works well and it gives me calm and comfort gandaaa , naka sleep agad baby ko hehe",0.7906,GOOD,,gandaaa +2.5; 10/10 +2.5
1525,Light effects: good good Good,0.8807,GOOD,,good +2.4; good +2.4; Good +2.4
1526,Light effects: the product is good so wonderful very very wow the only way i could be eyed wetwwywywo would you be willing for me and my baby to go to school with me in my bed and my baby and my little baby to go home and get,0.8001,GOOD,,good +2.4; wow +2.8
1527,Light effects: the aurora and wage lights create a calming atmosphere the projector works well with various settings and projector it’s beautiful,0.5719,GOOD,,beautiful +2.7
1528,Very nice product and good packaging mabilis lang din dumating I ordered it yesterday and then the next day lang sya dumating probably would buy here again,0.858,GOOD,,nice +2.1; good +2.6; mabilis +1.8
1529,very good nice appearance Product high quality napakaganda sa room. nakakarelax! thankyou seller!,0.9406,GOOD,,good +2.7; nice +2.1; high quality +2.5; napakaganda +2.9
1530,"ang ganda super ganda kahit maliit ang lakas nya Product durable, nalaglag ko sya pero parang walang nangyare ang ganda ng mga ilaw nya malakas kahit maliit yung mismong product. love it so much!",0.6843,GOOD,,ganda +1.2; ganda +1.4; maliit -0.7; durable +1.1; ganda -2.8; maliit -1.5; love +4.5
1531,Light effects: ok effective nice yong remote GANA naman Subrang Ganda,0.8248,GOOD,,ok +1.0; nice +1.8; Ganda +2.9
1532,follows music good Product great i like it,0.8834,GOOD,,good +2.4; great +3.1; i like +1.8
1533,Light effects: create relaxing atmosphere good condition,0.5267,GOOD,,good +2.4
1534,Light effects: 10/10 10/10 Thanks seller ang gandaaaaa 🥰,0.9493,GOOD,,Thanks +1.2; gandaaaaa +2.5; 🥰 +3.0; 10/10 +2.5; 10/10 +2.5
1535,Light effects: good nice ang gandaaa loveittt thanks seller,0.902,GOOD,,good +2.4; nice +1.8; gandaaa +2.7; thanks +1.2
1536,sobrang ganda Product 10/10 Dalawang beses Nako bumili nito. And still I'm very super satisfied to this product!!! 100% recommended guys!!! Bili naa,0.9505,GOOD,,ganda +2.9; satisfied +2.8; recommended +2.5; 10/10 +2.5
1537,"Product 10/10 10/10 the movement of light the remote is mahihirapan ka ng kunti pero worth it, you need to plug it to use then magli-light siya agad and there's a remote to control it",0.9217,GOOD,,worth it +4.2; 10/10 +2.5; 10/10 +2.5
1538,10/10 Product 10/10 Maganda itong LED starring projection light pang decorate sa room. Maayos naman siyang dumating at walang sira 💯,0.9631,GOOD,,Maganda +2.5; Maayos +2.0; sira +1.9; 💯 +2.5; 10/10 +2.5; 10/10 +2.5
1539,Quality is very good. Light effects are beautiful and calming. Performance works well with remote. Worth it!,0.9097,GOOD,,good +2.7; beautiful +2.7; Worth it +2.8
1540,"Product 7 9 10 Ang ganda ng murang produkto neto, satisfied ako at nakakarelax ang mga animated lights.",0.7717,GOOD,,ganda +2.5; satisfied +2.2
1541,Goods naman po sya sana mag tagal at sana pwede din sya magdamagan gamitin kaso nakaka takot kasi manipis ang wire pero legit magandan sya sa room nakaka relax,0.6428,GOOD,,Goods +1.0; tagal -0.8; manipis -0.8; legit +3.8
1542,nice Product good quality the best,0.8883,GOOD,,nice +1.8; good quality +2.5; best +3.2
1543,"Nice product, high quality for the price. perfect and highly recommended sa mga gusto ng pailaw sa kwarto ito na Yun.",0.9468,GOOD,,Nice +1.8; high quality +2.3; perfect +3.0; recommended +2.5; gusto +1.8
1544,Light effects: the waves are ok but I thought there was a galaxy option its ok but better if it foes not reset setting when turning off,0.4588,GOOD,,ok +0.5; ok +1.5
1545,Light effects: good good siya maayos na dumating walang damage gumagana Sana hindi agad masira,0.8006,GOOD,,good +1.2; good +1.2; maayos +1.0; gumagana -1.0; masira +2.8
1546,Light effects: goods like in the video goods nmn sa review,0.7184,GOOD,,goods +2.0; goods +2.0
1547,ang ganda nung 16 colors pangpaantok.. lalo ung red nila gawin mong night light.. islow mo sya sa remote.. ang sarap ng tulog mo ❤️ thank u baka bumili uli ako hehe,0.91,GOOD,,ganda +2.5; sarap +2.5; ❤ +2.5; thank +1.0
1548,👍 Product 👍 Nice item maganda,0.9098,GOOD,,👍 +2.0; 👍 +2.0; Nice +1.8; maganda +2.7
1549,10 LIGHTSSSS Product 10/10 i love itttt! super worth it sa price nyaaaa!,0.9222,GOOD,,love +3.0; worth it +3.1; 10/10 +2.5
1550,good Product sakto lng sa price mura lang serves its purpose,0.7096,GOOD,,good +2.4; mura +1.5
1551,Product good excellent Ang bilis dumating kahapon ko lang inorder dumating agad..Ang Ganda nya..thank you Kay seller at suki ko na rider..,0.9423,GOOD,,good +2.4; excellent +3.2; bilis +1.8; Ganda +2.5; thank +1.0
1552,Light effects: solid nice nice nice all goods no damage 5 star,0.9399,GOOD,,solid +2.3; nice +1.8; nice +2.0; nice +2.2; goods +2.4
1553,maganda tuwangtuwa ang anak ko Pag pinapailaw good Product good na good,0.8957,GOOD,,maganda +2.5; good +2.4; good na good +2.9
1554,"good Product good good Super worth it, thank you seller😊",0.9604,GOOD,,good +2.4; good +2.4; good +2.4; worth it +3.1; thank +1.0; 😊 +2.0
1555,Product good good good Okay na okay. Nakaka enjoy pag masdan,0.9136,GOOD,,good +2.4; good +2.4; good +2.4; Okay na okay +1.5
1556,good maganda sya legit Product good,0.93,GOOD,,good +2.4; maganda +2.5; legit +2.5; good +2.4
1557,Light effects: Aurora Borealis works well,0.0,NEUTRAL,,
1558,good good Product good What you see is what u get fast delivery din thanks so pretty,0.9349,GOOD,,good +2.4; good +2.4; good +2.4; fast +1.8; thanks +1.2
1559,Sulit at nkaka relax sana tumagal bilis ng delivery salamat seller jod job,0.7391,GOOD,,Sulit +1.2; bilis +2.7; salamat +0.3
1560,Thanks seller ganda nang item enjoy much,0.6908,GOOD,,Thanks +1.2; ganda +2.5
1561,100 perfect Product 100,0.6124,GOOD,,perfect +3.0
1562,Product good! napaka Ganda nakaka relax ng pakiramdam,0.8221,GOOD,,good +2.4; napaka Ganda +2.9
1563,Product nice best ok Thanks seller satidfied buyer here. Continue being commited to everyone specially in delivering your product. Once again thank you,0.9148,GOOD,,nice +1.8; best +3.4; ok +1.2; Thanks +1.4; thank +1.0
1564,Light effects: relaxing outstanding,0.0,NEUTRAL,,
1565,"4.5/5 Product 4/5 cheap but it works like it should Not what i expected, pero ok nmn maganda",0.9224,GOOD,,like it -1.0; ok +1.5; maganda +3.8; 4.5/5 +2.5; 4/5 +2.5
1566,Product 9/10 9/10 9/10 For me 9/10 dahil Hindi masyado ma kulay kahit Patay ang ilaw although at least dumating at nagagamit Naman narin kaya ok narin 🙂,0.9432,GOOD,,ok +1.0; 9/10 +2.5; 9/10 +2.5; 9/10 +2.5; 9/10 +2.5
1567,Light effects: sobrang ganda nya guys ok gumagana lahat,0.81,GOOD,,ganda +2.9; ok +1.0; gumagana +1.5
1568,Product 10 10 10 nakaopen ung takip nia sa ibabaw pagdating sken pero binalik ku lng okay naman gumagana naman sya .may pa 50 pesos voucher pa sken si seller kse mejo nadelay ng kaunti lng ung dating 🥰🥰🥰🥰salamat po,0.9849,GOOD,,okay +1.5; gumagana +2.2; 🥰 +4.5; 🥰 +4.5; 🥰 +4.5; 🥰 +4.5; salamat +0.3
1569,excellent Product excellent Nice one thanks seller and the courier,0.9272,GOOD,,excellent +3.2; excellent +3.2; Nice +1.8; thanks +1.4
1570,good good Product good Thank you Po seller atsaka Kay Kuya delivery Tama Yung items ingat po palagi 😊😊😊,0.969,GOOD,,good +2.4; good +2.4; good +2.4; Thank +1.0; Tama +1.0; 😊 +2.0; 😊 +2.0; 😊 +2.0
1571,good Product fine nice thankz till next order..happy for my purchase,0.8979,GOOD,,good +2.4; nice +1.8; order +1.0; happy +2.7
1572,Light effects: Sobra ganda sa kwarto. Para kang nasa ibang lugar pag naka on sya and relaxing. Must buy.,0.5927,GOOD,,ganda +2.9
1573,good Product good good Ang ganda nakakarelax thanks shopee delivery man and seller,0.9423,GOOD,,good +2.4; good +2.4; good +2.4; ganda +2.5; thanks +1.2
1574,Light effects: good good,0.7783,GOOD,,good +2.4; good +2.4
1575,"Light effects: very nice very light and vibrant, easy to use Will order again",0.7261,GOOD,,nice +2.1; Will order +2.0
1576,Light effects: ang ganda lalong gumanda yung kwarto ko ang kalma tingnan okay siya wala namang sira,0.7469,GOOD,,ganda +2.5; okay +1.0; wala -1.0; sira +1.9
1577,projection is appropriate very stable,0.0,NEUTRAL,,
1578,Light effects: ganda naman talaga worth it excellent,0.9168,GOOD,,ganda +2.5; worth it +3.0; excellent +3.4
1579,very good nice nice Product very goooddd subra,0.8758,GOOD,,good +2.7; nice +2.1; nice +2.3
1580,the light works well. gumanda Ang Sala namin.,0.0,NEUTRAL,,
1581,Light effects: good good Ganda naman Humana naman Ang items thank you seller and shopee and rider,0.9062,GOOD,,good +2.4; good +2.4; Ganda +2.5; thank +1.0
1582,good Product good quality Apaka ganda niya😍🥺,0.9429,GOOD,,good +2.4; good quality +2.3; ganda +2.9; 😍 +3.4
1583,Light effects: verygood nice Affordable,0.7003,GOOD,,nice +1.8; Affordable +2.0
1584,nice colour Product good,0.7491,GOOD,,nice +1.8; good +2.6
1585,"ok ok Product ok we can go in and see People also ask What are signs of bed bugs in bed? How do you remove bed bugs? To remove bed bugs quickly, wash bedding in hot water, vacuum thoroughly, use a steam cleaner on mattresses and cracks, and apply a bed bug spray or diatomaceous earth. Consider calling a pest control professional for severe infestations.",0.3612,GOOD,,quickly +1.5
1586,Light effects: good good Thank you seller super like ng baby q 😊,0.8957,GOOD,,good +2.4; good +2.4; Thank +1.0; 😊 +2.0
1587,This lights is working naman pero my problem sa usb power nya kasi tandogonon po sya but nice naman ang lights. Thank you so much seller and Jay kuya rider. I will recommend this to anyone.,0.85,GOOD,,nice +2.7; Thank +0.2; recommend +3.3
1588,handy good Product excellent laaaaab it🫰,0.8225,GOOD,,good +2.4; excellent +3.2
1589,Product good good ok,0.8316,GOOD,,good +2.4; good +2.4; ok +1.0
1590,I have received the items earlier than expected. Thank you so much for the products seller I hope it will last for a long time.,0.25,GOOD,,Thank +1.0
1591,Good Product Good Good Thank you so much shoppe I have been received my parcel and also Seller Thank you,0.9217,GOOD,,Good +2.4; Good +2.4; Good +2.4; Thank +1.0; Thank +1.0
1592,Product ok nice ok,0.7184,GOOD,,ok +1.0; nice +1.8; ok +1.2
1593,Light effects: Satisfied! Very good! I super like it!,0.8983,GOOD,,Satisfied +2.2; good +2.7; like it +2.1
1594,wow nice good Product good Thanks seller and kuya Rider 🥰❤️,0.9715,GOOD,,wow +2.2; nice +1.8; good +2.6; good +2.6; Thanks +1.2; 🥰 +3.0; ❤ +2.5
1595,ang ganda nito Product the quality is good walag damage o gas²,0.7845,GOOD,,ganda +2.5; good +2.4
1596,ganda Product good colors,0.7845,GOOD,,ganda +2.5; good +2.4
1597,10 Product 9/10 10 mura lang to pero ang ganda na try ko naman yung iba nyo na nakokonekan ng bluetooth😚,0.875,GOOD,,mura +0.8; ganda +3.8; 9/10 +2.5
1598,very nicee the colors of the light Product i used it every night,0.0,NEUTRAL,,
1599,Light effects: very relaxing and calming I love it it adds aesthetics to the room and the aurora effect is very relaxing and calming,0.6124,GOOD,,love +3.0
1600,ANG GANDA ATEKO KUYA KOO PROMISE ANG AFFORDABLE PA NG PRICE AT GANDA NG QUALITY OMGG SUPERB!!!💚💚💚💚,0.8928,GOOD,,GANDA +2.5; AFFORDABLE +1.8; GANDA +2.5
1601,Good quality excellent good quality excellent Product good quality excellent Thanks for safe delivery 💖,0.9769,GOOD,,Good quality +2.3; excellent +3.2; good quality +2.3; excellent +3.2; good quality +2.3; excellent +3.2; Thanks +1.2
1602,Product ang ganda di ka talaga ma boboring sa kwarto mo yun nga lang matagal dumating pero maganda thank you seller sakto yung size at laki maganda,0.9274,GOOD,,ganda +1.2; matagal -0.6; maganda +3.8; thank +0.2; sakto +1.2; maganda +3.8
1603,ayus lang Product I really like this lights for my room,0.705,GOOD,,ayus +1.8; like this +2.0
1604,good good Product good ganda kahit maliit lng sya sana mg tagal thank you seller at kay kuya rider god bless,0.5187,GOOD,,good +1.2; good +1.2; good +1.2; ganda +1.2; maliit -0.5; tagal -2.2; thank +0.2
1605,excellent Product excellent light,0.8555,GOOD,,excellent +3.2; excellent +3.2
1606,"Ang ganda nya talaga, secured ang pag ka pack, nagustohan ng gf ko",0.5423,GOOD,,ganda +2.5
1607,Product good good verygood,0.7783,GOOD,,good +2.4; good +2.4
1608,Light effects: Good Good Na resave kona maga,0.7783,GOOD,,Good +2.4; Good +2.4
1609,Product 10/10 10/10 10/10 Grabe sobrang ganda😍,0.9658,GOOD,,ganda +3.2; 😍 +3.7; 10/10 +2.5; 10/10 +2.5; 10/10 +2.5
1610,Product good good good,0.8807,GOOD,,good +2.4; good +2.4; good +2.4
1611,gooddd Product good good,0.8807,GOOD,,gooddd +2.4; good +2.4; good +2.4
1612,"Love this item! Excellent quality, easy to use, looks amazing, and arrived in perfect condition. Truly exceeded my expectations and feels worth every peso.",0.9701,GOOD,,Love +3.0; Excellent quality +3.0; amazing +3.2; perfect +3.0; worth every peso +3.0
1613,good Product parang matibay nman,0.7506,GOOD,,good +2.4; matibay +2.0
1614,The light works well Product Sturdy and strong performance,0.0,NEUTRAL,,
1615,Product goods goods maganda,0.8591,GOOD,,goods +2.0; goods +2.0; maganda +2.5
1616,Nung dumating sa akin ang item sadly di nagana however 5stars pa din ang rate because ang ganda ng service nila sa akin and they didn't hesitate na mag refund sa akin although it takes 4 days sa refund siguro na din sa volume ng customers nila. Napaka bait ng pag assist nila sa akin sa concern ko,0.4854,GOOD,,sadly -0.7; ganda +3.8; refund -2.2; refund -2.2; Napaka bait +3.6
1617,10/10 Nice and beautiful Product Goods no damages,0.9215,GOOD,,Nice +1.8; beautiful +2.9; Goods +2.0; 10/10 +2.5
1618,"okay po yung lights sobrang ganda sa kwarto nakakarelax kala ko nung una sira mali lang pala ang lagay ko ng battery, medyo nakakalito rin",-0.1154,BAD,,okay +1.0; ganda +2.9; sira -2.5; mali -1.8
1619,wort it Product buy now sulit ❤️❤️,0.8885,GOOD,,sulit +2.5; ❤ +2.5; ❤ +2.5
1620,good Product good good,0.8807,GOOD,,good +2.4; good +2.4; good +2.4
1621,music sync excellent Product perfect,0.8481,GOOD,,excellent +3.2; perfect +3.0
1622,"Light effects: nice 16colors good Nice 16colors,w/remote control,d pa na viodeo Kasi busing busy c aki Wala lng load.d pa na apload",0.8111,GOOD,,nice +1.8; good +2.6; Nice +2.0; Wala -1.0
1623,the light work well Product the product is Sturday I love the very much it is very useful to parties or any occassions,0.6124,GOOD,,love +3.0
1624,best Product good good,0.9001,GOOD,,best +3.2; good +2.4; good +2.4
1625,Nice Product Good Nice,0.8545,GOOD,,Nice +1.8; Good +2.6; Nice +2.0
1626,Product good good also good all because the performance is great ty po seller and ride,0.9477,GOOD,,good +2.4; good +2.4; good +2.4; great +3.1; ty +1.2
1627,veryy good Product sooo naysss,0.5267,GOOD,,good +2.4
1628,Light effects: goods maganda sya sa wall,0.7579,GOOD,,goods +2.0; maganda +2.5
1629,Ang cute pero ang ganda ng ibinibigay ng liwanag.. Romantic para sa akin yung effect nya.. Slamat seller and kuya rider,0.7684,GOOD,,cute +0.9; ganda +3.8
1630,The aurora and wave lights create a calming atmosphere.,0.0,NEUTRAL,,
1631,"1/2 KaTropa, Holy Week is a time to reflect and reconnect mapa online man or offline. Siguraduhing may load para kahit saan magpahinga, tuloy",0.0,NEUTRAL,,
1632,good Product good excellent,0.9001,GOOD,,good +2.4; good +2.4; excellent +3.2
1633,super ganda sulit pa 109 pesos kulang n kuwa thankyou bili npo kayu,0.7337,GOOD,,ganda +2.9; sulit +2.8; kulang -1.5
1634,Light effects: worth it ang ganda legittt good,0.9349,GOOD,,worth it +2.8; ganda +2.5; legittt +2.5; good +2.4
1635,Product verygood verygood verygood Thank you seller,0.25,GOOD,,Thank +1.0
1636,na tryan nako pero wako ka video Product okay ra kaau nicee kaau buy rako balik sunod,0.3612,GOOD,,okay +1.5
1637,"Arrived early. Product Good quality, nagustuhan ko po talaga.",0.765,GOOD,,Good quality +2.3; nagustuhan +2.3
1638,Product ok kau maganda ok,0.7579,GOOD,,ok +1.0; maganda +2.5; ok +1.0
1639,"Light effects: verry goodddd, it's my 2nd time ordering projector works well must buy",0.5267,GOOD,,goodddd +2.4
1640,Product good very nice good,0.8851,GOOD,,good +2.4; nice +2.1; good +2.9
1641,Good Product very good excellent,0.9112,GOOD,,Good +2.4; good +2.7; excellent +3.5
1642,10/10 10/10 Product GOOD,0.9029,GOOD,,GOOD +3.1; 10/10 +2.5; 10/10 +2.5
1643,Product Amazing good Kahit maliit siya napaka ganda♥️♥️♥️♥️🫰,0.8885,GOOD,,Amazing +3.2; good +2.4; maliit -1.0; napaka ganda +2.9
1644,nice Product nice Legit sya sobrang ganda promise,0.9263,GOOD,,nice +1.8; nice +2.0; Legit +2.9; ganda +2.9
1645,Excellent good Product good,0.9001,GOOD,,Excellent +3.2; good +2.4; good +2.4
1646,Maraming salamat po seller dahil dito sa na order ko ang dami natin mapapasya salamat din kasi ng request po ako kahit hangang sa 24 kako pero sabi ninyo hinde kaya sabi ni seller pero na surprice ako dahil one day lng nandito na agad kaya super dupper happy sana marami pa customer na mag order sa sa inyo God Bless Merry christmas🌲,0.5267,GOOD,,Maraming salamat +0.8; order +0.5; salamat +0.6; happy -1.0; order +1.5
1647,very much okay great Product very good,0.8841,GOOD,,okay +1.3; great +3.4; good +2.7
1648,Light effects: very nice and perfect i recommend,0.8943,GOOD,,nice +2.1; perfect +3.5; recommend +2.2
1649,good good Product good package not good tapos wlang remote nilagay sana check muna items bago padala sayang d magamit,-0.6945,BAD,,good +1.2; good +1.2; good +1.2; good -0.9; sayang -3.0; magamit -3.5
1650,Product good good good Good,0.9274,GOOD,,good +2.4; good +2.4; good +2.4; Good +2.4
1651,Product Great! good for its price,0.8313,GOOD,,Great +3.1; good +2.4
1652,Product good quality very relaxing,0.5106,GOOD,,good quality +2.3
1653,good Product good Very good quality,0.8857,GOOD,,good +2.4; good +2.4; good quality +2.6
1654,Light effects: good well,0.5267,GOOD,,good +2.4
1655,"Nice, good Product good quality",0.8591,GOOD,,Nice +1.8; good +2.4; good quality +2.3
1656,Product Very good Very good Very good,0.9117,GOOD,,good +2.7; good +3.0; good +3.0
1657,GOOD Product GOOD thankyou poo....,0.8506,GOOD,,GOOD +3.1; GOOD +3.1
1658,good good Product good Good,0.9274,GOOD,,good +2.4; good +2.4; good +2.4; Good +2.4
1659,very good very good Product very good,0.9068,GOOD,,good +2.7; good +3.0; good +2.7
1660,Light effects: create calming atmostphere works well in our room,0.0,NEUTRAL,,
1661,good Product good good Thank u seller,0.9042,GOOD,,good +2.4; good +2.4; good +2.4; Thank +1.0
1662,good good Product good I'd highly suggest rechargeable product although I still find it worth buying,0.9403,GOOD,,good +2.4; good +2.4; good +2.4; worth +2.0; buying +1.5
1663,nice nice Product very good,0.8648,GOOD,,nice +1.8; nice +2.0; good +2.9
1664,good performance highly recommend Product very elegant,0.765,GOOD,,good +2.4; recommend +2.2
1665,so pretty Product good ang gandaaa nya,0.7952,GOOD,,good +2.6; gandaaa +2.5
1666,perfect Bet kaayu maka panindot sa kwarto,0.7783,GOOD,,perfect +3.0; Bet +1.8
1667,Product Good Nice Nice,0.8481,GOOD,,Good +2.4; Nice +1.8; Nice +2.0
1668,Product 10/10 Salamat seller may freebiest pa na tatlong pen💗,0.6908,GOOD,,Salamat +1.2; 10/10 +2.5
1669,good Product good good I hope it last long,0.8807,GOOD,,good +2.4; good +2.4; good +2.4
1670,Product superb excellent awesomeness,0.6369,GOOD,,excellent +3.2
1671,tuwang tuwa ang mga anak ko sa item nato ang ganda niya pag gabi,0.5423,GOOD,,ganda +2.5
1672,excellent excellent Product excellent,0.9274,GOOD,,excellent +3.2; excellent +3.2; excellent +3.2
1673,10/10 Product 10/10 photos are not related thank u seller and i will order again next time.,0.9001,GOOD,,thank +1.0; will order +2.0; 10/10 +2.5; 10/10 +2.5
1674,"Aurora Borealis Projector: Brilliant Sixteen-color LED light. Great for creating a relaxing, dreamy atmosphere. Love the red and green combination.",0.8442,GOOD,,Great +3.1; Love +3.0
1675,good good Product all good Thank you,0.9042,GOOD,,good +2.4; good +2.4; good +2.4; Thank +1.0
1676,working great 👍 Product nice so useful,0.872,GOOD,,great +3.1; 👍 +2.0; nice +1.8
1677,good Product 10 10,0.5267,GOOD,,good +2.4
1678,Light effects: nice very nice Maganda,0.8816,GOOD,,nice +1.8; nice +2.3; Maganda +3.2
1679,Product 10⭐ w/ remote excellent,0.6369,GOOD,,excellent +3.2
1680,It was good and nakakaganda siya ng room,0.5267,GOOD,,good +2.4
1681,"Product 10 10 10 ang ganda ,sakto gagamitin ko sa debut ng pamangkin ko 🥰",0.8519,GOOD,,ganda +2.5; sakto +0.8; 🥰 +3.0
1682,"Touch and hold a clip to pin it. Unpinned clips will be deleted after 1 hour.Tap on a clip to paste it in the text box.Welcome to Gboard clipboard, any text that you copy will be saved here.Use the edit icon to pin, add or delete clips.Welcome to Gboard clipboard, any text that you copy will be saved here.",0.0,NEUTRAL,,
1683,the light works well and provides good effects and the product is sturdy and built to last. thank you so much seller heheheh,0.6597,GOOD,,good +2.4; thank +1.0
1684,ang Ganda Product Ganda nya grabe,0.7906,GOOD,,Ganda +2.5; Ganda +2.5
1685,ok lang naman Product okey din Ok nman Yun lang ang prob Kay medyo tumabinge yung dalang item.. medyo ingatan lang Sana sa pagdating sa shipping..total in all ok naman nagawan lang ng paraan,0.5423,GOOD,,okey +0.5; Ok +0.5; ok +1.5
1686,perpuk to. ginamit ko while working ang peaceful ng paligid.,0.0,NEUTRAL,,
1687,Light effects: Nice Good Sabe sa variation 16 colors pero 7 lang naman nakita ko... well maganda naman kahit papano. Thank you,0.8481,GOOD,,Nice +0.9; Good +1.3; maganda +3.8; Thank +0.2
1688,Product no damage ok no damage Ok nman,-0.357,BAD,,ok -0.7; Ok -0.7
1689,Light effects: makulau symasayaw 👏👏💯💯👌👌✅✅👍👍❤️❤️❤️👍,0.9887,GOOD,,👏 +2.0; 👏 +2.0; 💯 +2.5; 💯 +2.5; ✅ +1.5; ✅ +1.5; 👍 +2.0; 👍 +2.0; ❤ +2.5; ❤ +2.5; ❤ +2.5; 👍 +2.0
1690,Light effects: very mesmerizing its good and controllable,0.5663,GOOD,,good +2.7
1691,"Light effects: the aurora and wave lights gaves an good atmosphere vibes The projector works well as well as the remote control Medjo damage na yung box pero okay pa naman yung product sa loob, gumagana rin yung item",0.7876,GOOD,,good +1.2; okay +1.5; gumagana +2.2
1692,"Product Good Good Good Gumagana naman kaso mali ang napadala instead of Aurora , bubbles po ang dumating pero ok naman po goods na din .hehe",0.899,GOOD,,Good +1.2; Good +1.2; Good +1.2; Gumagana +0.8; mali -0.9; ok +1.5; goods +3.0
1693,ok namam yung item pero sana hindi ganito ang packaging kase akala ko sira na yung item,-0.6428,BAD,,ok +0.5; sira -3.8
1694,Photo and video are not related but it’s very cheap and affordable yet high quality products will purchase it again thanks,0.8702,GOOD,,affordable +3.1; high quality +3.5; thanks +0.3
1695,i like it bcoz before its micro charger but now its type c okay i will come tomorrow to come back and then i’ll can go over and watch it again tomorrow and watch it again so we could watch a video of you and see if we could watch the movie,0.5267,GOOD,,i like +0.9; okay +1.5
1696,💯 Lahat Product 💯 SOAFERRRR GANDAAAAAA 🥰🥰🥰,0.9757,GOOD,,💯 +2.5; 💯 +2.5; GANDAAAAAA +3.2; 🥰 +3.0; 🥰 +3.0; 🥰 +3.0
1697,Product 10 10 10 They said 16 color option why only 7?,0.0,NEUTRAL,,
1698,Light effects: Thanks seller maganda xa nagustuhan ng mga anak ko..kaenjoy lalo na pagnagpapatugtog kmi,0.8402,GOOD,,Thanks +1.2; maganda +2.5; nagustuhan +2.3
1699,Gumana nman well packed. Thank you seller and delivery rider!♥️,0.3164,GOOD,,Thank +1.0
1700,Thank you seller for this product. Godless to you. Nice Quality. Did not disappoint. Will probably order again from this shop.,0.8272,GOOD,,Thank +1.0; Nice Quality +2.0; disappoint +1.7; order +1.0
1701,"Nice and very pretty! I love it! For only 99, you can have this item at free shipping pa! Thank you for this shopee! Thank you seller!",0.8994,GOOD,,Nice +1.8; love +3.0; Thank +1.0; Thank +1.0
1702,Light effects: good gumana siya but sa ibang cords. Ayaw mag function ng cords niya also ang remote. Nakaka disappoint😌,-0.5927,BAD,,good +1.2; Nakaka disappoint -4.0
1703,Product ok ok ok Thank you po,0.7184,GOOD,,ok +1.0; ok +1.0; ok +1.0; Thank +1.0
1704,"Gumana naman siya, maganda kasi ma adjust mo ang color sa light na gusto mo, astig kapag sa kwarto ilagay tapos naka off ang ilaw",0.8689,GOOD,,maganda +2.5; gusto +1.8; astig +2.5
1705,maganda sya hindi po sya na tatry sa bahay since nasa work ako but bago man dumating sinubukan kana agad affordable talaga,0.714,GOOD,,maganda +1.2; affordable +2.7
1706,Light effects: super ganda tuwang tuwa anak ko💖💖💖,0.5927,GOOD,,ganda +2.9
1707,ang gandaaaa! no damage at dumating agad kinabukasan hahaha thank you seller at kay kuya rider!!! ayaw tanggapin ni shopee yung pics ko sa product giatay,0.7696,GOOD,,gandaaaa +2.5; thank +1.0
1708,Saglit lng wla din Tama naman po Yung dumating din tinignan ko po sya sa ibang charger kislpkislap na lng po Yung na ilaw,-0.4098,BAD,,wla -1.0; Tama -0.7
1709,Light effects: okay lang ang build uminit,-0.4215,BAD,,uminit -1.8
1710,Product 10 10 10 I realy love it🥰🥰🥰,0.9517,GOOD,,love +3.0; 🥰 +3.0; 🥰 +3.0; 🥰 +3.0
1711,Light effects: maganda ganda,0.7906,GOOD,,maganda +2.5; ganda +2.5
1712,Light effects: good subrang ganda,0.8047,GOOD,,good +2.4; ganda +2.9
1713,Product ok sana kaso ayw gumana ok ok Product ok sana kaso ayw gumana Ng charger,-0.8402,BAD,,ok -1.0; ayw gumana -1.2; ok +0.5; ok +0.5; ok -1.0; ayw gumana -3.8
1714,10 10 Product 10 ang ganda and may freebies na color hahahaha cute,0.743,GOOD,,ganda +2.5; cute +1.8
1715,photo not related) received parcel complete and in good condition. worth the wait thank you so much seller will order again soon po sa shop ninyo god bless,0.8905,GOOD,,good +2.4; worth +2.0; thank +1.0; will order +2.2
1716,Light effects: goods good Maganda,0.872,GOOD,,goods +2.0; good +2.4; Maganda +2.5
1717,Budots na mga kwaknet! It means thank you. 💖,0.3164,GOOD,,thank +1.0
1718,lyk ng daughter ko legit shop more benta pa godbless,0.5423,GOOD,,legit +2.5
1719,ang Ganda tlga nito. nabura ko n pla ang video sa CP ko gawa nlng Ako ng new vid. iupload ko,0.5423,GOOD,,Ganda +2.5
1720,the lights work will and very nice Product good,0.787,GOOD,,nice +2.1; good +2.9
1721,"good lighting, no damage",0.5267,GOOD,,good +2.4
1722,Estetik na ang kwarto na itu 😍🫶🏻 ganda mga vabe! Pa budol na dn kayo!,0.6229,GOOD,,😍 +3.0; ganda +2.5; budol -3.0
1723,Light effects: May sarili na akong aurora borealis Sooofer gandaaa 💯💯💯💯,0.9552,GOOD,,gandaaa +2.5; 💯 +2.5; 💯 +2.5; 💯 +2.5; 💯 +2.5
1724,Light effects: Ang ganda niya sa room or kahit San pwedi den pang party 🤩😍,0.8176,GOOD,,ganda +2.5; 😍 +3.0
1725,Very good looks like your in space 🌌🌌🌌10/10 good quality,0.8883,GOOD,,good +2.7; good quality +2.3; 10/10 +2.5
1726,So nice in the nigth 🌆 Product 💯,0.7579,GOOD,,nice +2.0; 💯 +2.5
1727,Product Good Good Good Para kang nasa disco hehe!!,0.8953,GOOD,,Good +2.4; Good +2.4; Good +2.4
1728,"maganda sya, lowest price sa market",0.5423,GOOD,,maganda +2.5
1729,Light effects: 8 / 10 8 / 10,0.7906,GOOD,,8 / 10 +2.5; 8 / 10 +2.5
1730,Product grabe ganda po legit po cya salamat,0.8738,GOOD,,ganda +2.9; legit +2.9; salamat +1.2
1731,Light effects: Verygood it works well will buy again,0.0,NEUTRAL,,
1732,Mga malalaking item Hindi ko na received di pa na refund ang mahal ng shipping fee,-0.5719,BAD,,refund -1.5; mahal -1.2
1733,"Product 10/10 light 10/10 Thankyou po! It's working di lang nagana ung cord, triny ko nalang sa charger ko",0.807,GOOD,,10/10 +2.5; 10/10 +2.5
1734,One of the best purchase ever in 2025 mura pero sulit sana mag tagal,-0.2263,BAD,,best +1.6; mura +0.8; sulit -1.0; tagal -2.2
1735,Nice the color is so vibrant...,0.4215,GOOD,,Nice +1.8
1736,10 Product 10 Thank you po seller and rider,0.25,GOOD,,Thank +1.0
1737,big thumbs up. nice items at super legit. thankyou seller at shoppee,0.7684,GOOD,,nice +1.8; legit +2.9
1738,"Ang ganda ng effects nya. Nakaka relax. Affordable din sya and mabilis dumating yung order. Okay naman din packaging. Di lang nagana remote, wala yata battery. Pero overall, satisfying naman",0.8779,GOOD,,ganda +2.5; Affordable +1.8; mabilis +1.8; order +1.0; Okay +1.0; wala -1.0
1739,"Welcome to Gboard clipboard, any text you copy will be saved here.Tap on a clip to paste it in the text box.Use the edit icon to pin, add or delete clips.Touch and hold a clip to pin it. Unpinned clips will be deleted after 1 hour.",0.0,NEUTRAL,,
1740,Ok nmn. Ang ganda. Sorry late na ko na review pero worth it namn ung product Willnorder again pag magkapera ulit,0.8945,GOOD,,Ok +0.5; ganda +1.2; late -0.8; worth it +4.2; ulit +2.5
1741,"super nice ng quality, super mura rin",0.7184,GOOD,,nice +2.1; mura +1.9
1742,"Pangalawang order ko na ito, 6 yung una ko inorder pang exchange gift ng bunso ko sa something colorful. Thank u seller.",0.4588,GOOD,,order +1.0; Thank +1.0
1743,Light effects: good verry nice,0.7351,GOOD,,good +2.4; nice +1.8
1744,"Light effects: good, has many colors its covers like half of the room has no sound, or audio or anything..or just doesn’t know how to operate",0.0,NEUTRAL,,good +2.4; no sound -2.4
1745,Light effects: goods it works well,0.4588,GOOD,,goods +2.0
1746,Ang cute ng item na to parang my disco kc pang sayawan ang dating pero maganda naman sya.thank you sellerand rider.,0.7845,GOOD,,cute +0.9; maganda +3.8; thank +0.2
1747,100 Product 100 100 ang ganda 😍,0.8176,GOOD,,ganda +2.5; 😍 +3.0
1748,Perfect for streamer yung light hehe,0.6124,GOOD,,Perfect +3.0
1749,good 16 colors Good,0.7783,GOOD,,good +2.4; Good +2.4
1750,Thank u Seller Masayang masaya ang kids ko sa kwarto nila.❤️,0.8402,GOOD,,Thank +1.0; masaya +2.5; ❤ +2.5
1751,Good day. i received the items complete and without any damages. Thank you and God bless po. (Photos or Videos maybe not related),0.6597,GOOD,,Good +2.4; Thank +1.0
1752,gandaa Product Ganda quality,0.5423,GOOD,,Ganda +2.5
1753,Light effects: magwnda good ayos,0.7351,GOOD,,good +2.4; ayos +1.8
1754,Light effects: 10/10 10/10,0.7906,GOOD,,10/10 +2.5; 10/10 +2.5
1755,Light effects: disco lights ok Alright,0.25,GOOD,,ok +1.0
1756,Product good verygood,0.5267,GOOD,,good +2.4
1757,okay Product okay okay,0.6124,GOOD,,okay +1.0; okay +1.0; okay +1.0
1758,good Product good,0.7783,GOOD,,good +2.4; good +2.4
1759,the light works well,0.0,NEUTRAL,,
1760,"Nice , perfect sa kwarto, thank you so much seller more sales 🥰🥰 napa wow sila sa ganda para bang may descohan sa bahay HAHAHHA",0.9735,GOOD,,Nice +1.8; perfect +3.0; thank +1.0; 🥰 +3.0; 🥰 +3.0; wow +2.2; ganda +2.5
1761,"Ang ganda nya, nagustuhan ng mga anak ko..thanks sa sho0 na ito",0.8402,GOOD,,ganda +2.5; nagustuhan +2.3; thanks +1.2
1762,Light effects: ganda nya,0.5423,GOOD,,ganda +2.5
1763,Works so greattt!! Took a ling time to deliver but its worth it and affordable!! Thank uuu,0.9321,GOOD,,greattt +1.6; worth it +4.2; affordable +2.7; Thank +0.2
1764,Product good very elegant,0.5267,GOOD,,good +2.4
1765,Product good Oky Yung led lights good sya thanks seller thank you dn sa rider ko,0.875,GOOD,,good +2.4; good +2.4; thanks +1.2; thank +1.0
1766,Product amazing,0.6369,GOOD,,amazing +3.2
1767,Maganda siya to gamit ng anak ko every night sa kwarto niya and ganyan kinakalabsan tapos 100 pesos ko lang Ito n uli kaya swak,0.7579,GOOD,,Maganda +2.5; swak +2.0
1768,9 Product 9 9 Maraming salamat sa seller at rider..mabilis ang delivery at well packed nmn ang item...sulit na sulit maganda sa Gabi💯,0.9485,GOOD,,Maraming salamat +1.6; mabilis +1.8; sulit na sulit +3.2; maganda +2.5; 💯 +2.5
1769,"The light works well, as said on the description it has many colors Product The product is sturdy but the charging port is a little bit loose.",0.0,NEUTRAL,,
1770,Ok xa.. maganda pang ilaw sa speaker,0.6705,GOOD,,Ok +1.0; maganda +2.5
1771,"Big-time Manhattan corporate lawyer Harvey Specter and his team, which includes Donna Paulsen, Louis Litt, and Alex Williams, are launched into a play for power when a new partner joins the firm. With his two best associates gone and Jessica back in Chicago, Specter and the team try to adjust to a new normal without them. The team faces down betrayals, fiery relationships, and secrets that eventually come to light. Old and new rivalries surface among members of the team as they learn to deal with their new member.",0.6369,GOOD,,best +3.2
1772,Light effects: ganda,0.5423,GOOD,,ganda +2.5
1773,para syang water effect hehe .. ang bilis 1 day lang nasakin agad hehe thanks seller ang rider 🫰🏻🫰🏻,0.6124,GOOD,,bilis +1.8; thanks +1.2
1774,Product food good,0.5267,GOOD,,good +2.4
1775,Light effects: Nkakahilo wla ka sing control OK na din. Pro dpat my control na pwd steady lng ang light pra d nkakahilo,0.186,GOOD,,wla -1.0; OK +1.7
1776,"Ang ganda nya, this lights create a calming atmosphere in myself",0.5423,GOOD,,ganda +2.5
1777,perfect Product good,0.8126,GOOD,,perfect +3.0; good +2.4
1778,magandaaa syaaa sobraaa uulit ako para sa kwarto naman,0.5423,GOOD,,magandaaa +2.5
1779,Maganda sulti sa presyung abut kaya.🥰,0.8176,GOOD,,Maganda +2.5; 🥰 +3.0
1780,Light effects: Ang ganda,0.5423,GOOD,,ganda +2.5
1781,sufer ganda,0.5423,GOOD,,ganda +2.5
1782,k ok lang pero sira yung lagayan at na tanggal yung takip sa i babaw ng lights,-0.6956,BAD,,sira -3.8
1783,"I Love it so much,thank you seller 100% what u see is what u get 🩷",0.7184,GOOD,,Love +3.0; thank +1.0
1784,LEGIT what you see is what you get until next Transact po God Bless... 🙏🙏🙏 Happy Buyer here....,0.8868,GOOD,,LEGIT +3.2; 🙏 +0.5; 🙏 +0.5; 🙏 +0.5; Happy +2.7
1785,Okay Naman MAGANDA pero parang di gumagana yung remote nay battery Nama,-0.3256,BAD,,Okay +0.5; MAGANDA +1.6; di gumagana -3.5
1786,Light effects: magnda siya good naman siya,0.7845,GOOD,,magnda +2.5; good +2.4
1787,Maganda nmn kaso nga lang hnd gumagana yung remote nya😶,-0.5423,BAD,,Maganda +1.2; hnd gumagana -3.8
1788,"Nindot kaayu as in og ang light nindot kaayu og mo tan-aw ka maka ingon kag "" asa ko ga kuwang”",0.0,NEUTRAL,,
1789,Ang ganda talaga. Pang lagay sa kwarto .Wala Akong masabi super good sya?!,0.5848,GOOD,,ganda +2.5
1790,Product wala quqlity kc d nagana sayang ang pera😡😡😡,-0.9104,BAD,,wala -1.0; sayang +1.5; 😡 -3.0; 😡 -3.0; 😡 -3.0
1791,What you is what you get at sa seller sana sa susunod I bubble wrap nyu kasi yupi na pagdating sakin 😌,-0.3612,BAD,,yupi -1.5
1792,fair fair Product fair Fair,0.0,NEUTRAL,,
1793,Light effects: I ordered for another item and I received an ordinary light? Where is your conscience? This is supposed to be a gift to my nephew.... I ordered for another item and I received an ordinary light? Where is your conscience? This is supposed to be a gift to my nephew....,0.0,NEUTRAL,,
1794,"NARECEIVE KO PO NG MAAYOS, THNK U",0.4588,GOOD,,MAAYOS +2.0
1795,Cute sya. Iba iba ang kulay. Naka on sya 24 hours.. Ok naman. May konteng tunog nga lang sya.. Sana tumagal.,0.5859,GOOD,,Cute +1.8; Ok +1.0
1796,9/10 light Product 9/10 Its fine the charger just don't fit and there's no sound,0.0772,GOOD,,fit -2.3; no sound -2.4; 9/10 +2.5; 9/10 +2.5
1797,wowowo light yes wow,0.4939,GOOD,,wow +2.2
1798,10 10 Product 10,0.0,NEUTRAL,,
1799,Light effects: nice Nuce,0.7003,GOOD,,nice +1.8; Nuce +2.0
1800,colorful Product ok sana kaso wla naman sya music ilan beses ko tinry un led remote nia at namamatay agad medyo mura kya expected na d pangmatagalan dhil wla music pero nakalagay may music sya😔😔,-0.481,BAD,,ok -1.0; wla -1.5; mura +1.9; wla -1.5
1801,"I like it, it’s really good for the price.",0.7543,GOOD,,I like +1.8; good +2.6
1802,Product good Ayos,0.7351,GOOD,,good +2.4; Ayos +1.8
1803,Light effects: maganda,0.5423,GOOD,,maganda +2.5
1804,Maganda namn sya po at mabait sng rider po salamat order po ako sa uulitin,0.872,GOOD,,Maganda +2.5; mabait +2.2; salamat +1.2; order +1.0
1805,Product Okay naman sya pero may ingay lang if inu-on yung flash,0.25,GOOD,,Okay +1.0
1806,Super nice and relaxing..,0.4854,GOOD,,nice +2.1
1807,very good Product beautifull nice,0.7572,GOOD,,good +2.7; nice +1.8
1808,Light effects: good,0.5267,GOOD,,good +2.4
1809,Best purchase here in shoppe. Love it,0.8481,GOOD,,Best +3.2; Love +3.0
1810,Maganda po maliit lang sya wlang damages at kumpleto may ksmang remote at usb wire type c. Tnx po sa shop sa shopee at sa jnt. God bless po.,0.5719,GOOD,,Maganda +2.5; maliit -1.0; Tnx +1.2
1811,Worth it🫶🏻 ito yong literal na hindi lahat ng maganda mahal,-0.0644,BAD,,Worth it +2.8; maganda -1.9; mahal -1.2
1812,fine Product fkne fine 1. Do students feel that parental expectations limit their consideration of their decision making 2. How does the parents expectations influence the students in their decision-making? 3. Do students experience inner conflict between personal aspirations and parental expectations. 4. How does Students pursue careers that don't align with their passions misaligned interests,0.0,NEUTRAL,,
1813,Thank you po for this beautiful product😍,0.8658,GOOD,,Thank +1.0; beautiful +2.7; 😍 +3.0
1814,"Sobrang ganda nito huhuuu!!,sobrang nakakakalma sya tignan thank you so much sellerrrr😝😝😝",0.7531,GOOD,,ganda +2.9; thank +1.0
1815,Product 10 10 10,0.0,NEUTRAL,,
1816,ok nman maganda,0.6705,GOOD,,ok +1.0; maganda +2.5
1817,Good.maganda gumana lahat ng kulay,0.7845,GOOD,,Good +2.4; maganda +2.5
1818,Ang ganda nya sa room ko!!,0.6229,GOOD,,ganda +2.5
1819,Sobrang nagustuhan namin ng Mr. ko kaya thank you seller and rider☺️😘,0.6858,GOOD,,nagustuhan +2.6; thank +1.0
1820,Ang ganda ng quality😘,0.5423,GOOD,,ganda +2.5
1821,Sira ang na tanggap ko tapos nag request ako nang refund pina cancel po nila 😭,-0.8176,BAD,,Sira -2.5; refund -1.5; 😭 -1.5
1822,Light effects: okay okay Okay lang,0.4588,GOOD,,okay +1.0; okay +1.0
1823,"nakuha kuna Yung order, at subrang bilin 🥹 thankyou po subrang ganda",0.705,GOOD,,order +1.0; ganda +2.9
1824,maganda at ok siya dumating,0.6705,GOOD,,maganda +2.5; ok +1.0
1825,Grabe I didn’t expect na sa murang halaga napakaganda,0.5994,GOOD,,napakaganda +2.9
1826,Lupit hahaha may freebie akong dalawang pedal ng kotse 🥹😂,0.0,NEUTRAL,,
1827,Secured at walang damage.more TNX shopee and seller,0.4466,GOOD,,TNX +1.9
1828,changing lights Parcel arrived in good condition as it was packaged well. Remote isn't working 😕 but I love the lights and it would have been better if it's rechargeable,0.7615,GOOD,,good +1.2; working -1.1; love +4.5
1829,Working great 😊🙏🌹,0.8225,GOOD,,great +3.1; 😊 +2.0; 🙏 +0.5
1830,10 Product 10 10,0.0,NEUTRAL,,
1831,very good,0.5705,GOOD,,good +2.7
1832,niceee Magandaaaa sya! ☺,0.7777,GOOD,,niceee +1.8; Magandaaaa +2.7
1833,maganda thank you😊,0.8176,GOOD,,maganda +2.5; thank +1.0; 😊 +2.0
1834,Maganda po sya,0.5423,GOOD,,Maganda +2.5
1835,SAYANG PERA!! DI GUMAGANA!! NAG NOTES PA AKO NA PKI CHECK ANG ITEM KUNG GUMAGANA BAGO MAIPADALA! Basta mkapag benta nalang! Di nmn mairefund dhil ang dme pang chechebureche na kailangan fill upan! Pano kung wala kang Id na hinihingi nila edi thank you na yung item na sira!! Wala sa ayos!!,-0.9386,BAD,,SAYANG PERA -3.5; DI GUMAGANA -3.2; GUMAGANA +2.2; wala -1.0; thank +1.0; sira -2.5; Wala -1.0; ayos -1.3
1836,Product ok naman ok naman pero medyo maliit,-0.0323,NEUTRAL,,ok +0.5; ok +0.5; maliit -1.1
1837,Product 5/10 Hindi gumagana ang remote,-0.5423,BAD,,Hindi gumagana -2.5
1838,Nice naman kaso mali dumating na order. Ung isang type po yung na add to cart ko. But still thanks. ✨ maganda,0.7615,GOOD,,Nice +0.9; mali -0.9; order +0.5; thanks +0.3; maganda +3.8
1839,Product 10/10,0.5423,GOOD,,10/10 +2.5
1840,Maganda 💗,0.5423,GOOD,,Maganda +2.5
1841,can i request for refund?pagbukas ko sira yung cord niya kailinit,-0.6757,BAD,,refund -1.1; sira -2.5
1842,order na kayo ang ganda sa room,0.6705,GOOD,,order +1.0; ganda +2.5
1843,Super worth it,0.631,GOOD,,worth it +3.1
1844,nice,0.4215,GOOD,,nice +1.8
1845,Product 1💯 💯,0.7906,GOOD,,💯 +2.5; 💯 +2.5
1846,Ganda po,0.5423,GOOD,,Ganda +2.5
1847,super ganda,0.5927,GOOD,,ganda +2.9
1848,Light effects: its good very beautiful it works well Its good overall but somehow the plug in is kind of loose,0.8954,GOOD,,good +2.4; beautiful +3.0; good +2.4
1849,Wala naman sound🤣pero naka lagay sa box May music wala naman🤣,-0.4588,BAD,,Wala -0.5; wala -1.5
1850,Very quality at ang mura nya😌,0.3612,GOOD,,mura +1.5
1851,super ganda talaga,0.5927,GOOD,,ganda +2.9
1852,Light effects: after 5 days it keeps blinking to different colors even though I only pressed 1 color after 5 days of use this started happening I thought it was just a bug but it got worse,0.0,NEUTRAL,,
1853,"The product arrived okay but when I tried to open it it didn't work, I tried different chargers and nothing really worked, but my first order worked okay.",0.5187,GOOD,,okay +0.5; work -1.1; order +1.5; okay +1.5
1854,Product ok namanc good 100% bakit ganun di gumagana yung remote,0.2263,GOOD,,ok +1.0; good +2.4; di gumagana -2.5
1855,Light effects: cute,0.4215,GOOD,,cute +1.8
1856,maganda sya but wala ba talagang sounds un? atsaka i tot nag oon lang sya withouth charging it but anyways nicee namn sya,-0.2617,BAD,,wala -1.1
1857,Maganda sya 👍,0.7579,GOOD,,Maganda +2.5; 👍 +2.0
1858,ang ganda nya 🥰,0.8176,GOOD,,ganda +2.5; 🥰 +3.0
1859,Working. Thank you!,0.3164,GOOD,,Thank +1.0
1860,Product Good,0.5267,GOOD,,Good +2.4
1861,Ganda tnx seller,0.6908,GOOD,,Ganda +2.5; tnx +1.2
1862,Okilg,0.0,NEUTRAL,,
1863,nakaka disappoint bukod sa Hindi maganda pagkaka repack e wala din siyang remote paano ako makaka pili ng kulay na gusto ko eh walang remote nakasama kaya NGA Dito Ako nag order Kasi Nakita ko sa mga review okay namann pero pag dating Sakin Hindi okay,-0.4088,BAD,,nakaka disappoint -1.4; maganda -0.9; wala -0.5; gusto ko +1.1; order +0.5; okay +0.5; okay -1.1
1864,Thanks a lot seller,0.296,GOOD,,Thanks +1.2
1865,very kyotsiee nabili ko sya 85pesos lang🤍✨,0.0,NEUTRAL,,
1866,Nicee,0.0,NEUTRAL,,
1867,i lovee itt,0.0,NEUTRAL,,
1868,Goods item🫶🏼,0.4588,GOOD,,Goods +2.0
1869,not good Product not bad subrang nakapanghinayang Ang ginastos ko pero di korin Pala magamit Kasi sira😩,-0.8797,BAD,,good -0.9; bad +0.9; magamit -3.5; sira -3.8
1870,Good 💯 percent,0.7845,GOOD,,Good +2.4; 💯 +2.5
1871,Good 💯 nkakalibang mga ilaw,0.7845,GOOD,,Good +2.4; 💯 +2.5
1872,Thank u seller ang gandaaaaa,0.6705,GOOD,,Thank +1.0; gandaaaaa +2.5
1873,good none Product normal I got my order late but its working and with no deffect and damage good buy i hope it lasts long thank you,0.7783,GOOD,,good +1.2; order +0.5; late -0.8; good +3.6; thank +0.2
1874,I love it. Thank you. 🫶,0.7184,GOOD,,love +3.0; Thank +1.0
1875,Great 👏,0.7964,GOOD,,Great +3.1; 👏 +2.0
1876,Thank you love it,0.7184,GOOD,,Thank +1.0; love +3.0
1877,Super gandaaaaa,0.5927,GOOD,,gandaaaaa +2.9
1878,Worth it to buy this item! 😊❤️✨,0.8908,GOOD,,Worth it +2.8; 😊 +2.0; ❤ +2.5
1879,Ang ganda nya super solid,0.7992,GOOD,,ganda +2.5; solid +2.6
1880,so cute,0.4588,GOOD,,cute +2.0
1881,I like it do much ❤️,0.743,GOOD,,I like +1.8; ❤ +2.5
1882,Sana tumagal oks naman sya maganda,0.8047,GOOD,,oks +1.5; maganda +3.8
1883,Product good Good,0.7783,GOOD,,good +2.4; Good +2.4
1884,I like it,0.4215,GOOD,,I like +1.8
1885,Product ok ok Di rechargeable,0.4588,GOOD,,ok +1.0; ok +1.0
1886,Good product,0.5267,GOOD,,Good +2.4
1887,Light effects: medyo mahina build quality ay parang di tatagal,0.0,NEUTRAL,,
1888,nice product,0.4215,GOOD,,nice +1.8
1889,Good super nagustuhan ko,0.7935,GOOD,,Good +2.4; nagustuhan +2.6
1890,"Wow, so beautiful",0.7964,GOOD,,Wow +2.2; beautiful +2.9
1891,Subrang nice nya mga sis,0.4854,GOOD,,nice +2.1
1892,Maganda..hnd ko lng na vid.. sana tumagal,0.5423,GOOD,,Maganda +2.5
1893,"ayaw gumana un remote mahina pala battery,Buti may extra battery Ako",-0.5423,BAD,,ayaw gumana -2.5
1894,Light effects: panget panget ng item basag basag at sira sira,-0.969,BAD,,panget -2.8; panget -2.8; basag -2.3; basag -2.3; sira -2.5; sira -2.5
1895,Gagi legit maganda sya nakakarelax ang sarap sa eyes tignan,0.8885,GOOD,,legit +2.5; maganda +2.5; sarap +2.5
1896,Nag tik sya maingay:kaya isang ilaw lang ginamit namin.Dapat chinicheck muna ni seller bago ipadala..,-0.296,BAD,,maingay -1.2
1897,sofer pretty,0.0,NEUTRAL,,
1898,May basag cia ng dumating peeo okay nmn xia gumagana,0.0516,GOOD,,basag -2.3; okay +1.0; gumagana +1.5
1899,sobrang ganda,0.5927,GOOD,,ganda +2.9
1900,Solid naman thankyou seller,0.5106,GOOD,,Solid +2.3
1901,goods,0.4588,GOOD,,goods +2.0
1902,Excellent I like this items,0.7906,GOOD,,Excellent +3.2; I like +1.8
1903,gandits,0.0,NEUTRAL,,
1904,Very nice 👍,0.7626,GOOD,,nice +2.1; 👍 +2.5
1905,"Do not waste your money on this shop, I ordered 2pcs and they only sent 1pcs (thank goodness the 1 item is working but still I feel like I wasted my money) They said they will refund the rest? But they never did so that's very disappointing.",-0.8436,BAD,,wasted -0.8; refund -0.5; disappointing -4.8
1906,Very nice,0.4749,GOOD,,nice +2.1
1907,wow,0.4939,GOOD,,wow +2.2
1908,cute! i love ittt so prettyyyy,0.7959,GOOD,,cute +1.8; love +3.0
1909,Ok sya hahaha,0.25,GOOD,,Ok +1.0
1910,angganda thank u seller!,0.6996,GOOD,,angganda +2.5; thank +1.0
1911,super ganda😭,0.2541,GOOD,,ganda +2.9; 😭 -1.8
1912,negative Product not working not working Testing nyo muna bago nyo ideliver sayang pera,-0.9001,BAD,,not working -2.6; not working -2.6; sayang pera -2.8
1913,gumagana lang kapag nakacharge di rin gumagana ang music,0.1002,GOOD,,gumagana +1.5; gumagana -1.1
1914,Gooood,0.0,NEUTRAL,,
1915,Ok,0.25,GOOD,,Ok +1.0
1916,"nakakahilo pala, hindi man nagana ung remote.. Ayaw ng music",0.0,NEUTRAL,,
1917,Product Good Sad to say ang charger dili functionable.,0.25,GOOD,,Good +2.4; Sad -1.4
1918,"Maganda naman gumagana, kaso yung remote lamg ayaw gumana",-0.4118,BAD,,Maganda +1.2; gumagana +0.8; ayaw gumana -3.8
1919,"Malakas po yung ilaw nya kaso nung dumating, sira po ata yung remote nung tinesting so di po mapalitan yung ilaw sakin.",-0.6956,BAD,,sira -3.8
1920,di pa na try. brownout pa dahil sa bagyo will edit review once tried,0.0,NEUTRAL,,
1921,Good for its price,0.5267,GOOD,,Good +2.4
1922,Nice for Christmas s,0.4215,GOOD,,Nice +1.8
1923,so nice the product.,0.4588,GOOD,,nice +2.0
1924,"okay Naman item, Sana magtagal to♥️",0.25,GOOD,,okay +1.0
1925,"soaferrr gandaaa, pasabog",0.7906,GOOD,,gandaaa +2.5; pasabog +2.5
1926,"Maganda sya kaso ngalang taas ng presyo nasa 359 lang naman anlala,",0.5423,GOOD,,Maganda +2.5
1927,Product ok lng gumagana nman pero wag mo.lng ranggalin sa chager😝🤪😜,0.3612,GOOD,,gumagana +1.5
1928,0/10 0/10 Product 0/10 Basag yung remote walang kwenta,-0.9584,BAD,,Basag -2.3; walang kwenta -3.2; 0/10 -2.5; 0/10 -2.5; 0/10 -2.5
1929,"0 0 Not working, ayaw umilaw as in",-0.5574,BAD,,Not working -2.6
1930,"order received,thank you po",0.4588,GOOD,,order +1.0; thank +1.0
1931,Ganda po rhanks,0.5423,GOOD,,Ganda +2.5
1932,"Product Wala pa po isang araw, ayaw na gumana 😕",-0.6486,BAD,,Wala -1.0; gumana -2.3
1933,The battery is not working!! Didn't double check it before ship out. Wasted of money!,-0.8306,BAD,,not working -2.6; Wasted -2.3
1934,so small Product the remote is not useful ok lang,0.0,NEUTRAL,,
1935,Nice 🙂 it gives northern lights vibes...,0.4215,GOOD,,Nice +1.8
1936,Product 1/10 damage ayw umilaw.,-0.5423,BAD,,1/10 -2.5
1937,"Working naman po, baon ko to sa barko tyyy",0.296,GOOD,,tyyy +1.2
1938,Light effects: 10/10 10/10 Defective USH cable,0.4939,GOOD,,Defective -2.8; 10/10 +2.5; 10/10 +2.5
1939,Gumagana naman siya ..nice,0.6486,GOOD,,Gumagana +1.5; nice +1.8
1940,Noong una sira ngayon okay na,-0.3612,BAD,,sira -2.5; okay +1.0
1941,mahina yung light idk why pero sayang maganda pa naman sana,-0.8402,BAD,,sayang -3.0; maganda -3.0
1942,bad Product low quality bigla nalang umuusok at hindi nagana yung remote,-0.7906,BAD,,bad -2.5; low quality -2.5
1943,Ang gaganda,0.5106,GOOD,,gaganda +2.3
1944,"Akala ko scam hndi pala, Ang ganda niya super!",-0.3164,BAD,,scam -3.5; ganda +2.5
1945,Maganda siyaa yeyy,0.5423,GOOD,,Maganda +2.5
1946,matagal sya pero good ang ganda,0.8674,GOOD,,matagal -0.6; good +3.6; ganda +3.8
1947,Sana magtagal,0.0,NEUTRAL,,
1948,maganda sya sa kwarto,0.5423,GOOD,,maganda +2.5
1949,Nice xa nagustuhan ng anak ko,0.7423,GOOD,,Nice +1.8; nagustuhan +2.5
1950,Ganda,0.5423,GOOD,,Ganda +2.5
1951,SUBRANG GANDAAAAAAAAAAAAAAAAA,0.5927,GOOD,,GANDAAAAAAAAAAAAAAAAA +2.9
1952,Super nice💗✨️,0.4854,GOOD,,nice +2.1
1953,Liget super,0.0,NEUTRAL,,
1954,All goods naman,0.4588,GOOD,,goods +2.0
1955,hindi kupa na try,0.0,NEUTRAL,,
1956,super legit,0.5927,GOOD,,legit +2.9
1957,Gumagana po sya I like it thank you seller. 😊😊,0.9062,GOOD,,Gumagana +1.5; I like +1.8; thank +1.0; 😊 +2.0; 😊 +2.0
1958,It is not what its showing on vudeo or pictures. It is extremely small it is about the size tennis ball and remote comes withbit now working and only way youll have a giid reflectjon if you placed in the middle of the room on table ir coffee table,0.0,NEUTRAL,,
1959,Wow ang ganda liget to MGA par,0.7717,GOOD,,Wow +2.2; ganda +2.5
1960,Thank u seller...super ganda😘😘,0.705,GOOD,,Thank +1.0; ganda +2.9
1961,Ok maganda xa,0.6705,GOOD,,Ok +1.0; maganda +2.5
1962,Nice tnx po,0.6369,GOOD,,Nice +1.8; tnx +1.4
1963,Angggf gandaa thankyouuu seller 🫶,0.0,NEUTRAL,,
1964,Maliit sya,-0.25,BAD,,Maliit -1.0
1965,Perfect,0.6124,GOOD,,Perfect +3.0
1966,"What u see, what u get",0.0,NEUTRAL,,
1967,gud,0.5267,GOOD,,gud +2.4
1968,space saver cute,0.4215,GOOD,,cute +1.8
1969,sobrang ganda poh😍😍gus2ng gus2 ko😍😍,0.9689,GOOD,,ganda +2.9; 😍 +3.3; 😍 +3.0; 😍 +3.0; 😍 +3.0
1970,We love it,0.6124,GOOD,,love +3.0
1971,Gondoooooooo 😍,0.6124,GOOD,,😍 +3.0
1972,Goods nmn,0.4588,GOOD,,Goods +2.0
1973,Received,0.0,NEUTRAL,,
1974,ang cute,0.4215,GOOD,,cute +1.8
1975,IT'S GOODDDD,0.5267,GOOD,,GOODDDD +2.4
1976,Goof,0.0,NEUTRAL,,
1977,Thank you so much po seller,0.25,GOOD,,Thank +1.0
1978,Goddd,0.0,NEUTRAL,,
1979,Thank. You seller,0.25,GOOD,,Thank +1.0
1980,Thank you seller,0.25,GOOD,,Thank +1.0
1981,Thank you,0.25,GOOD,,Thank +1.0
1982,Thank you❤️❤️❤️❤️❤️,0.9612,GOOD,,Thank +1.0; ❤ +2.5; ❤ +2.5; ❤ +2.5; ❤ +2.5; ❤ +2.5
1983,okay naman,0.25,GOOD,,okay +1.0
1984,ugly,0.0,NEUTRAL,,
1985,Napaka tamad nung rider mag hatid. Need mo pa puntahan para makuha Yung parcel!!,0.0,NEUTRAL,,
1986,Hindi magamit kasi sira ang pinadala nyo,-0.7783,BAD,,magamit -2.3; sira -2.5
1987,"Maliit lang cya di pwdeng pang maliit na sala, pwde sa maliit na kwarto",-0.6124,BAD,,Maliit -1.0; maliit -1.0; maliit -1.0
1988,Yong isa I order ko pero Ng dumating yong pang dicso,0.25,GOOD,,order +1.0
1989,the packaging is bad. i was supposed to give this as a gift.,-0.5423,BAD,,bad -2.5
1990,"Our order wasn't functioning,it's a bet sad though cause even in just one day we didn't even try to experience the beauty of the product because it's not functioning,and my brother were also upset because t they were so excited that time but their happiness faded when the time they knew that it's not functioning.",0.34,GOOD,,order +1.0; bet +1.8; sad -1.4
1991,Haven't tried it yet but the packaging is bad and the plastic cover from the light keeps moving. It's always out of place.,-0.6956,BAD,,bad -3.8
1992,"Light effects: I’m really happy with this Aurora Projection Light! The light effects are beautiful and create a relaxing, colorful atmosphere in the room. The different projection patterns make the space look more cozy and aesthetic, especially at night. The performance is also good for its size. The lights are bright enough to fill the room without being too harsh, and the USB power makes it convenient to use with a power bank, adapter, or other USB source. It’s easy to set up and use, and the multifunctional design is a nice bonus.",0.9342,GOOD,,happy +3.0; beautiful +2.7; good +2.4; nice +1.8
1993,"Light effects: Only one kind Good but it can be better I spoke with the Seller before i ordered the item,i asked if there were stars design,sadly Seller said there was,ipon arriving i checked and my 5 year old Grandson was very excited,kinda dissapointed that there were NO star deaign on the projector. I really wanted to return it but my Grandson said it’ll do,so i have to keep it.",-0.8796,BAD,,Good +1.2; sadly -2.1; dissapointed -3.7; return -2.6
1994,I finally got the package! Salamat! Thank you so much. Satisfied customer here. Will order again in the future. Thank you again and More power to your shop! 💗,0.9057,GOOD,,Salamat +1.2; Thank +1.0; Satisfied +2.2; Will order +2.0; Thank +1.0
1995,Light effects: Maganda good nakaka relax omorder ako ulit,0.8625,GOOD,,Maganda +2.5; good +2.4; ulit +1.7
1996,Light effects: The aurora and wave lights create a calming atmosphere. The projector works well with,0.0,NEUTRAL,,
1997,Light effects: nakakahappy ang effect nya it works well. very satisfied Thank you for this. Seller ang happy ng mga anak ko. Pagdating sinubukan agad and working cya. Madami cyang colors,0.8579,GOOD,,satisfied +2.5; Thank +1.3; happy +2.7
1998,Dumating na maganda naman siya pero kailangan lang talaga madilim para Makita yong design ng ilaw,0.5423,GOOD,,maganda +2.5
1999,"Light effects: Create a picture taken with a Polaroid camera. The photo should be clear and realistic, with no obvious subjects or props. The photo should have a slight blur effect and a consistent light source, such as a flash in a dark room, spread throughout the photo. Don't change the faces, change the striped curtains to white ones, and let the two people pose affectionately and playfully. No realistic shading, no detailed rendering, no anime or manga style, no 3D modeling, no photographic textures.'",0.0,NEUTRAL,,
2000,Light effects: the aurora effect makes me calm the projector work very well Ang Ganda nakaka relax ung aurora effects nya😍😍😍,0.9498,GOOD,,Ganda +2.8; 😍 +3.0; 😍 +3.0; 😍 +3.0
